solid OpenSCAD_Model
  facet normal -1 0 0
    outer loop
      vertex 6 5.6 7.090000000000002
      vertex 6 5.20952380952381 7.500000000000001
      vertex 6 5.6 7.100000000000001
    endloop
  endfacet
  facet normal -1 0 0
    outer loop
      vertex 6 5.6 7.100000000000001
      vertex 6 5.219047619047619 7.500000000000001
      vertex 6 5.980952380952382 7.100000000000001
    endloop
  endfacet
  facet normal -1 0 0
    outer loop
      vertex 6 6 7.090000000000002
      vertex 6 5.980952380952382 7.100000000000001
      vertex 6 6 7.510000000000002
    endloop
  endfacet
  facet normal -1 0 0
    outer loop
      vertex 6 5.2 7.500000000000002
      vertex 6 5.2 7.510000000000002
      vertex 6 5.20952380952381 7.500000000000001
    endloop
  endfacet
  facet normal -1 0 0
    outer loop
      vertex 6 5.6 7.090000000000002
      vertex 6 5.2 7.500000000000002
      vertex 6 5.20952380952381 7.500000000000001
    endloop
  endfacet
  facet normal -1 0 0
    outer loop
      vertex 6 5.6 7.100000000000001
      vertex 6 5.20952380952381 7.500000000000001
      vertex 6 5.219047619047619 7.500000000000001
    endloop
  endfacet
  facet normal -1 0 0
    outer loop
      vertex 6 5.219047619047619 7.500000000000001
      vertex 6 5.2 7.510000000000002
      vertex 6 6 7.510000000000002
    endloop
  endfacet
  facet normal -1 0 0
    outer loop
      vertex 6 5.980952380952382 7.100000000000001
      vertex 6 5.219047619047619 7.500000000000001
      vertex 6 6 7.510000000000002
    endloop
  endfacet
  facet normal 0 -0.7157819483772113 -0.698323852075327
    outer loop
      vertex 6 5.6 7.090000000000002
      vertex 16 5.6 7.090000000000002
      vertex 6 5.2 7.500000000000002
    endloop
  endfacet
  facet normal 0 1 0
    outer loop
      vertex 6 6 7.090000000000002
      vertex 6 6 7.510000000000002
      vertex 16 6 7.100000000000001
    endloop
  endfacet
  facet normal 0 -1 0
    outer loop
      vertex 6 5.2 7.500000000000002
      vertex 16 5.2 7.510000000000002
      vertex 6 5.2 7.510000000000002
    endloop
  endfacet
  facet normal 0 1 0
    outer loop
      vertex 6 6 7.090000000000002
      vertex 16 6 7.100000000000001
      vertex 16 6 7.090000000000002
    endloop
  endfacet
  facet normal 0 -1 0
    outer loop
      vertex 6 5.2 7.500000000000002
      vertex 16 5.2 7.500000000000002
      vertex 16 5.2 7.510000000000002
    endloop
  endfacet
  facet normal 0 -0.7157819483772113 -0.698323852075327
    outer loop
      vertex 6 5.2 7.500000000000002
      vertex 16 5.6 7.090000000000002
      vertex 16 5.2 7.500000000000002
    endloop
  endfacet
  facet normal 0 1 0
    outer loop
      vertex 6 6 7.510000000000002
      vertex 16 6 7.500000000000001
      vertex 16 6 7.100000000000001
    endloop
  endfacet
  facet normal 0 1 0
    outer loop
      vertex 6 6 7.510000000000002
      vertex 16 6 7.510000000000002
      vertex 16 6 7.500000000000001
    endloop
  endfacet
  facet normal 1 0 0
    outer loop
      vertex 16 5.6 7.090000000000002
      vertex 16 6 7.090000000000002
      vertex 16 6 7.100000000000001
    endloop
  endfacet
  facet normal 1 0 0
    outer loop
      vertex 16 5.6 7.090000000000002
      vertex 16 6 7.100000000000001
      vertex 16 6 7.500000000000001
    endloop
  endfacet
  facet normal 1 0 0
    outer loop
      vertex 16 5.2 7.500000000000002
      vertex 16 5.20952380952381 7.500000000000001
      vertex 16 5.2 7.510000000000002
    endloop
  endfacet
  facet normal 1 0 0
    outer loop
      vertex 16 5.6 7.090000000000002
      vertex 16 5.20952380952381 7.500000000000001
      vertex 16 5.2 7.500000000000002
    endloop
  endfacet
  facet normal 1 0 0
    outer loop
      vertex 16 5.6 7.090000000000002
      vertex 16 6 7.500000000000001
      vertex 16 5.20952380952381 7.500000000000001
    endloop
  endfacet
  facet normal -1 0 0
    outer loop
      vertex 21 5.6 7.090000000000002
      vertex 21 5.20952380952381 7.500000000000001
      vertex 21 5.6 7.100000000000001
    endloop
  endfacet
  facet normal -1 0 0
    outer loop
      vertex 21 5.6 7.100000000000001
      vertex 21 5.219047619047619 7.500000000000001
      vertex 21 5.980952380952382 7.100000000000001
    endloop
  endfacet
  facet normal -1 0 0
    outer loop
      vertex 21 6 7.090000000000002
      vertex 21 5.980952380952382 7.100000000000001
      vertex 21 6 7.510000000000002
    endloop
  endfacet
  facet normal -1 0 0
    outer loop
      vertex 21 5.2 7.500000000000002
      vertex 21 5.2 7.510000000000002
      vertex 21 5.20952380952381 7.500000000000001
    endloop
  endfacet
  facet normal -1 0 0
    outer loop
      vertex 21 5.6 7.090000000000002
      vertex 21 5.2 7.500000000000002
      vertex 21 5.20952380952381 7.500000000000001
    endloop
  endfacet
  facet normal -1 0 0
    outer loop
      vertex 21 5.6 7.100000000000001
      vertex 21 5.20952380952381 7.500000000000001
      vertex 21 5.219047619047619 7.500000000000001
    endloop
  endfacet
  facet normal -1 0 0
    outer loop
      vertex 21 5.219047619047619 7.500000000000001
      vertex 21 5.2 7.510000000000002
      vertex 21 6 7.510000000000002
    endloop
  endfacet
  facet normal -1 0 0
    outer loop
      vertex 21 5.980952380952382 7.100000000000001
      vertex 21 5.219047619047619 7.500000000000001
      vertex 21 6 7.510000000000002
    endloop
  endfacet
  facet normal 0 -0.7157819483772113 -0.698323852075327
    outer loop
      vertex 21 5.6 7.090000000000002
      vertex 31 5.6 7.090000000000002
      vertex 21 5.2 7.500000000000002
    endloop
  endfacet
  facet normal 0 1 0
    outer loop
      vertex 21 6 7.090000000000002
      vertex 21 6 7.510000000000002
      vertex 31 6 7.100000000000001
    endloop
  endfacet
  facet normal 0 -1 0
    outer loop
      vertex 21 5.2 7.500000000000002
      vertex 31 5.2 7.510000000000002
      vertex 21 5.2 7.510000000000002
    endloop
  endfacet
  facet normal 0 1 0
    outer loop
      vertex 21 6 7.090000000000002
      vertex 31 6 7.100000000000001
      vertex 31 6 7.090000000000002
    endloop
  endfacet
  facet normal 0 -1 0
    outer loop
      vertex 21 5.2 7.500000000000002
      vertex 31 5.2 7.500000000000002
      vertex 31 5.2 7.510000000000002
    endloop
  endfacet
  facet normal 0 -0.7157819483772113 -0.698323852075327
    outer loop
      vertex 21 5.2 7.500000000000002
      vertex 31 5.6 7.090000000000002
      vertex 31 5.2 7.500000000000002
    endloop
  endfacet
  facet normal 0 1 0
    outer loop
      vertex 21 6 7.510000000000002
      vertex 31 6 7.500000000000001
      vertex 31 6 7.100000000000001
    endloop
  endfacet
  facet normal 0 1 0
    outer loop
      vertex 21 6 7.510000000000002
      vertex 31 6 7.510000000000002
      vertex 31 6 7.500000000000001
    endloop
  endfacet
  facet normal 1 0 0
    outer loop
      vertex 31 5.6 7.090000000000002
      vertex 31 6 7.090000000000002
      vertex 31 6 7.100000000000001
    endloop
  endfacet
  facet normal 1 0 0
    outer loop
      vertex 31 5.6 7.090000000000002
      vertex 31 6 7.100000000000001
      vertex 31 6 7.500000000000001
    endloop
  endfacet
  facet normal 1 0 0
    outer loop
      vertex 31 5.2 7.500000000000002
      vertex 31 5.20952380952381 7.500000000000001
      vertex 31 5.2 7.510000000000002
    endloop
  endfacet
  facet normal 1 0 0
    outer loop
      vertex 31 5.6 7.090000000000002
      vertex 31 5.20952380952381 7.500000000000001
      vertex 31 5.2 7.500000000000002
    endloop
  endfacet
  facet normal 1 0 0
    outer loop
      vertex 31 5.6 7.090000000000002
      vertex 31 6 7.500000000000001
      vertex 31 5.20952380952381 7.500000000000001
    endloop
  endfacet
  facet normal -1 0 0
    outer loop
      vertex 6 31.4 7.090000000000002
      vertex 6 31.4 7.100000000000001
      vertex 6 31.799999999999997 7.090000000000002
    endloop
  endfacet
  facet normal -1 0 0
    outer loop
      vertex 6 31.4 7.100000000000001
      vertex 6 31.4 7.500000000000001
      vertex 6 31.799999999999997 7.090000000000002
    endloop
  endfacet
  facet normal -1 0 0
    outer loop
      vertex 6 31.799999999999997 7.090000000000002
      vertex 6 31.4 7.500000000000001
      vertex 6 32.19047619047619 7.500000000000001
    endloop
  endfacet
  facet normal -1 0 0
    outer loop
      vertex 6 31.799999999999997 7.090000000000002
      vertex 6 32.19047619047619 7.500000000000001
      vertex 6 32.199999999999996 7.500000000000002
    endloop
  endfacet
  facet normal -1 0 0
    outer loop
      vertex 6 32.19047619047619 7.500000000000001
      vertex 6 32.199999999999996 7.510000000000002
      vertex 6 32.199999999999996 7.500000000000002
    endloop
  endfacet
  facet normal 0 -1 0
    outer loop
      vertex 6 31.4 7.090000000000002
      vertex 16 31.4 7.090000000000002
      vertex 6 31.4 7.100000000000001
    endloop
  endfacet
  facet normal 0 -1 0
    outer loop
      vertex 6 31.4 7.100000000000001
      vertex 16 31.4 7.510000000000002
      vertex 6 31.4 7.500000000000001
    endloop
  endfacet
  facet normal 0 -1 0
    outer loop
      vertex 6 31.4 7.500000000000001
      vertex 16 31.4 7.510000000000002
      vertex 6 31.4 7.510000000000002
    endloop
  endfacet
  facet normal -9.303542630627894e-19 0.7157819483772121 -0.6983238520753262
    outer loop
      vertex 6 31.799999999999997 7.090000000000002
      vertex 6 32.199999999999996 7.500000000000002
      vertex 16 32.199999999999996 7.500000000000002
    endloop
  endfacet
  facet normal 0 1 0
    outer loop
      vertex 6 32.199999999999996 7.500000000000002
      vertex 6 32.199999999999996 7.510000000000002
      vertex 16 32.199999999999996 7.500000000000002
    endloop
  endfacet
  facet normal 0 -1 0
    outer loop
      vertex 6 31.4 7.100000000000001
      vertex 16 31.4 7.090000000000002
      vertex 16 31.4 7.510000000000002
    endloop
  endfacet
  facet normal 0 0.7157819483772121 -0.6983238520753262
    outer loop
      vertex 6 31.799999999999997 7.090000000000002
      vertex 16 32.199999999999996 7.500000000000002
      vertex 16 31.799999999999997 7.090000000000002
    endloop
  endfacet
  facet normal 0 1 0
    outer loop
      vertex 6 32.199999999999996 7.510000000000002
      vertex 16 32.199999999999996 7.510000000000002
      vertex 16 32.199999999999996 7.500000000000002
    endloop
  endfacet
  facet normal 1 0 0
    outer loop
      vertex 16 31.4 7.090000000000002
      vertex 16 31.419047619047618 7.100000000000001
      vertex 16 31.4 7.510000000000002
    endloop
  endfacet
  facet normal 1 0 0
    outer loop
      vertex 16 31.419047619047618 7.100000000000001
      vertex 16 31.799999999999997 7.100000000000001
      vertex 16 32.18095238095238 7.500000000000001
    endloop
  endfacet
  facet normal 1 0 0
    outer loop
      vertex 16 31.799999999999997 7.090000000000002
      vertex 16 32.19047619047619 7.500000000000001
      vertex 16 31.799999999999997 7.100000000000001
    endloop
  endfacet
  facet normal 1 0 0
    outer loop
      vertex 16 31.419047619047618 7.100000000000001
      vertex 16 32.18095238095238 7.500000000000001
      vertex 16 31.4 7.510000000000002
    endloop
  endfacet
  facet normal 1 0 0
    outer loop
      vertex 16 31.799999999999997 7.100000000000001
      vertex 16 32.19047619047619 7.500000000000001
      vertex 16 32.18095238095238 7.500000000000001
    endloop
  endfacet
  facet normal 1 0 0
    outer loop
      vertex 16 31.799999999999997 7.090000000000002
      vertex 16 32.199999999999996 7.500000000000002
      vertex 16 32.19047619047619 7.500000000000001
    endloop
  endfacet
  facet normal 1 0 0
    outer loop
      vertex 16 31.4 7.510000000000002
      vertex 16 32.18095238095238 7.500000000000001
      vertex 16 32.199999999999996 7.510000000000002
    endloop
  endfacet
  facet normal 1 0 0
    outer loop
      vertex 16 32.19047619047619 7.500000000000001
      vertex 16 32.199999999999996 7.500000000000002
      vertex 16 32.199999999999996 7.510000000000002
    endloop
  endfacet
  facet normal -1 0 0
    outer loop
      vertex 21 31.4 7.090000000000002
      vertex 21 31.4 7.100000000000001
      vertex 21 31.799999999999997 7.090000000000002
    endloop
  endfacet
  facet normal -1 0 0
    outer loop
      vertex 21 31.4 7.100000000000001
      vertex 21 31.4 7.500000000000001
      vertex 21 31.799999999999997 7.090000000000002
    endloop
  endfacet
  facet normal -1 0 0
    outer loop
      vertex 21 31.799999999999997 7.090000000000002
      vertex 21 31.4 7.500000000000001
      vertex 21 32.19047619047619 7.500000000000001
    endloop
  endfacet
  facet normal -1 0 0
    outer loop
      vertex 21 31.799999999999997 7.090000000000002
      vertex 21 32.19047619047619 7.500000000000001
      vertex 21 32.199999999999996 7.500000000000002
    endloop
  endfacet
  facet normal -1 0 0
    outer loop
      vertex 21 32.19047619047619 7.500000000000001
      vertex 21 32.199999999999996 7.510000000000002
      vertex 21 32.199999999999996 7.500000000000002
    endloop
  endfacet
  facet normal 0 -1 0
    outer loop
      vertex 21 31.4 7.090000000000002
      vertex 31 31.4 7.090000000000002
      vertex 21 31.4 7.100000000000001
    endloop
  endfacet
  facet normal 0 -1 0
    outer loop
      vertex 21 31.4 7.100000000000001
      vertex 31 31.4 7.510000000000002
      vertex 21 31.4 7.500000000000001
    endloop
  endfacet
  facet normal 0 -1 0
    outer loop
      vertex 21 31.4 7.500000000000001
      vertex 31 31.4 7.510000000000002
      vertex 21 31.4 7.510000000000002
    endloop
  endfacet
  facet normal -9.303542630627894e-19 0.7157819483772121 -0.6983238520753262
    outer loop
      vertex 21 31.799999999999997 7.090000000000002
      vertex 21 32.199999999999996 7.500000000000002
      vertex 31 32.199999999999996 7.500000000000002
    endloop
  endfacet
  facet normal 0 1 0
    outer loop
      vertex 21 32.199999999999996 7.500000000000002
      vertex 21 32.199999999999996 7.510000000000002
      vertex 31 32.199999999999996 7.500000000000002
    endloop
  endfacet
  facet normal 0 -1 0
    outer loop
      vertex 21 31.4 7.100000000000001
      vertex 31 31.4 7.090000000000002
      vertex 31 31.4 7.510000000000002
    endloop
  endfacet
  facet normal 0 0.7157819483772121 -0.6983238520753262
    outer loop
      vertex 21 31.799999999999997 7.090000000000002
      vertex 31 32.199999999999996 7.500000000000002
      vertex 31 31.799999999999997 7.090000000000002
    endloop
  endfacet
  facet normal 0 1 0
    outer loop
      vertex 21 32.199999999999996 7.510000000000002
      vertex 31 32.199999999999996 7.510000000000002
      vertex 31 32.199999999999996 7.500000000000002
    endloop
  endfacet
  facet normal 1 0 0
    outer loop
      vertex 31 31.4 7.090000000000002
      vertex 31 31.419047619047618 7.100000000000001
      vertex 31 31.4 7.510000000000002
    endloop
  endfacet
  facet normal 1 0 0
    outer loop
      vertex 31 31.419047619047618 7.100000000000001
      vertex 31 31.799999999999997 7.100000000000001
      vertex 31 32.18095238095238 7.500000000000001
    endloop
  endfacet
  facet normal 1 0 0
    outer loop
      vertex 31 31.799999999999997 7.090000000000002
      vertex 31 32.19047619047619 7.500000000000001
      vertex 31 31.799999999999997 7.100000000000001
    endloop
  endfacet
  facet normal 1 0 0
    outer loop
      vertex 31 31.419047619047618 7.100000000000001
      vertex 31 32.18095238095238 7.500000000000001
      vertex 31 31.4 7.510000000000002
    endloop
  endfacet
  facet normal 1 0 0
    outer loop
      vertex 31 31.799999999999997 7.100000000000001
      vertex 31 32.19047619047619 7.500000000000001
      vertex 31 32.18095238095238 7.500000000000001
    endloop
  endfacet
  facet normal 1 0 0
    outer loop
      vertex 31 31.799999999999997 7.090000000000002
      vertex 31 32.199999999999996 7.500000000000002
      vertex 31 32.19047619047619 7.500000000000001
    endloop
  endfacet
  facet normal 1 0 0
    outer loop
      vertex 31 31.4 7.510000000000002
      vertex 31 32.18095238095238 7.500000000000001
      vertex 31 32.199999999999996 7.510000000000002
    endloop
  endfacet
  facet normal 1 0 0
    outer loop
      vertex 31 32.19047619047619 7.500000000000001
      vertex 31 32.199999999999996 7.500000000000002
      vertex 31 32.199999999999996 7.510000000000002
    endloop
  endfacet
  facet normal -1 0 0
    outer loop
      vertex 6 5.2 2.790000000000001
      vertex 6 5.2 2.8000000000000007
      vertex 6 5.6 3.210000000000001
    endloop
  endfacet
  facet normal -1 0 0
    outer loop
      vertex 6 5.2 2.790000000000001
      vertex 6 5.6 3.210000000000001
      vertex 6 6 2.790000000000001
    endloop
  endfacet
  facet normal -1 0 0
    outer loop
      vertex 6 6 2.790000000000001
      vertex 6 5.6 3.210000000000001
      vertex 6 6 3.210000000000001
    endloop
  endfacet
  facet normal 0 -0.7157819483772113 0.698323852075327
    outer loop
      vertex 6 5.2 2.8000000000000007
      vertex 16 5.2 2.8000000000000007
      vertex 6 5.6 3.210000000000001
    endloop
  endfacet
  facet normal 0 1 0
    outer loop
      vertex 6 6 2.790000000000001
      vertex 6 6 3.210000000000001
      vertex 16 6 3.210000000000001
    endloop
  endfacet
  facet normal 0 1 0
    outer loop
      vertex 6 6 2.790000000000001
      vertex 16 6 2.8000000000000007
      vertex 16 6 2.790000000000001
    endloop
  endfacet
  facet normal 1 0 0
    outer loop
      vertex 16 5.2 2.790000000000001
      vertex 16 6 2.790000000000001
      vertex 16 5.2 2.8000000000000007
    endloop
  endfacet
  facet normal 0 -0.7157819483772113 0.698323852075327
    outer loop
      vertex 6 5.6 3.210000000000001
      vertex 16 5.2 2.8000000000000007
      vertex 16 5.6 3.210000000000001
    endloop
  endfacet
  facet normal 0 1 0
    outer loop
      vertex 6 6 2.790000000000001
      vertex 16 6 3.200000000000001
      vertex 16 6 2.8000000000000007
    endloop
  endfacet
  facet normal 0 1 0
    outer loop
      vertex 6 6 2.790000000000001
      vertex 16 6 3.210000000000001
      vertex 16 6 3.200000000000001
    endloop
  endfacet
  facet normal 1 0 0
    outer loop
      vertex 16 5.2 2.8000000000000007
      vertex 16 5.6 3.200000000000001
      vertex 16 5.6 3.210000000000001
    endloop
  endfacet
  facet normal 1 0 0
    outer loop
      vertex 16 5.2 2.8000000000000007
      vertex 16 6 3.200000000000001
      vertex 16 5.6 3.200000000000001
    endloop
  endfacet
  facet normal 1 0 0
    outer loop
      vertex 16 5.2 2.8000000000000007
      vertex 16 6 2.8000000000000007
      vertex 16 6 3.200000000000001
    endloop
  endfacet
  facet normal -1 0 0
    outer loop
      vertex 21 5.2 2.790000000000001
      vertex 21 5.2 2.8000000000000007
      vertex 21 5.6 3.210000000000001
    endloop
  endfacet
  facet normal -1 0 0
    outer loop
      vertex 21 5.2 2.790000000000001
      vertex 21 5.6 3.210000000000001
      vertex 21 6 2.790000000000001
    endloop
  endfacet
  facet normal -1 0 0
    outer loop
      vertex 21 6 2.790000000000001
      vertex 21 5.6 3.210000000000001
      vertex 21 6 3.210000000000001
    endloop
  endfacet
  facet normal 0 1 0
    outer loop
      vertex 21 6 2.790000000000001
      vertex 31 6 2.8000000000000007
      vertex 31 6 2.790000000000001
    endloop
  endfacet
  facet normal 0 -0.7157819483772113 0.698323852075327
    outer loop
      vertex 21 5.2 2.8000000000000007
      vertex 31 5.2 2.8000000000000007
      vertex 21 5.6 3.210000000000001
    endloop
  endfacet
  facet normal 0 1 0
    outer loop
      vertex 21 6 2.790000000000001
      vertex 21 6 3.210000000000001
      vertex 31 6 3.210000000000001
    endloop
  endfacet
  facet normal 0 -0.7157819483772113 0.698323852075327
    outer loop
      vertex 21 5.6 3.210000000000001
      vertex 31 5.2 2.8000000000000007
      vertex 31 5.6 3.210000000000001
    endloop
  endfacet
  facet normal 0 1 0
    outer loop
      vertex 21 6 2.790000000000001
      vertex 31 6 3.200000000000001
      vertex 31 6 2.8000000000000007
    endloop
  endfacet
  facet normal 0 1 0
    outer loop
      vertex 21 6 2.790000000000001
      vertex 31 6 3.210000000000001
      vertex 31 6 3.200000000000001
    endloop
  endfacet
  facet normal 1 0 0
    outer loop
      vertex 31 5.2 2.790000000000001
      vertex 31 6 2.790000000000001
      vertex 31 5.2 2.8000000000000007
    endloop
  endfacet
  facet normal 1 0 0
    outer loop
      vertex 31 5.2 2.8000000000000007
      vertex 31 5.6 3.200000000000001
      vertex 31 5.6 3.210000000000001
    endloop
  endfacet
  facet normal 1 0 0
    outer loop
      vertex 31 5.2 2.8000000000000007
      vertex 31 6 3.200000000000001
      vertex 31 5.6 3.200000000000001
    endloop
  endfacet
  facet normal 1 0 0
    outer loop
      vertex 31 5.2 2.8000000000000007
      vertex 31 6 2.8000000000000007
      vertex 31 6 3.200000000000001
    endloop
  endfacet
  facet normal -1 0 0
    outer loop
      vertex 6 31.4 2.790000000000001
      vertex 6 32.199999999999996 2.8000000000000007
      vertex 6 32.199999999999996 2.790000000000001
    endloop
  endfacet
  facet normal 0 -1 0
    outer loop
      vertex 6 31.4 2.790000000000001
      vertex 16 31.4 2.790000000000001
      vertex 6 31.4 2.8000000000000007
    endloop
  endfacet
  facet normal -1 0 0
    outer loop
      vertex 6 31.4 2.8000000000000007
      vertex 6 31.4 3.200000000000001
      vertex 6 32.199999999999996 2.8000000000000007
    endloop
  endfacet
  facet normal -1 0 0
    outer loop
      vertex 6 32.199999999999996 2.8000000000000007
      vertex 6 31.4 3.200000000000001
      vertex 6 31.799999999999997 3.200000000000001
    endloop
  endfacet
  facet normal -1 0 0
    outer loop
      vertex 6 32.199999999999996 2.8000000000000007
      vertex 6 31.799999999999997 3.200000000000001
      vertex 6 31.799999999999997 3.210000000000001
    endloop
  endfacet
  facet normal 0 -1 0
    outer loop
      vertex 6 31.4 2.8000000000000007
      vertex 16 31.4 2.790000000000001
      vertex 6 31.4 3.200000000000001
    endloop
  endfacet
  facet normal 0 -1 0
    outer loop
      vertex 6 31.4 3.200000000000001
      vertex 16 31.4 2.790000000000001
      vertex 6 31.4 3.210000000000001
    endloop
  endfacet
  facet normal 9.303542630627894e-19 0.7157819483772121 0.6983238520753262
    outer loop
      vertex 6 32.199999999999996 2.8000000000000007
      vertex 6 31.799999999999997 3.210000000000001
      vertex 16 31.799999999999997 3.210000000000001
    endloop
  endfacet
  facet normal 0 -1 0
    outer loop
      vertex 6 31.4 3.210000000000001
      vertex 16 31.4 2.790000000000001
      vertex 16 31.4 3.210000000000001
    endloop
  endfacet
  facet normal 0 0.7157819483772121 0.6983238520753262
    outer loop
      vertex 6 32.199999999999996 2.8000000000000007
      vertex 16 31.799999999999997 3.210000000000001
      vertex 16 32.199999999999996 2.8000000000000007
    endloop
  endfacet
  facet normal 1 0 0
    outer loop
      vertex 16 31.4 2.790000000000001
      vertex 16 31.799999999999997 3.210000000000001
      vertex 16 31.4 3.210000000000001
    endloop
  endfacet
  facet normal 1 0 0
    outer loop
      vertex 16 31.4 2.790000000000001
      vertex 16 32.199999999999996 2.790000000000001
      vertex 16 31.799999999999997 3.210000000000001
    endloop
  endfacet
  facet normal 1 0 0
    outer loop
      vertex 16 32.199999999999996 2.790000000000001
      vertex 16 32.199999999999996 2.8000000000000007
      vertex 16 31.799999999999997 3.210000000000001
    endloop
  endfacet
  facet normal -1 0 0
    outer loop
      vertex 21 31.4 2.790000000000001
      vertex 21 32.199999999999996 2.8000000000000007
      vertex 21 32.199999999999996 2.790000000000001
    endloop
  endfacet
  facet normal -1 0 0
    outer loop
      vertex 21 31.4 2.8000000000000007
      vertex 21 31.4 3.200000000000001
      vertex 21 32.199999999999996 2.8000000000000007
    endloop
  endfacet
  facet normal -1 0 0
    outer loop
      vertex 21 32.199999999999996 2.8000000000000007
      vertex 21 31.4 3.200000000000001
      vertex 21 31.799999999999997 3.200000000000001
    endloop
  endfacet
  facet normal -1 0 0
    outer loop
      vertex 21 32.199999999999996 2.8000000000000007
      vertex 21 31.799999999999997 3.200000000000001
      vertex 21 31.799999999999997 3.210000000000001
    endloop
  endfacet
  facet normal 0 -1 0
    outer loop
      vertex 21 31.4 2.790000000000001
      vertex 31 31.4 2.790000000000001
      vertex 21 31.4 2.8000000000000007
    endloop
  endfacet
  facet normal 0 -1 0
    outer loop
      vertex 21 31.4 2.8000000000000007
      vertex 31 31.4 2.790000000000001
      vertex 21 31.4 3.200000000000001
    endloop
  endfacet
  facet normal 0 -1 0
    outer loop
      vertex 21 31.4 3.200000000000001
      vertex 31 31.4 2.790000000000001
      vertex 21 31.4 3.210000000000001
    endloop
  endfacet
  facet normal 9.303542630627894e-19 0.7157819483772121 0.6983238520753262
    outer loop
      vertex 21 32.199999999999996 2.8000000000000007
      vertex 21 31.799999999999997 3.210000000000001
      vertex 31 31.799999999999997 3.210000000000001
    endloop
  endfacet
  facet normal 0 -1 0
    outer loop
      vertex 21 31.4 3.210000000000001
      vertex 31 31.4 2.790000000000001
      vertex 31 31.4 3.210000000000001
    endloop
  endfacet
  facet normal 0 0.7157819483772121 0.6983238520753262
    outer loop
      vertex 21 32.199999999999996 2.8000000000000007
      vertex 31 31.799999999999997 3.210000000000001
      vertex 31 32.199999999999996 2.8000000000000007
    endloop
  endfacet
  facet normal 1 0 0
    outer loop
      vertex 31 31.4 2.790000000000001
      vertex 31 31.799999999999997 3.210000000000001
      vertex 31 31.4 3.210000000000001
    endloop
  endfacet
  facet normal 1 0 0
    outer loop
      vertex 31 31.4 2.790000000000001
      vertex 31 32.199999999999996 2.790000000000001
      vertex 31 31.799999999999997 3.210000000000001
    endloop
  endfacet
  facet normal 1 0 0
    outer loop
      vertex 31 32.199999999999996 2.790000000000001
      vertex 31 32.199999999999996 2.8000000000000007
      vertex 31 31.799999999999997 3.210000000000001
    endloop
  endfacet
  facet normal -0.7518398024852507 -0.6593458207943228 0
    outer loop
      vertex 0.8786796554923058 0.8786796554923058 2
      vertex 0.6199399754405022 1.1737157106399536 23.3
      vertex 0.6199399754405022 1.1737157106399536 2
    endloop
  endfacet
  facet normal -0.5555702203832521 -0.8314696207458843 0
    outer loop
      vertex 1.1737157106399536 0.6199399754405022 2
      vertex 1.5 0.4019237905740738 2
      vertex 1.1737157106399536 0.6199399754405022 23.3
    endloop
  endfacet
  facet normal -0.6593458207943228 -0.7518398024852507 0
    outer loop
      vertex 0.8786796554923058 0.8786796554923058 2
      vertex 1.1737157106399536 0.6199399754405022 2
      vertex 0.8786796554923058 0.8786796554923058 23.3
    endloop
  endfacet
  facet normal -0.8968727407473451 -0.44228869181151964 0
    outer loop
      vertex 0.4019237905740738 1.5 2
      vertex 0.22836140543222427 1.8519496992230415 23.3
      vertex 0.22836140543222427 1.8519496992230415 2
    endloop
  endfacet
  facet normal -0.8314696207458843 -0.5555702203832521 0
    outer loop
      vertex 0.6199399754405022 1.1737157106399536 2
      vertex 0.4019237905740738 1.5 23.3
      vertex 0.4019237905740738 1.5 2
    endloop
  endfacet
  facet normal -0.9469301300366788 -0.32143946370773846 0
    outer loop
      vertex 0.22836140543222427 1.8519496992230415 2
      vertex 0.10222252458333969 2.2235428616404533 23.3
      vertex 0.10222252458333969 2.2235428616404533 2
    endloop
  endfacet
  facet normal -0.44228869181151964 -0.8968727407473451 0
    outer loop
      vertex 1.8519496992230415 0.22836140543222427 2
      vertex 1.5 0.4019237905740738 23.3
      vertex 1.5 0.4019237905740738 2
    endloop
  endfacet
  facet normal -0.32143946370773846 -0.9469301300366788 0
    outer loop
      vertex 1.8519496992230415 0.22836140543222427 2
      vertex 2.2235428616404533 0.10222252458333969 2
      vertex 1.8519496992230415 0.22836140543222427 23.3
    endloop
  endfacet
  facet normal -0.1950903258581441 -0.9807852796390059 0
    outer loop
      vertex 2.2235428616404533 0.10222252458333969 2
      vertex 2.6084214225411415 0.025665417313575745 2
      vertex 2.2235428616404533 0.10222252458333969 23.3
    endloop
  endfacet
  facet normal -0.06540313273849394 -0.9978589230086541 0
    outer loop
      vertex 2.6084214225411415 0.025665417313575745 2
      vertex 3 0 2
      vertex 2.6084214225411415 0.025665417313575745 23.3
    endloop
  endfacet
  facet normal -0.9807852796390059 -0.1950903258581441 0
    outer loop
      vertex 0.10222252458333969 2.2235428616404533 2
      vertex 0.025665417313575745 2.6084214225411415 23.3
      vertex 0.025665417313575745 2.6084214225411415 2
    endloop
  endfacet
  facet normal -0.9978589230086541 -0.06540313273849394 0
    outer loop
      vertex 0.025665417313575745 2.6084214225411415 2
      vertex 0 3 23.3
      vertex 0 3 2
    endloop
  endfacet
  facet normal -1 0 0
    outer loop
      vertex 0 3 2
      vertex 0 3 23.3
      vertex 0 11 9.6
    endloop
  endfacet
  facet normal -1 0 0
    outer loop
      vertex 0 3 2
      vertex 0 11 9.6
      vertex 0 26 9.6
    endloop
  endfacet
  facet normal 0 -1 0
    outer loop
      vertex 3 0 2
      vertex 44.90999999642372 0 2
      vertex 3 0 23.3
    endloop
  endfacet
  facet normal -0.5555702203832521 -0.8314696207458843 0
    outer loop
      vertex 1.5 0.4019237905740738 2
      vertex 1.5 0.4019237905740738 23.3
      vertex 1.1737157106399536 0.6199399754405022 23.3
    endloop
  endfacet
  facet normal -0.6593458207943228 -0.7518398024852507 0
    outer loop
      vertex 1.1737157106399536 0.6199399754405022 2
      vertex 1.1737157106399536 0.6199399754405022 23.3
      vertex 0.8786796554923058 0.8786796554923058 23.3
    endloop
  endfacet
  facet normal -0.7518398024852507 -0.6593458207943228 0
    outer loop
      vertex 0.8786796554923058 0.8786796554923058 2
      vertex 0.8786796554923058 0.8786796554923058 23.3
      vertex 0.6199399754405022 1.1737157106399536 23.3
    endloop
  endfacet
  facet normal -0.8968727407473451 -0.44228869181151964 0
    outer loop
      vertex 0.4019237905740738 1.5 2
      vertex 0.4019237905740738 1.5 23.3
      vertex 0.22836140543222427 1.8519496992230415 23.3
    endloop
  endfacet
  facet normal -0.8314696207458843 -0.5555702203832521 0
    outer loop
      vertex 0.6199399754405022 1.1737157106399536 2
      vertex 0.6199399754405022 1.1737157106399536 23.3
      vertex 0.4019237905740738 1.5 23.3
    endloop
  endfacet
  facet normal -0.9469301300366788 -0.32143946370773846 0
    outer loop
      vertex 0.22836140543222427 1.8519496992230415 2
      vertex 0.22836140543222427 1.8519496992230415 23.3
      vertex 0.10222252458333969 2.2235428616404533 23.3
    endloop
  endfacet
  facet normal -0.44228869181151964 -0.8968727407473451 0
    outer loop
      vertex 1.8519496992230415 0.22836140543222427 2
      vertex 1.8519496992230415 0.22836140543222427 23.3
      vertex 1.5 0.4019237905740738 23.3
    endloop
  endfacet
  facet normal -0.32143946370773846 -0.9469301300366788 0
    outer loop
      vertex 2.2235428616404533 0.10222252458333969 2
      vertex 2.2235428616404533 0.10222252458333969 23.3
      vertex 1.8519496992230415 0.22836140543222427 23.3
    endloop
  endfacet
  facet normal -0.1950903258581441 -0.9807852796390059 0
    outer loop
      vertex 2.6084214225411415 0.025665417313575745 2
      vertex 2.6084214225411415 0.025665417313575745 23.3
      vertex 2.2235428616404533 0.10222252458333969 23.3
    endloop
  endfacet
  facet normal -0.06540313273849394 -0.9978589230086541 0
    outer loop
      vertex 3 0 2
      vertex 3 0 23.3
      vertex 2.6084214225411415 0.025665417313575745 23.3
    endloop
  endfacet
  facet normal -0.9807852796390059 -0.1950903258581441 0
    outer loop
      vertex 0.10222252458333969 2.2235428616404533 2
      vertex 0.10222252458333969 2.2235428616404533 23.3
      vertex 0.025665417313575745 2.6084214225411415 23.3
    endloop
  endfacet
  facet normal -0.9978589230086541 -0.06540313273849394 0
    outer loop
      vertex 0.025665417313575745 2.6084214225411415 2
      vertex 0.025665417313575745 2.6084214225411415 23.3
      vertex 0 3 23.3
    endloop
  endfacet
  facet normal 0 0 1
    outer loop
      vertex 1.8519496992230415 0.22836140543222427 23.3
      vertex 2.2235428616404533 0.10222252458333969 23.3
      vertex 2.1339745968580246 2.5 23.3
    endloop
  endfacet
  facet normal 0 0 1
    outer loop
      vertex 2.2235428616404533 0.10222252458333969 23.3
      vertex 2.6084214225411415 0.025665417313575745 23.3
      vertex 2.5 2.1339745968580246 23.3
    endloop
  endfacet
  facet normal 0 0 1
    outer loop
      vertex 2.6084214225411415 0.025665417313575745 23.3
      vertex 3 0 23.3
      vertex 2.869473807513714 2.0085551366209984 23.3
    endloop
  endfacet
  facet normal 0 0 1
    outer loop
      vertex 2.2235428616404533 0.10222252458333969 23.3
      vertex 2.2928932160139084 2.2928932160139084 23.3
      vertex 2.2066466584801674 2.391238570213318 23.3
    endloop
  endfacet
  facet normal 0 0 1
    outer loop
      vertex 2.2235428616404533 0.10222252458333969 23.3
      vertex 2.2066466584801674 2.391238570213318 23.3
      vertex 2.1339745968580246 2.5 23.3
    endloop
  endfacet
  facet normal 0 0 1
    outer loop
      vertex 1.8519496992230415 0.22836140543222427 23.3
      vertex 2.1339745968580246 2.5 23.3
      vertex 2.0761204659938812 2.6173165664076805 23.3
    endloop
  endfacet
  facet normal 0 0 1
    outer loop
      vertex 1.8519496992230415 0.22836140543222427 23.3
      vertex 2.0761204659938812 2.6173165664076805 23.3
      vertex 2.0340741723775864 2.741180956363678 23.3
    endloop
  endfacet
  facet normal 0 0 1
    outer loop
      vertex 1.8519496992230415 0.22836140543222427 23.3
      vertex 2.0340741723775864 2.741180956363678 23.3
      vertex 2.0085551366209984 2.869473807513714 23.3
    endloop
  endfacet
  facet normal 0 0 1
    outer loop
      vertex 1.8519496992230415 0.22836140543222427 23.3
      vertex 2.0085551366209984 2.869473807513714 23.3
      vertex 2 3 23.3
    endloop
  endfacet
  facet normal 0 0 1
    outer loop
      vertex 2.6084214225411415 0.025665417313575745 23.3
      vertex 2.6173165664076805 2.0761204659938812 23.3
      vertex 2.5 2.1339745968580246 23.3
    endloop
  endfacet
  facet normal 0 0 1
    outer loop
      vertex 2.2235428616404533 0.10222252458333969 23.3
      vertex 2.391238570213318 2.2066466584801674 23.3
      vertex 2.2928932160139084 2.2928932160139084 23.3
    endloop
  endfacet
  facet normal 0 0 1
    outer loop
      vertex 2.2235428616404533 0.10222252458333969 23.3
      vertex 2.5 2.1339745968580246 23.3
      vertex 2.391238570213318 2.2066466584801674 23.3
    endloop
  endfacet
  facet normal 0 0 1
    outer loop
      vertex 2.6084214225411415 0.025665417313575745 23.3
      vertex 2.741180956363678 2.0340741723775864 23.3
      vertex 2.6173165664076805 2.0761204659938812 23.3
    endloop
  endfacet
  facet normal 0 0 1
    outer loop
      vertex 2.6084214225411415 0.025665417313575745 23.3
      vertex 2.869473807513714 2.0085551366209984 23.3
      vertex 2.741180956363678 2.0340741723775864 23.3
    endloop
  endfacet
  facet normal 0 0 1
    outer loop
      vertex 2.869473807513714 2.0085551366209984 23.3
      vertex 3 0 23.3
      vertex 3 2 23.3
    endloop
  endfacet
  facet normal 0 0 1
    outer loop
      vertex 0.6199399754405022 1.1737157106399536 23.3
      vertex 0 11 23.3
      vertex 0.4019237905740738 1.5 23.3
    endloop
  endfacet
  facet normal 0 0 1
    outer loop
      vertex 0.8786796554923058 0.8786796554923058 23.3
      vertex 0 11 23.3
      vertex 0.6199399754405022 1.1737157106399536 23.3
    endloop
  endfacet
  facet normal 0 0 1
    outer loop
      vertex 0.8786796554923058 0.8786796554923058 23.3
      vertex 1.1737157106399536 0.6199399754405022 23.3
      vertex 0 11 23.3
    endloop
  endfacet
  facet normal 0 0 1
    outer loop
      vertex 1.1737157106399536 0.6199399754405022 23.3
      vertex 1.5 0.4019237905740738 23.3
      vertex 0 11 23.3
    endloop
  endfacet
  facet normal 0 0 1
    outer loop
      vertex 1.8519496992230415 0.22836140543222427 23.3
      vertex 0 11 23.3
      vertex 1.5 0.4019237905740738 23.3
    endloop
  endfacet
  facet normal -1 0 0
    outer loop
      vertex 0 3 23.3
      vertex 0 11 23.3
      vertex 0 11 9.6
    endloop
  endfacet
  facet normal 0 0 1
    outer loop
      vertex 0.4019237905740738 1.5 23.3
      vertex 0 11 23.3
      vertex 0.22836140543222427 1.8519496992230415 23.3
    endloop
  endfacet
  facet normal 0 0 1
    outer loop
      vertex 0.22836140543222427 1.8519496992230415 23.3
      vertex 0 11 23.3
      vertex 0.10222252458333969 2.2235428616404533 23.3
    endloop
  endfacet
  facet normal 0 0 1
    outer loop
      vertex 0.10222252458333969 2.2235428616404533 23.3
      vertex 0 11 23.3
      vertex 0.025665417313575745 2.6084214225411415 23.3
    endloop
  endfacet
  facet normal 0 0 1
    outer loop
      vertex 0.025665417313575745 2.6084214225411415 23.3
      vertex 0 11 23.3
      vertex 0 3 23.3
    endloop
  endfacet
  facet normal 0 0 1
    outer loop
      vertex 1.8519496992230415 0.22836140543222427 23.3
      vertex 2 3 23.3
      vertex 0 11 23.3
    endloop
  endfacet
  facet normal 0 0 1
    outer loop
      vertex 2 3 23.3
      vertex 2 11 23.3
      vertex 0 11 23.3
    endloop
  endfacet
  facet normal 0 0 1
    outer loop
      vertex 3 0 23.3
      vertex 44.90999999642372 0 23.3
      vertex 3 2 23.3
    endloop
  endfacet
  facet normal -1 0 0
    outer loop
      vertex 0 3 2
      vertex 0 26 9.6
      vertex 0 34.399999998509884 2
    endloop
  endfacet
  facet normal 0 1 0
    outer loop
      vertex 3 37.399999998509884 2
      vertex 6 37.399999998509884 2.8000000000000007
      vertex 6 37.399999998509884 2.000000000000001
    endloop
  endfacet
  facet normal -1 0 0
    outer loop
      vertex 0 34.399999998509884 2
      vertex 0 26 9.6
      vertex 0 34.399999998509884 23.3
    endloop
  endfacet
  facet normal -0.9978589230086541 0.06540313273849394 0
    outer loop
      vertex 0 34.399999998509884 2
      vertex 0.025665417313575745 34.79157857596874 23.3
      vertex 0.025665417313575745 34.79157857596874 2
    endloop
  endfacet
  facet normal -0.9807852796390059 0.1950903258581441 0
    outer loop
      vertex 0.025665417313575745 34.79157857596874 2
      vertex 0.10222252458333969 35.17645713686943 23.3
      vertex 0.10222252458333969 35.17645713686943 2
    endloop
  endfacet
  facet normal -0.9469301300366788 0.32143946370773846 0
    outer loop
      vertex 0.10222252458333969 35.17645713686943 2
      vertex 0.22836140543222427 35.54805029928684 23.3
      vertex 0.22836140543222427 35.54805029928684 2
    endloop
  endfacet
  facet normal -0.8968727407473451 0.44228869181151964 0
    outer loop
      vertex 0.22836140543222427 35.54805029928684 2
      vertex 0.4019237905740738 35.899999998509884 23.3
      vertex 0.4019237905740738 35.899999998509884 2
    endloop
  endfacet
  facet normal -0.8314696207458843 0.5555702203832521 0
    outer loop
      vertex 0.4019237905740738 35.899999998509884 2
      vertex 0.6199399754405022 36.22628428786993 23.3
      vertex 0.6199399754405022 36.22628428786993 2
    endloop
  endfacet
  facet normal -0.7518398024852507 0.6593458207943228 0
    outer loop
      vertex 0.6199399754405022 36.22628428786993 2
      vertex 0.8786796554923058 36.52132034301758 23.3
      vertex 0.8786796554923058 36.52132034301758 2
    endloop
  endfacet
  facet normal -0.6593458207943228 0.7518398024852507 0
    outer loop
      vertex 0.8786796554923058 36.52132034301758 2
      vertex 1.1737157106399536 36.78006002306938 23.3
      vertex 1.1737157106399536 36.78006002306938 2
    endloop
  endfacet
  facet normal -0.5555702203832521 0.8314696207458843 0
    outer loop
      vertex 1.1737157106399536 36.78006002306938 2
      vertex 1.5 36.99807620793581 23.3
      vertex 1.5 36.99807620793581 2
    endloop
  endfacet
  facet normal -0.4422887070837332 0.8968727332159228 0
    outer loop
      vertex 1.5 36.99807620793581 2
      vertex 1.8519496992230415 37.17163860052824 23.3
      vertex 1.8519496992230415 37.17163860052824 2
    endloop
  endfacet
  facet normal -0.32143946370773846 0.9469301300366788 0
    outer loop
      vertex 1.8519496992230415 37.17163860052824 2
      vertex 2.2235428616404533 37.297777481377125 23.3
      vertex 2.2235428616404533 37.297777481377125 2
    endloop
  endfacet
  facet normal -0.19509030759446716 0.9807852832718771 0
    outer loop
      vertex 2.2235428616404533 37.297777481377125 2
      vertex 2.6084214225411415 37.37433458119631 23.3
      vertex 2.6084214225411415 37.37433458119631 2
    endloop
  endfacet
  facet normal -0.06540313273849394 0.9978589230086541 0
    outer loop
      vertex 2.6084214225411415 37.37433458119631 2
      vertex 3 37.399999998509884 23.3
      vertex 3 37.399999998509884 2
    endloop
  endfacet
  facet normal 0 1 0
    outer loop
      vertex 16 37.399999998509884 2.000000000000001
      vertex 16 37.399999998509884 2.799999999997135
      vertex 21 37.399999998509884 2.000000000000001
    endloop
  endfacet
  facet normal 0 1 0
    outer loop
      vertex 16 37.399999998509884 2.799999999997135
      vertex 21 37.399999998509884 2.8000000000000007
      vertex 21 37.399999998509884 2.000000000000001
    endloop
  endfacet
  facet normal 0 1 0
    outer loop
      vertex 3 37.399999998509884 2
      vertex 44.90999999642372 37.399999998509884 23.3
      vertex 6 37.399999998509884 2.8000000000000007
    endloop
  endfacet
  facet normal 0 1 0
    outer loop
      vertex 6 37.399999998509884 2.8000000000000007
      vertex 44.90999999642372 37.399999998509884 23.3
      vertex 16 37.399999998509884 2.799999999997135
    endloop
  endfacet
  facet normal -0.9978589230086541 0.06540313273849394 0
    outer loop
      vertex 0 34.399999998509884 2
      vertex 0 34.399999998509884 23.3
      vertex 0.025665417313575745 34.79157857596874 23.3
    endloop
  endfacet
  facet normal -0.9807852796390059 0.1950903258581441 0
    outer loop
      vertex 0.025665417313575745 34.79157857596874 2
      vertex 0.025665417313575745 34.79157857596874 23.3
      vertex 0.10222252458333969 35.17645713686943 23.3
    endloop
  endfacet
  facet normal -0.9469301300366788 0.32143946370773846 0
    outer loop
      vertex 0.10222252458333969 35.17645713686943 2
      vertex 0.10222252458333969 35.17645713686943 23.3
      vertex 0.22836140543222427 35.54805029928684 23.3
    endloop
  endfacet
  facet normal -0.8968727407473451 0.44228869181151964 0
    outer loop
      vertex 0.22836140543222427 35.54805029928684 2
      vertex 0.22836140543222427 35.54805029928684 23.3
      vertex 0.4019237905740738 35.899999998509884 23.3
    endloop
  endfacet
  facet normal -0.8314696207458843 0.5555702203832521 0
    outer loop
      vertex 0.4019237905740738 35.899999998509884 2
      vertex 0.4019237905740738 35.899999998509884 23.3
      vertex 0.6199399754405022 36.22628428786993 23.3
    endloop
  endfacet
  facet normal -0.7518398024852507 0.6593458207943228 0
    outer loop
      vertex 0.6199399754405022 36.22628428786993 2
      vertex 0.6199399754405022 36.22628428786993 23.3
      vertex 0.8786796554923058 36.52132034301758 23.3
    endloop
  endfacet
  facet normal -0.6593458207943228 0.7518398024852507 0
    outer loop
      vertex 0.8786796554923058 36.52132034301758 2
      vertex 0.8786796554923058 36.52132034301758 23.3
      vertex 1.1737157106399536 36.78006002306938 23.3
    endloop
  endfacet
  facet normal -0.5555702203832521 0.8314696207458843 0
    outer loop
      vertex 1.1737157106399536 36.78006002306938 2
      vertex 1.1737157106399536 36.78006002306938 23.3
      vertex 1.5 36.99807620793581 23.3
    endloop
  endfacet
  facet normal -0.4422887070837332 0.8968727332159228 0
    outer loop
      vertex 1.5 36.99807620793581 2
      vertex 1.5 36.99807620793581 23.3
      vertex 1.8519496992230415 37.17163860052824 23.3
    endloop
  endfacet
  facet normal -0.32143946370773846 0.9469301300366788 0
    outer loop
      vertex 1.8519496992230415 37.17163860052824 2
      vertex 1.8519496992230415 37.17163860052824 23.3
      vertex 2.2235428616404533 37.297777481377125 23.3
    endloop
  endfacet
  facet normal -0.19509030759446716 0.9807852832718771 0
    outer loop
      vertex 2.2235428616404533 37.297777481377125 2
      vertex 2.2235428616404533 37.297777481377125 23.3
      vertex 2.6084214225411415 37.37433458119631 23.3
    endloop
  endfacet
  facet normal -0.06540313273849394 0.9978589230086541 0
    outer loop
      vertex 2.6084214225411415 37.37433458119631 2
      vertex 2.6084214225411415 37.37433458119631 23.3
      vertex 3 37.399999998509884 23.3
    endloop
  endfacet
  facet normal -1 0 0
    outer loop
      vertex 0 34.399999998509884 23.3
      vertex 0 26 9.6
      vertex 0 26 23.3
    endloop
  endfacet
  facet normal 0 0 1
    outer loop
      vertex 0 34.399999998509884 23.3
      vertex 0 26 23.3
      vertex 2 26 23.3
    endloop
  endfacet
  facet normal 0 0 1
    outer loop
      vertex 0 34.399999998509884 23.3
      vertex 2 26 23.3
      vertex 0.025665417313575745 34.79157857596874 23.3
    endloop
  endfacet
  facet normal 0 0 1
    outer loop
      vertex 0.025665417313575745 34.79157857596874 23.3
      vertex 2 26 23.3
      vertex 0.10222252458333969 35.17645713686943 23.3
    endloop
  endfacet
  facet normal 0 0 1
    outer loop
      vertex 0.10222252458333969 35.17645713686943 23.3
      vertex 2 26 23.3
      vertex 0.22836140543222427 35.54805029928684 23.3
    endloop
  endfacet
  facet normal 0 0 1
    outer loop
      vertex 0.22836140543222427 35.54805029928684 23.3
      vertex 2 26 23.3
      vertex 0.4019237905740738 35.899999998509884 23.3
    endloop
  endfacet
  facet normal 0 0 1
    outer loop
      vertex 0.4019237905740738 35.899999998509884 23.3
      vertex 2 26 23.3
      vertex 0.6199399754405022 36.22628428786993 23.3
    endloop
  endfacet
  facet normal 0 0 1
    outer loop
      vertex 2 34.399999998509884 23.3
      vertex 1.8519496992230415 37.17163860052824 23.3
      vertex 2 26 23.3
    endloop
  endfacet
  facet normal 0 0 1
    outer loop
      vertex 0.6199399754405022 36.22628428786993 23.3
      vertex 2 26 23.3
      vertex 0.8786796554923058 36.52132034301758 23.3
    endloop
  endfacet
  facet normal 0 0 1
    outer loop
      vertex 0.8786796554923058 36.52132034301758 23.3
      vertex 2 26 23.3
      vertex 1.1737157106399536 36.78006002306938 23.3
    endloop
  endfacet
  facet normal 0 0 1
    outer loop
      vertex 1.1737157106399536 36.78006002306938 23.3
      vertex 2 26 23.3
      vertex 1.5 36.99807620793581 23.3
    endloop
  endfacet
  facet normal 0 0 1
    outer loop
      vertex 1.5 36.99807620793581 23.3
      vertex 2 26 23.3
      vertex 1.8519496992230415 37.17163860052824 23.3
    endloop
  endfacet
  facet normal 0 0 1
    outer loop
      vertex 2 34.399999998509884 23.3
      vertex 2.0085551366209984 34.53052619099617 23.3
      vertex 1.8519496992230415 37.17163860052824 23.3
    endloop
  endfacet
  facet normal 0 0 1
    outer loop
      vertex 2.0085551366209984 34.53052619099617 23.3
      vertex 2.0340741723775864 34.658819042146206 23.3
      vertex 1.8519496992230415 37.17163860052824 23.3
    endloop
  endfacet
  facet normal 0 0 1
    outer loop
      vertex 2.0340741723775864 34.658819042146206 23.3
      vertex 2.0761204659938812 34.7826834321022 23.3
      vertex 1.8519496992230415 37.17163860052824 23.3
    endloop
  endfacet
  facet normal 0 0 1
    outer loop
      vertex 2.0761204659938812 34.7826834321022 23.3
      vertex 2.1339745968580246 34.899999998509884 23.3
      vertex 1.8519496992230415 37.17163860052824 23.3
    endloop
  endfacet
  facet normal 0 0 1
    outer loop
      vertex 2.1339745968580246 34.899999998509884 23.3
      vertex 2.2066466584801674 35.008761428296566 23.3
      vertex 1.8519496992230415 37.17163860052824 23.3
    endloop
  endfacet
  facet normal 0 0 1
    outer loop
      vertex 2.2066466584801674 35.008761428296566 23.3
      vertex 2.2928932160139084 35.107106782495975 23.3
      vertex 1.8519496992230415 37.17163860052824 23.3
    endloop
  endfacet
  facet normal 0 0 1
    outer loop
      vertex 2.2928932160139084 35.107106782495975 23.3
      vertex 2.391238570213318 35.19335334002972 23.3
      vertex 2.2235428616404533 37.297777481377125 23.3
    endloop
  endfacet
  facet normal 0 0 1
    outer loop
      vertex 2.391238570213318 35.19335334002972 23.3
      vertex 2.5 35.26602540165186 23.3
      vertex 2.2235428616404533 37.297777481377125 23.3
    endloop
  endfacet
  facet normal 0 0 1
    outer loop
      vertex 2.5 35.26602540165186 23.3
      vertex 2.6173165664076805 35.323879532516 23.3
      vertex 2.2235428616404533 37.297777481377125 23.3
    endloop
  endfacet
  facet normal 0 0 1
    outer loop
      vertex 2.6173165664076805 35.323879532516 23.3
      vertex 2.741180956363678 35.3659258261323 23.3
      vertex 2.6084214225411415 37.37433458119631 23.3
    endloop
  endfacet
  facet normal 0 0 1
    outer loop
      vertex 2.741180956363678 35.3659258261323 23.3
      vertex 2.869473807513714 35.391444861888885 23.3
      vertex 2.6084214225411415 37.37433458119631 23.3
    endloop
  endfacet
  facet normal 0 0 1
    outer loop
      vertex 2.869473807513714 35.391444861888885 23.3
      vertex 3 35.399999998509884 23.3
      vertex 2.6084214225411415 37.37433458119631 23.3
    endloop
  endfacet
  facet normal 0 0 1
    outer loop
      vertex 2.2928932160139084 35.107106782495975 23.3
      vertex 2.2235428616404533 37.297777481377125 23.3
      vertex 1.8519496992230415 37.17163860052824 23.3
    endloop
  endfacet
  facet normal 0 0 1
    outer loop
      vertex 2.6173165664076805 35.323879532516 23.3
      vertex 2.6084214225411415 37.37433458119631 23.3
      vertex 2.2235428616404533 37.297777481377125 23.3
    endloop
  endfacet
  facet normal 0 0 1
    outer loop
      vertex 2.6084214225411415 37.37433458119631 23.3
      vertex 3 35.399999998509884 23.3
      vertex 3 37.399999998509884 23.3
    endloop
  endfacet
  facet normal 0 1 0
    outer loop
      vertex 3 37.399999998509884 2
      vertex 3 37.399999998509884 23.3
      vertex 44.90999999642372 37.399999998509884 23.3
    endloop
  endfacet
  facet normal 0 0 1
    outer loop
      vertex 3 35.399999998509884 23.3
      vertex 44.90999999642372 35.399999998509884 23.3
      vertex 3 37.399999998509884 23.3
    endloop
  endfacet
  facet normal 0.06540313273849394 -0.9978589230086541 0
    outer loop
      vertex 44.90999999642372 0 2
      vertex 45.30157857388258 0.025665417313575745 2
      vertex 44.90999999642372 0 23.3
    endloop
  endfacet
  facet normal 0.1950903258581441 -0.9807852796390059 0
    outer loop
      vertex 45.30157857388258 0.025665417313575745 2
      vertex 45.68645713478327 0.10222252458333969 2
      vertex 45.30157857388258 0.025665417313575745 23.3
    endloop
  endfacet
  facet normal 0.32143946370773846 -0.9469301300366788 0
    outer loop
      vertex 45.68645713478327 0.10222252458333969 2
      vertex 46.05805029720068 0.22836140543222427 2
      vertex 45.68645713478327 0.10222252458333969 23.3
    endloop
  endfacet
  facet normal 0.44228869181151964 -0.8968727407473451 0
    outer loop
      vertex 46.05805029720068 0.22836140543222427 2
      vertex 46.40999999642372 0.4019237905740738 2
      vertex 46.05805029720068 0.22836140543222427 23.3
    endloop
  endfacet
  facet normal 0.5555702203832521 -0.8314696207458843 0
    outer loop
      vertex 46.40999999642372 0.4019237905740738 2
      vertex 46.73628428578377 0.6199399754405022 2
      vertex 46.40999999642372 0.4019237905740738 23.3
    endloop
  endfacet
  facet normal 0.6593458207943228 -0.7518398024852507 0
    outer loop
      vertex 46.73628428578377 0.6199399754405022 2
      vertex 47.031320340931416 0.8786796554923058 2
      vertex 46.73628428578377 0.6199399754405022 23.3
    endloop
  endfacet
  facet normal 0.7518398024852507 -0.6593458207943228 0
    outer loop
      vertex 47.031320340931416 0.8786796554923058 2
      vertex 47.29006002098322 1.1737157106399536 2
      vertex 47.031320340931416 0.8786796554923058 23.3
    endloop
  endfacet
  facet normal 0.8314696119753573 -0.5555702335092734 0
    outer loop
      vertex 47.29006002098322 1.1737157106399536 2
      vertex 47.50807621330023 1.5 2
      vertex 47.29006002098322 1.1737157106399536 23.3
    endloop
  endfacet
  facet normal 0.8968727407473451 -0.44228869181151964 0
    outer loop
      vertex 47.50807621330023 1.5 2
      vertex 47.68163859844208 1.8519496992230415 2
      vertex 47.50807621330023 1.5 23.3
    endloop
  endfacet
  facet normal 0.9469301300366788 -0.32143946370773846 0
    outer loop
      vertex 47.68163859844208 1.8519496992230415 2
      vertex 47.80777747929096 2.2235428616404533 2
      vertex 47.68163859844208 1.8519496992230415 23.3
    endloop
  endfacet
  facet normal 0.9807852796390059 -0.1950903258581441 0
    outer loop
      vertex 47.80777747929096 2.2235428616404533 2
      vertex 47.884334586560726 2.6084214225411415 2
      vertex 47.80777747929096 2.2235428616404533 23.3
    endloop
  endfacet
  facet normal 0.9978589242477586 -0.06540311383340916 0
    outer loop
      vertex 47.884334586560726 2.6084214225411415 2
      vertex 47.90999999642372 3 2
      vertex 47.884334586560726 2.6084214225411415 23.3
    endloop
  endfacet
  facet normal 1 0 0
    outer loop
      vertex 47.90999999642372 3 2
      vertex 47.90999999642372 6 2
      vertex 47.90999999642372 3 23.3
    endloop
  endfacet
  facet normal 1 0 0
    outer loop
      vertex 47.90999999642372 6 2
      vertex 47.90999999642372 6 8
      vertex 47.90999999642372 3 23.3
    endloop
  endfacet
  facet normal 1 0 0
    outer loop
      vertex 47.90999999642372 6 8
      vertex 47.90999999642372 26 9.6
      vertex 47.90999999642372 11 9.6
    endloop
  endfacet
  facet normal 0 -1 0
    outer loop
      vertex 3 0 23.3
      vertex 44.90999999642372 0 2
      vertex 44.90999999642372 0 23.3
    endloop
  endfacet
  facet normal 0 0 1
    outer loop
      vertex 3 2 23.3
      vertex 44.90999999642372 0 23.3
      vertex 44.90999999642372 2 23.3
    endloop
  endfacet
  facet normal 0.06540313273849394 -0.9978589230086541 0
    outer loop
      vertex 45.30157857388258 0.025665417313575745 2
      vertex 45.30157857388258 0.025665417313575745 23.3
      vertex 44.90999999642372 0 23.3
    endloop
  endfacet
  facet normal 0.1950903258581441 -0.9807852796390059 0
    outer loop
      vertex 45.68645713478327 0.10222252458333969 2
      vertex 45.68645713478327 0.10222252458333969 23.3
      vertex 45.30157857388258 0.025665417313575745 23.3
    endloop
  endfacet
  facet normal 0.32143946370773846 -0.9469301300366788 0
    outer loop
      vertex 46.05805029720068 0.22836140543222427 2
      vertex 46.05805029720068 0.22836140543222427 23.3
      vertex 45.68645713478327 0.10222252458333969 23.3
    endloop
  endfacet
  facet normal 0.44228869181151964 -0.8968727407473451 0
    outer loop
      vertex 46.40999999642372 0.4019237905740738 2
      vertex 46.40999999642372 0.4019237905740738 23.3
      vertex 46.05805029720068 0.22836140543222427 23.3
    endloop
  endfacet
  facet normal 0.5555702203832521 -0.8314696207458843 0
    outer loop
      vertex 46.73628428578377 0.6199399754405022 2
      vertex 46.73628428578377 0.6199399754405022 23.3
      vertex 46.40999999642372 0.4019237905740738 23.3
    endloop
  endfacet
  facet normal 0.6593458207943228 -0.7518398024852507 0
    outer loop
      vertex 47.031320340931416 0.8786796554923058 2
      vertex 47.031320340931416 0.8786796554923058 23.3
      vertex 46.73628428578377 0.6199399754405022 23.3
    endloop
  endfacet
  facet normal 0.7518398024852507 -0.6593458207943228 0
    outer loop
      vertex 47.29006002098322 1.1737157106399536 2
      vertex 47.29006002098322 1.1737157106399536 23.3
      vertex 47.031320340931416 0.8786796554923058 23.3
    endloop
  endfacet
  facet normal 0.8314696119753573 -0.5555702335092734 0
    outer loop
      vertex 47.50807621330023 1.5 2
      vertex 47.50807621330023 1.5 23.3
      vertex 47.29006002098322 1.1737157106399536 23.3
    endloop
  endfacet
  facet normal 0.8968727407473451 -0.44228869181151964 0
    outer loop
      vertex 47.68163859844208 1.8519496992230415 2
      vertex 47.68163859844208 1.8519496992230415 23.3
      vertex 47.50807621330023 1.5 23.3
    endloop
  endfacet
  facet normal 0.9469301300366788 -0.32143946370773846 0
    outer loop
      vertex 47.80777747929096 2.2235428616404533 2
      vertex 47.80777747929096 2.2235428616404533 23.3
      vertex 47.68163859844208 1.8519496992230415 23.3
    endloop
  endfacet
  facet normal 0.9807852796390059 -0.1950903258581441 0
    outer loop
      vertex 47.884334586560726 2.6084214225411415 2
      vertex 47.884334586560726 2.6084214225411415 23.3
      vertex 47.80777747929096 2.2235428616404533 23.3
    endloop
  endfacet
  facet normal 0.9978589242477586 -0.06540311383340916 0
    outer loop
      vertex 47.90999999642372 3 2
      vertex 47.90999999642372 3 23.3
      vertex 47.884334586560726 2.6084214225411415 23.3
    endloop
  endfacet
  facet normal 1 0 0
    outer loop
      vertex 47.90999999642372 6 8
      vertex 47.90999999642372 11 9.6
      vertex 47.90999999642372 11 23.3
    endloop
  endfacet
  facet normal 0 0 1
    outer loop
      vertex 44.90999999642372 0 23.3
      vertex 45.30157857388258 0.025665417313575745 23.3
      vertex 44.90999999642372 2 23.3
    endloop
  endfacet
  facet normal 0 0 1
    outer loop
      vertex 45.30157857388258 0.025665417313575745 23.3
      vertex 45.68645713478327 0.10222252458333969 23.3
      vertex 45.29268343001604 2.0761204659938812 23.3
    endloop
  endfacet
  facet normal 0 0 1
    outer loop
      vertex 45.68645713478327 0.10222252458333969 23.3
      vertex 46.05805029720068 0.22836140543222427 23.3
      vertex 45.61710678040981 2.2928932160139084 23.3
    endloop
  endfacet
  facet normal 0 0 1
    outer loop
      vertex 44.90999999642372 2 23.3
      vertex 45.30157857388258 0.025665417313575745 23.3
      vertex 45.04052618891001 2.0085551366209984 23.3
    endloop
  endfacet
  facet normal 0 0 1
    outer loop
      vertex 45.30157857388258 0.025665417313575745 23.3
      vertex 45.168819047510624 2.0340741723775864 23.3
      vertex 45.04052618891001 2.0085551366209984 23.3
    endloop
  endfacet
  facet normal 0 0 1
    outer loop
      vertex 45.30157857388258 0.025665417313575745 23.3
      vertex 45.29268343001604 2.0761204659938812 23.3
      vertex 45.168819047510624 2.0340741723775864 23.3
    endloop
  endfacet
  facet normal 0 0 1
    outer loop
      vertex 45.68645713478327 0.10222252458333969 23.3
      vertex 45.40999999642372 2.1339745968580246 23.3
      vertex 45.29268343001604 2.0761204659938812 23.3
    endloop
  endfacet
  facet normal 0 0 1
    outer loop
      vertex 45.68645713478327 0.10222252458333969 23.3
      vertex 45.5187614262104 2.2066466584801674 23.3
      vertex 45.40999999642372 2.1339745968580246 23.3
    endloop
  endfacet
  facet normal 0 0 1
    outer loop
      vertex 45.68645713478327 0.10222252458333969 23.3
      vertex 45.61710678040981 2.2928932160139084 23.3
      vertex 45.5187614262104 2.2066466584801674 23.3
    endloop
  endfacet
  facet normal 0 0 1
    outer loop
      vertex 46.05805029720068 0.22836140543222427 23.3
      vertex 45.703353337943554 2.391238570213318 23.3
      vertex 45.61710678040981 2.2928932160139084 23.3
    endloop
  endfacet
  facet normal 0 0 1
    outer loop
      vertex 46.05805029720068 0.22836140543222427 23.3
      vertex 45.77602540701628 2.5 23.3
      vertex 45.703353337943554 2.391238570213318 23.3
    endloop
  endfacet
  facet normal 0 0 1
    outer loop
      vertex 46.05805029720068 0.22836140543222427 23.3
      vertex 45.83387953042984 2.6173165664076805 23.3
      vertex 45.77602540701628 2.5 23.3
    endloop
  endfacet
  facet normal 0 0 1
    outer loop
      vertex 46.05805029720068 0.22836140543222427 23.3
      vertex 45.875925824046135 2.741180956363678 23.3
      vertex 45.83387953042984 2.6173165664076805 23.3
    endloop
  endfacet
  facet normal 0 0 1
    outer loop
      vertex 46.05805029720068 0.22836140543222427 23.3
      vertex 45.90144485980272 2.869473807513714 23.3
      vertex 45.875925824046135 2.741180956363678 23.3
    endloop
  endfacet
  facet normal 0 0 1
    outer loop
      vertex 46.05805029720068 0.22836140543222427 23.3
      vertex 45.90999999642372 3 23.3
      vertex 45.90144485980272 2.869473807513714 23.3
    endloop
  endfacet
  facet normal 0 0 1
    outer loop
      vertex 46.05805029720068 0.22836140543222427 23.3
      vertex 46.40999999642372 0.4019237905740738 23.3
      vertex 45.90999999642372 11 23.3
    endloop
  endfacet
  facet normal 0 0 1
    outer loop
      vertex 46.40999999642372 0.4019237905740738 23.3
      vertex 46.73628428578377 0.6199399754405022 23.3
      vertex 45.90999999642372 11 23.3
    endloop
  endfacet
  facet normal 0 0 1
    outer loop
      vertex 46.73628428578377 0.6199399754405022 23.3
      vertex 47.031320340931416 0.8786796554923058 23.3
      vertex 45.90999999642372 11 23.3
    endloop
  endfacet
  facet normal 0 0 1
    outer loop
      vertex 47.031320340931416 0.8786796554923058 23.3
      vertex 47.29006002098322 1.1737157106399536 23.3
      vertex 45.90999999642372 11 23.3
    endloop
  endfacet
  facet normal 0 0 1
    outer loop
      vertex 47.29006002098322 1.1737157106399536 23.3
      vertex 47.50807621330023 1.5 23.3
      vertex 45.90999999642372 11 23.3
    endloop
  endfacet
  facet normal 1 0 0
    outer loop
      vertex 47.90999999642372 6 8
      vertex 47.90999999642372 11 23.3
      vertex 47.90999999642372 3 23.3
    endloop
  endfacet
  facet normal 0 0 1
    outer loop
      vertex 46.05805029720068 0.22836140543222427 23.3
      vertex 45.90999999642372 11 23.3
      vertex 45.90999999642372 3 23.3
    endloop
  endfacet
  facet normal 0 0 1
    outer loop
      vertex 47.50807621330023 1.5 23.3
      vertex 47.68163859844208 1.8519496992230415 23.3
      vertex 45.90999999642372 11 23.3
    endloop
  endfacet
  facet normal 0 0 1
    outer loop
      vertex 47.68163859844208 1.8519496992230415 23.3
      vertex 47.80777747929096 2.2235428616404533 23.3
      vertex 45.90999999642372 11 23.3
    endloop
  endfacet
  facet normal 0 0 1
    outer loop
      vertex 47.80777747929096 2.2235428616404533 23.3
      vertex 47.884334586560726 2.6084214225411415 23.3
      vertex 45.90999999642372 11 23.3
    endloop
  endfacet
  facet normal 0 0 1
    outer loop
      vertex 47.884334586560726 2.6084214225411415 23.3
      vertex 47.90999999642372 3 23.3
      vertex 45.90999999642372 11 23.3
    endloop
  endfacet
  facet normal 0 0 1
    outer loop
      vertex 47.90999999642372 3 23.3
      vertex 47.90999999642372 11 23.3
      vertex 45.90999999642372 11 23.3
    endloop
  endfacet
  facet normal 0 1 0
    outer loop
      vertex 31 37.399999998509884 2.000000000000001
      vertex 31 37.399999998509884 2.799999999997135
      vertex 44.90999999642372 37.399999998509884 2
    endloop
  endfacet
  facet normal 0 1 0
    outer loop
      vertex 16 37.399999998509884 2.799999999997135
      vertex 44.90999999642372 37.399999998509884 23.3
      vertex 21 37.399999998509884 2.8000000000000007
    endloop
  endfacet
  facet normal 0 1 0
    outer loop
      vertex 21 37.399999998509884 2.8000000000000007
      vertex 44.90999999642372 37.399999998509884 23.3
      vertex 31 37.399999998509884 2.799999999997135
    endloop
  endfacet
  facet normal 1 0 0
    outer loop
      vertex 47.90999999642372 6 8
      vertex 47.90999999642372 31.4 8
      vertex 47.90999999642372 26 9.6
    endloop
  endfacet
  facet normal 1 0 0
    outer loop
      vertex 47.90999999642372 31.4 2
      vertex 47.90999999642372 34.399999998509884 2
      vertex 47.90999999642372 31.4 8
    endloop
  endfacet
  facet normal 0 1 0
    outer loop
      vertex 31 37.399999998509884 2.799999999997135
      vertex 44.90999999642372 37.399999998509884 23.3
      vertex 44.90999999642372 37.399999998509884 2
    endloop
  endfacet
  facet normal 0.9978589242477586 0.06540311383340916 0
    outer loop
      vertex 47.90999999642372 34.399999998509884 2
      vertex 47.884334586560726 34.79157857596874 2
      vertex 47.90999999642372 34.399999998509884 23.3
    endloop
  endfacet
  facet normal 0.9807852796390059 0.1950903258581441 0
    outer loop
      vertex 47.884334586560726 34.79157857596874 2
      vertex 47.80777747929096 35.17645713686943 2
      vertex 47.884334586560726 34.79157857596874 23.3
    endloop
  endfacet
  facet normal 1 0 0
    outer loop
      vertex 47.90999999642372 34.399999998509884 2
      vertex 47.90999999642372 34.399999998509884 23.3
      vertex 47.90999999642372 31.4 8
    endloop
  endfacet
  facet normal 0.06540313273849394 0.9978589230086541 0
    outer loop
      vertex 44.90999999642372 37.399999998509884 2
      vertex 45.30157857388258 37.37433458119631 23.3
      vertex 45.30157857388258 37.37433458119631 2
    endloop
  endfacet
  facet normal 0.19509030759446716 0.9807852832718771 0
    outer loop
      vertex 45.30157857388258 37.37433458119631 2
      vertex 45.68645713478327 37.297777481377125 23.3
      vertex 45.68645713478327 37.297777481377125 2
    endloop
  endfacet
  facet normal 0.32143946370773846 0.9469301300366788 0
    outer loop
      vertex 45.68645713478327 37.297777481377125 2
      vertex 46.05805029720068 37.17163860052824 23.3
      vertex 46.05805029720068 37.17163860052824 2
    endloop
  endfacet
  facet normal 0.4422887070837332 0.8968727332159228 0
    outer loop
      vertex 46.40999999642372 36.99807620793581 2
      vertex 46.05805029720068 37.17163860052824 2
      vertex 46.40999999642372 36.99807620793581 23.3
    endloop
  endfacet
  facet normal 0.9469301300366788 0.32143946370773846 0
    outer loop
      vertex 47.80777747929096 35.17645713686943 2
      vertex 47.68163859844208 35.54805029928684 2
      vertex 47.80777747929096 35.17645713686943 23.3
    endloop
  endfacet
  facet normal 0.8314696119753573 0.5555702335092734 0
    outer loop
      vertex 47.50807621330023 35.899999998509884 2
      vertex 47.29006002098322 36.22628428786993 2
      vertex 47.50807621330023 35.899999998509884 23.3
    endloop
  endfacet
  facet normal 0.8968727407473451 0.44228869181151964 0
    outer loop
      vertex 47.68163859844208 35.54805029928684 2
      vertex 47.50807621330023 35.899999998509884 2
      vertex 47.68163859844208 35.54805029928684 23.3
    endloop
  endfacet
  facet normal 0.6593458207943228 0.7518398024852507 0
    outer loop
      vertex 46.73628428578377 36.78006002306938 2
      vertex 47.031320340931416 36.52132034301758 23.3
      vertex 47.031320340931416 36.52132034301758 2
    endloop
  endfacet
  facet normal 0.5555702203832521 0.8314696207458843 0
    outer loop
      vertex 46.40999999642372 36.99807620793581 2
      vertex 46.73628428578377 36.78006002306938 23.3
      vertex 46.73628428578377 36.78006002306938 2
    endloop
  endfacet
  facet normal 0.7518398024852507 0.6593458207943228 0
    outer loop
      vertex 47.29006002098322 36.22628428786993 2
      vertex 47.031320340931416 36.52132034301758 2
      vertex 47.29006002098322 36.22628428786993 23.3
    endloop
  endfacet
  facet normal 0 0 1
    outer loop
      vertex 3 37.399999998509884 23.3
      vertex 44.90999999642372 35.399999998509884 23.3
      vertex 44.90999999642372 37.399999998509884 23.3
    endloop
  endfacet
  facet normal 1 0 0
    outer loop
      vertex 47.90999999642372 31.4 8
      vertex 47.90999999642372 34.399999998509884 23.3
      vertex 47.90999999642372 26 9.6
    endloop
  endfacet
  facet normal 0.9978589242477586 0.06540311383340916 0
    outer loop
      vertex 47.884334586560726 34.79157857596874 2
      vertex 47.884334586560726 34.79157857596874 23.3
      vertex 47.90999999642372 34.399999998509884 23.3
    endloop
  endfacet
  facet normal 0.9807852796390059 0.1950903258581441 0
    outer loop
      vertex 47.80777747929096 35.17645713686943 2
      vertex 47.80777747929096 35.17645713686943 23.3
      vertex 47.884334586560726 34.79157857596874 23.3
    endloop
  endfacet
  facet normal 0.06540313273849394 0.9978589230086541 0
    outer loop
      vertex 44.90999999642372 37.399999998509884 2
      vertex 44.90999999642372 37.399999998509884 23.3
      vertex 45.30157857388258 37.37433458119631 23.3
    endloop
  endfacet
  facet normal 0.19509030759446716 0.9807852832718771 0
    outer loop
      vertex 45.30157857388258 37.37433458119631 2
      vertex 45.30157857388258 37.37433458119631 23.3
      vertex 45.68645713478327 37.297777481377125 23.3
    endloop
  endfacet
  facet normal 0.32143946370773846 0.9469301300366788 0
    outer loop
      vertex 45.68645713478327 37.297777481377125 2
      vertex 45.68645713478327 37.297777481377125 23.3
      vertex 46.05805029720068 37.17163860052824 23.3
    endloop
  endfacet
  facet normal 0.4422887070837332 0.8968727332159228 0
    outer loop
      vertex 46.05805029720068 37.17163860052824 2
      vertex 46.05805029720068 37.17163860052824 23.3
      vertex 46.40999999642372 36.99807620793581 23.3
    endloop
  endfacet
  facet normal 0.9469301300366788 0.32143946370773846 0
    outer loop
      vertex 47.68163859844208 35.54805029928684 2
      vertex 47.68163859844208 35.54805029928684 23.3
      vertex 47.80777747929096 35.17645713686943 23.3
    endloop
  endfacet
  facet normal 0.8314696119753573 0.5555702335092734 0
    outer loop
      vertex 47.29006002098322 36.22628428786993 2
      vertex 47.29006002098322 36.22628428786993 23.3
      vertex 47.50807621330023 35.899999998509884 23.3
    endloop
  endfacet
  facet normal 0.8968727407473451 0.44228869181151964 0
    outer loop
      vertex 47.50807621330023 35.899999998509884 2
      vertex 47.50807621330023 35.899999998509884 23.3
      vertex 47.68163859844208 35.54805029928684 23.3
    endloop
  endfacet
  facet normal 0.7518398024852507 0.6593458207943228 0
    outer loop
      vertex 47.031320340931416 36.52132034301758 2
      vertex 47.031320340931416 36.52132034301758 23.3
      vertex 47.29006002098322 36.22628428786993 23.3
    endloop
  endfacet
  facet normal 0.6593458207943228 0.7518398024852507 0
    outer loop
      vertex 46.73628428578377 36.78006002306938 2
      vertex 46.73628428578377 36.78006002306938 23.3
      vertex 47.031320340931416 36.52132034301758 23.3
    endloop
  endfacet
  facet normal 0.5555702203832521 0.8314696207458843 0
    outer loop
      vertex 46.40999999642372 36.99807620793581 2
      vertex 46.40999999642372 36.99807620793581 23.3
      vertex 46.73628428578377 36.78006002306938 23.3
    endloop
  endfacet
  facet normal 1 0 0
    outer loop
      vertex 47.90999999642372 34.399999998509884 23.3
      vertex 47.90999999642372 26 23.3
      vertex 47.90999999642372 26 9.6
    endloop
  endfacet
  facet normal 0 0 1
    outer loop
      vertex 45.90999999642372 34.399999998509884 23.3
      vertex 45.90999999642372 26 23.3
      vertex 47.90999999642372 26 23.3
    endloop
  endfacet
  facet normal 0 0 1
    outer loop
      vertex 45.90999999642372 34.399999998509884 23.3
      vertex 47.90999999642372 26 23.3
      vertex 46.05805029720068 37.17163860052824 23.3
    endloop
  endfacet
  facet normal 0 0 1
    outer loop
      vertex 47.90999999642372 34.399999998509884 23.3
      vertex 47.884334586560726 34.79157857596874 23.3
      vertex 47.90999999642372 26 23.3
    endloop
  endfacet
  facet normal 0 0 1
    outer loop
      vertex 47.884334586560726 34.79157857596874 23.3
      vertex 47.80777747929096 35.17645713686943 23.3
      vertex 47.90999999642372 26 23.3
    endloop
  endfacet
  facet normal 0 0 1
    outer loop
      vertex 47.80777747929096 35.17645713686943 23.3
      vertex 47.68163859844208 35.54805029928684 23.3
      vertex 47.90999999642372 26 23.3
    endloop
  endfacet
  facet normal 0 0 1
    outer loop
      vertex 47.68163859844208 35.54805029928684 23.3
      vertex 47.50807621330023 35.899999998509884 23.3
      vertex 47.90999999642372 26 23.3
    endloop
  endfacet
  facet normal 0 0 1
    outer loop
      vertex 47.50807621330023 35.899999998509884 23.3
      vertex 47.29006002098322 36.22628428786993 23.3
      vertex 47.90999999642372 26 23.3
    endloop
  endfacet
  facet normal 0 0 1
    outer loop
      vertex 46.40999999642372 36.99807620793581 23.3
      vertex 47.90999999642372 26 23.3
      vertex 46.73628428578377 36.78006002306938 23.3
    endloop
  endfacet
  facet normal 0 0 1
    outer loop
      vertex 46.40999999642372 36.99807620793581 23.3
      vertex 46.05805029720068 37.17163860052824 23.3
      vertex 47.90999999642372 26 23.3
    endloop
  endfacet
  facet normal 0 0 1
    outer loop
      vertex 47.29006002098322 36.22628428786993 23.3
      vertex 47.031320340931416 36.52132034301758 23.3
      vertex 47.90999999642372 26 23.3
    endloop
  endfacet
  facet normal 0 0 1
    outer loop
      vertex 46.73628428578377 36.78006002306938 23.3
      vertex 47.90999999642372 26 23.3
      vertex 47.031320340931416 36.52132034301758 23.3
    endloop
  endfacet
  facet normal 0 0 1
    outer loop
      vertex 44.90999999642372 35.399999998509884 23.3
      vertex 45.04052618891001 35.391444861888885 23.3
      vertex 44.90999999642372 37.399999998509884 23.3
    endloop
  endfacet
  facet normal 0 0 1
    outer loop
      vertex 45.04052618891001 35.391444861888885 23.3
      vertex 45.168819047510624 35.3659258261323 23.3
      vertex 45.30157857388258 37.37433458119631 23.3
    endloop
  endfacet
  facet normal 0 0 1
    outer loop
      vertex 45.168819047510624 35.3659258261323 23.3
      vertex 45.29268343001604 35.323879532516 23.3
      vertex 45.30157857388258 37.37433458119631 23.3
    endloop
  endfacet
  facet normal 0 0 1
    outer loop
      vertex 45.40999999642372 35.26602540165186 23.3
      vertex 45.5187614262104 35.19335334002972 23.3
      vertex 45.68645713478327 37.297777481377125 23.3
    endloop
  endfacet
  facet normal 0 0 1
    outer loop
      vertex 45.5187614262104 35.19335334002972 23.3
      vertex 45.61710678040981 35.107106782495975 23.3
      vertex 45.68645713478327 37.297777481377125 23.3
    endloop
  endfacet
  facet normal 0 0 1
    outer loop
      vertex 45.29268343001604 35.323879532516 23.3
      vertex 45.40999999642372 35.26602540165186 23.3
      vertex 45.30157857388258 37.37433458119631 23.3
    endloop
  endfacet
  facet normal 0 0 1
    outer loop
      vertex 45.90999999642372 34.399999998509884 23.3
      vertex 46.05805029720068 37.17163860052824 23.3
      vertex 45.90144485980272 34.53052619099617 23.3
    endloop
  endfacet
  facet normal 0 0 1
    outer loop
      vertex 45.90144485980272 34.53052619099617 23.3
      vertex 46.05805029720068 37.17163860052824 23.3
      vertex 45.875925824046135 34.658819042146206 23.3
    endloop
  endfacet
  facet normal 0 0 1
    outer loop
      vertex 45.875925824046135 34.658819042146206 23.3
      vertex 46.05805029720068 37.17163860052824 23.3
      vertex 45.83387953042984 34.7826834321022 23.3
    endloop
  endfacet
  facet normal 0 0 1
    outer loop
      vertex 45.83387953042984 34.7826834321022 23.3
      vertex 46.05805029720068 37.17163860052824 23.3
      vertex 45.77602540701628 34.899999998509884 23.3
    endloop
  endfacet
  facet normal 0 0 1
    outer loop
      vertex 45.77602540701628 34.899999998509884 23.3
      vertex 45.68645713478327 37.297777481377125 23.3
      vertex 45.703353337943554 35.008761428296566 23.3
    endloop
  endfacet
  facet normal 0 0 1
    outer loop
      vertex 45.703353337943554 35.008761428296566 23.3
      vertex 45.68645713478327 37.297777481377125 23.3
      vertex 45.61710678040981 35.107106782495975 23.3
    endloop
  endfacet
  facet normal 0 0 1
    outer loop
      vertex 44.90999999642372 37.399999998509884 23.3
      vertex 45.04052618891001 35.391444861888885 23.3
      vertex 45.30157857388258 37.37433458119631 23.3
    endloop
  endfacet
  facet normal 0 0 1
    outer loop
      vertex 45.40999999642372 35.26602540165186 23.3
      vertex 45.68645713478327 37.297777481377125 23.3
      vertex 45.30157857388258 37.37433458119631 23.3
    endloop
  endfacet
  facet normal 0 0 1
    outer loop
      vertex 45.77602540701628 34.899999998509884 23.3
      vertex 46.05805029720068 37.17163860052824 23.3
      vertex 45.68645713478327 37.297777481377125 23.3
    endloop
  endfacet
  facet normal 0 1 0
    outer loop
      vertex 3 2 2
      vertex 6 2 2.8000000000000007
      vertex 6 2 2.000000000000001
    endloop
  endfacet
  facet normal 0.5555702203832521 0.8314696207458843 0
    outer loop
      vertex 2.391238570213318 2.2066466584801674 2
      vertex 2.391238570213318 2.2066466584801674 23.3
      vertex 2.5 2.1339745968580246 2
    endloop
  endfacet
  facet normal 0.6593458006501332 0.7518398201512305 0
    outer loop
      vertex 2.2928932160139084 2.2928932160139084 2
      vertex 2.2928932160139084 2.2928932160139084 23.3
      vertex 2.391238570213318 2.2066466584801674 2
    endloop
  endfacet
  facet normal 0.44228870708373313 0.8968727332159226 0
    outer loop
      vertex 2.5 2.1339745968580246 2
      vertex 2.5 2.1339745968580246 23.3
      vertex 2.6173165664076805 2.0761204659938812 2
    endloop
  endfacet
  facet normal 0.19509032949101546 0.980785278916383 0
    outer loop
      vertex 2.741180956363678 2.0340741723775864 2
      vertex 2.741180956363678 2.0340741723775864 23.3
      vertex 2.869473807513714 2.0085551366209984 2
    endloop
  endfacet
  facet normal 0.06540311383340917 0.9978589242477587 0
    outer loop
      vertex 2.869473807513714 2.0085551366209984 2
      vertex 2.869473807513714 2.0085551366209984 23.3
      vertex 3 2 2
    endloop
  endfacet
  facet normal 0.32143945792867507 0.9469301319984066 0
    outer loop
      vertex 2.6173165664076805 2.0761204659938812 2
      vertex 2.6173165664076805 2.0761204659938812 23.3
      vertex 2.741180956363678 2.0340741723775864 2
    endloop
  endfacet
  facet normal 0.7518398201512305 0.6593458006501332 0
    outer loop
      vertex 2.2928932160139084 2.2928932160139084 2
      vertex 2.2066466584801674 2.391238570213318 2
      vertex 2.2066466584801674 2.391238570213318 23.3
    endloop
  endfacet
  facet normal 0.8314696207458843 0.5555702203832521 0
    outer loop
      vertex 2.2066466584801674 2.391238570213318 2
      vertex 2.1339745968580246 2.5 2
      vertex 2.1339745968580246 2.5 23.3
    endloop
  endfacet
  facet normal 0.8968727332159226 0.44228870708373313 0
    outer loop
      vertex 2.1339745968580246 2.5 2
      vertex 2.0761204659938812 2.6173165664076805 2
      vertex 2.0761204659938812 2.6173165664076805 23.3
    endloop
  endfacet
  facet normal 0.9469301319984066 0.32143945792867507 0
    outer loop
      vertex 2.0761204659938812 2.6173165664076805 2
      vertex 2.0340741723775864 2.741180956363678 2
      vertex 2.0340741723775864 2.741180956363678 23.3
    endloop
  endfacet
  facet normal 0.980785278916383 0.19509032949101546 0
    outer loop
      vertex 2.0340741723775864 2.741180956363678 2
      vertex 2.0085551366209984 2.869473807513714 2
      vertex 2.0085551366209984 2.869473807513714 23.3
    endloop
  endfacet
  facet normal 0.9978589242477587 0.06540311383340917 0
    outer loop
      vertex 2.0085551366209984 2.869473807513714 2
      vertex 2 3 2
      vertex 2 3 23.3
    endloop
  endfacet
  facet normal 0 1 0
    outer loop
      vertex 3 2 2
      vertex 3 2 23.3
      vertex 6 2 2.8000000000000007
    endloop
  endfacet
  facet normal 1 0 0
    outer loop
      vertex 2 3 2
      vertex 2 11 9.6
      vertex 2 3 23.3
    endloop
  endfacet
  facet normal 0 1 0
    outer loop
      vertex 6 2 2.8000000000000007
      vertex 3 2 23.3
      vertex 16 2 2.8000000000000007
    endloop
  endfacet
  facet normal 1 0 0
    outer loop
      vertex 2 3 2
      vertex 2 34.399999998509884 2
      vertex 2 11 9.6
    endloop
  endfacet
  facet normal 0 1 0
    outer loop
      vertex 16 2 2.000000000000001
      vertex 16 2 2.8000000000000007
      vertex 21 2 2.8000000000000007
    endloop
  endfacet
  facet normal 0 1 0
    outer loop
      vertex 16 2 2.000000000000001
      vertex 21 2 2.8000000000000007
      vertex 21 2 2.000000000000001
    endloop
  endfacet
  facet normal 0 1 0
    outer loop
      vertex 16 2 2.8000000000000007
      vertex 3 2 23.3
      vertex 21 2 2.8000000000000007
    endloop
  endfacet
  facet normal 0 1 0
    outer loop
      vertex 21 2 2.8000000000000007
      vertex 3 2 23.3
      vertex 31 2 2.8000000000000007
    endloop
  endfacet
  facet normal 0.7518398201512305 0.6593458006501332 0
    outer loop
      vertex 2.2928932160139084 2.2928932160139084 2
      vertex 2.2066466584801674 2.391238570213318 23.3
      vertex 2.2928932160139084 2.2928932160139084 23.3
    endloop
  endfacet
  facet normal 0.6593458006501332 0.7518398201512305 0
    outer loop
      vertex 2.391238570213318 2.2066466584801674 2
      vertex 2.2928932160139084 2.2928932160139084 23.3
      vertex 2.391238570213318 2.2066466584801674 23.3
    endloop
  endfacet
  facet normal 0.5555702203832521 0.8314696207458843 0
    outer loop
      vertex 2.5 2.1339745968580246 2
      vertex 2.391238570213318 2.2066466584801674 23.3
      vertex 2.5 2.1339745968580246 23.3
    endloop
  endfacet
  facet normal 0.44228870708373313 0.8968727332159226 0
    outer loop
      vertex 2.6173165664076805 2.0761204659938812 2
      vertex 2.5 2.1339745968580246 23.3
      vertex 2.6173165664076805 2.0761204659938812 23.3
    endloop
  endfacet
  facet normal 0.19509032949101546 0.980785278916383 0
    outer loop
      vertex 2.869473807513714 2.0085551366209984 2
      vertex 2.741180956363678 2.0340741723775864 23.3
      vertex 2.869473807513714 2.0085551366209984 23.3
    endloop
  endfacet
  facet normal 0.06540311383340917 0.9978589242477587 0
    outer loop
      vertex 3 2 2
      vertex 2.869473807513714 2.0085551366209984 23.3
      vertex 3 2 23.3
    endloop
  endfacet
  facet normal 0.32143945792867507 0.9469301319984066 0
    outer loop
      vertex 2.741180956363678 2.0340741723775864 2
      vertex 2.6173165664076805 2.0761204659938812 23.3
      vertex 2.741180956363678 2.0340741723775864 23.3
    endloop
  endfacet
  facet normal 0.8314696207458843 0.5555702203832521 0
    outer loop
      vertex 2.2066466584801674 2.391238570213318 2
      vertex 2.1339745968580246 2.5 23.3
      vertex 2.2066466584801674 2.391238570213318 23.3
    endloop
  endfacet
  facet normal 0.8968727332159226 0.44228870708373313 0
    outer loop
      vertex 2.1339745968580246 2.5 2
      vertex 2.0761204659938812 2.6173165664076805 23.3
      vertex 2.1339745968580246 2.5 23.3
    endloop
  endfacet
  facet normal 0.980785278916383 0.19509032949101546 0
    outer loop
      vertex 2.0340741723775864 2.741180956363678 2
      vertex 2.0085551366209984 2.869473807513714 23.3
      vertex 2.0340741723775864 2.741180956363678 23.3
    endloop
  endfacet
  facet normal 0.9978589242477587 0.06540311383340917 0
    outer loop
      vertex 2.0085551366209984 2.869473807513714 2
      vertex 2 3 23.3
      vertex 2.0085551366209984 2.869473807513714 23.3
    endloop
  endfacet
  facet normal 0.9469301319984066 0.32143945792867507 0
    outer loop
      vertex 2.0761204659938812 2.6173165664076805 2
      vertex 2.0340741723775864 2.741180956363678 23.3
      vertex 2.0761204659938812 2.6173165664076805 23.3
    endloop
  endfacet
  facet normal 1 0 0
    outer loop
      vertex 2 3 23.3
      vertex 2 11 9.6
      vertex 2 11 23.3
    endloop
  endfacet
  facet normal 1 0 0
    outer loop
      vertex 2 34.399999998509884 2
      vertex 2 26 9.6
      vertex 2 11 9.6
    endloop
  endfacet
  facet normal 0 -1 0
    outer loop
      vertex 3 35.399999998509884 2
      vertex 6 35.399999998509884 2.000000000000001
      vertex 6 35.399999998509884 2.8000000000000007
    endloop
  endfacet
  facet normal 1 0 0
    outer loop
      vertex 2 34.399999998509884 2
      vertex 2 34.399999998509884 23.3
      vertex 2 26 9.6
    endloop
  endfacet
  facet normal 0.9978589242477587 -0.06540311383340917 0
    outer loop
      vertex 2 34.399999998509884 2
      vertex 2.0085551366209984 34.53052619099617 2
      vertex 2.0085551366209984 34.53052619099617 23.3
    endloop
  endfacet
  facet normal 0.980785278916383 -0.19509032949101546 0
    outer loop
      vertex 2.0085551366209984 34.53052619099617 2
      vertex 2.0340741723775864 34.658819042146206 2
      vertex 2.0340741723775864 34.658819042146206 23.3
    endloop
  endfacet
  facet normal 0.9469301319984066 -0.32143945792867507 0
    outer loop
      vertex 2.0340741723775864 34.658819042146206 2
      vertex 2.0761204659938812 34.7826834321022 2
      vertex 2.0761204659938812 34.7826834321022 23.3
    endloop
  endfacet
  facet normal 0.8968727332159226 -0.44228870708373313 0
    outer loop
      vertex 2.0761204659938812 34.7826834321022 2
      vertex 2.1339745968580246 34.899999998509884 2
      vertex 2.1339745968580246 34.899999998509884 23.3
    endloop
  endfacet
  facet normal 0.8314696207458843 -0.5555702203832521 0
    outer loop
      vertex 2.1339745968580246 34.899999998509884 2
      vertex 2.2066466584801674 35.008761428296566 2
      vertex 2.2066466584801674 35.008761428296566 23.3
    endloop
  endfacet
  facet normal 0.7518398201512305 -0.6593458006501332 0
    outer loop
      vertex 2.2066466584801674 35.008761428296566 2
      vertex 2.2928932160139084 35.107106782495975 2
      vertex 2.2928932160139084 35.107106782495975 23.3
    endloop
  endfacet
  facet normal 0.6593458006501332 -0.7518398201512305 0
    outer loop
      vertex 2.2928932160139084 35.107106782495975 2
      vertex 2.391238570213318 35.19335334002972 2
      vertex 2.391238570213318 35.19335334002972 23.3
    endloop
  endfacet
  facet normal 0.5555702203832521 -0.8314696207458843 0
    outer loop
      vertex 2.391238570213318 35.19335334002972 2
      vertex 2.5 35.26602540165186 2
      vertex 2.5 35.26602540165186 23.3
    endloop
  endfacet
  facet normal 0.44228870708373313 -0.8968727332159226 0
    outer loop
      vertex 2.5 35.26602540165186 2
      vertex 2.6173165664076805 35.323879532516 2
      vertex 2.6173165664076805 35.323879532516 23.3
    endloop
  endfacet
  facet normal 0.32143945792867507 -0.9469301319984066 0
    outer loop
      vertex 2.6173165664076805 35.323879532516 2
      vertex 2.741180956363678 35.3659258261323 2
      vertex 2.741180956363678 35.3659258261323 23.3
    endloop
  endfacet
  facet normal 0.19509032949101546 -0.980785278916383 0
    outer loop
      vertex 2.741180956363678 35.3659258261323 2
      vertex 2.869473807513714 35.391444861888885 2
      vertex 2.869473807513714 35.391444861888885 23.3
    endloop
  endfacet
  facet normal 0.06540311383340917 -0.9978589242477587 0
    outer loop
      vertex 2.869473807513714 35.391444861888885 2
      vertex 3 35.399999998509884 2
      vertex 3 35.399999998509884 23.3
    endloop
  endfacet
  facet normal 0 -1 0
    outer loop
      vertex 16 35.399999998509884 2.000000000000001
      vertex 21 35.399999998509884 2.000000000000001
      vertex 16 35.399999998509884 2.8000000000000007
    endloop
  endfacet
  facet normal 0 -1 0
    outer loop
      vertex 16 35.399999998509884 2.8000000000000007
      vertex 21 35.399999998509884 2.000000000000001
      vertex 21 35.399999998509884 2.8000000000000007
    endloop
  endfacet
  facet normal 0 -1 0
    outer loop
      vertex 3 35.399999998509884 2
      vertex 6 35.399999998509884 2.8000000000000007
      vertex 44.90999999642372 35.399999998509884 23.3
    endloop
  endfacet
  facet normal 0 -1 0
    outer loop
      vertex 6 35.399999998509884 2.8000000000000007
      vertex 16 35.399999998509884 2.8000000000000007
      vertex 44.90999999642372 35.399999998509884 23.3
    endloop
  endfacet
  facet normal 0.9978589242477587 -0.06540311383340917 0
    outer loop
      vertex 2 34.399999998509884 2
      vertex 2.0085551366209984 34.53052619099617 23.3
      vertex 2 34.399999998509884 23.3
    endloop
  endfacet
  facet normal 0.980785278916383 -0.19509032949101546 0
    outer loop
      vertex 2.0085551366209984 34.53052619099617 2
      vertex 2.0340741723775864 34.658819042146206 23.3
      vertex 2.0085551366209984 34.53052619099617 23.3
    endloop
  endfacet
  facet normal 0.9469301319984066 -0.32143945792867507 0
    outer loop
      vertex 2.0340741723775864 34.658819042146206 2
      vertex 2.0761204659938812 34.7826834321022 23.3
      vertex 2.0340741723775864 34.658819042146206 23.3
    endloop
  endfacet
  facet normal 0.8968727332159226 -0.44228870708373313 0
    outer loop
      vertex 2.0761204659938812 34.7826834321022 2
      vertex 2.1339745968580246 34.899999998509884 23.3
      vertex 2.0761204659938812 34.7826834321022 23.3
    endloop
  endfacet
  facet normal 0.8314696207458843 -0.5555702203832521 0
    outer loop
      vertex 2.1339745968580246 34.899999998509884 2
      vertex 2.2066466584801674 35.008761428296566 23.3
      vertex 2.1339745968580246 34.899999998509884 23.3
    endloop
  endfacet
  facet normal 0.7518398201512305 -0.6593458006501332 0
    outer loop
      vertex 2.2066466584801674 35.008761428296566 2
      vertex 2.2928932160139084 35.107106782495975 23.3
      vertex 2.2066466584801674 35.008761428296566 23.3
    endloop
  endfacet
  facet normal 0.6593458006501332 -0.7518398201512305 0
    outer loop
      vertex 2.2928932160139084 35.107106782495975 2
      vertex 2.391238570213318 35.19335334002972 23.3
      vertex 2.2928932160139084 35.107106782495975 23.3
    endloop
  endfacet
  facet normal 0.5555702203832521 -0.8314696207458843 0
    outer loop
      vertex 2.391238570213318 35.19335334002972 2
      vertex 2.5 35.26602540165186 23.3
      vertex 2.391238570213318 35.19335334002972 23.3
    endloop
  endfacet
  facet normal 0.44228870708373313 -0.8968727332159226 0
    outer loop
      vertex 2.5 35.26602540165186 2
      vertex 2.6173165664076805 35.323879532516 23.3
      vertex 2.5 35.26602540165186 23.3
    endloop
  endfacet
  facet normal 0.32143945792867507 -0.9469301319984066 0
    outer loop
      vertex 2.6173165664076805 35.323879532516 2
      vertex 2.741180956363678 35.3659258261323 23.3
      vertex 2.6173165664076805 35.323879532516 23.3
    endloop
  endfacet
  facet normal 0.19509032949101546 -0.980785278916383 0
    outer loop
      vertex 2.741180956363678 35.3659258261323 2
      vertex 2.869473807513714 35.391444861888885 23.3
      vertex 2.741180956363678 35.3659258261323 23.3
    endloop
  endfacet
  facet normal 0.06540311383340917 -0.9978589242477587 0
    outer loop
      vertex 2.869473807513714 35.391444861888885 2
      vertex 3 35.399999998509884 23.3
      vertex 2.869473807513714 35.391444861888885 23.3
    endloop
  endfacet
  facet normal 1 0 0
    outer loop
      vertex 2 34.399999998509884 23.3
      vertex 2 26 23.3
      vertex 2 26 9.6
    endloop
  endfacet
  facet normal 0 -1 0
    outer loop
      vertex 3 35.399999998509884 2
      vertex 44.90999999642372 35.399999998509884 23.3
      vertex 3 35.399999998509884 23.3
    endloop
  endfacet
  facet normal 0 1 0
    outer loop
      vertex 31 2 2.000000000000001
      vertex 31 2 2.8000000000000007
      vertex 44.90999999642372 2 2
    endloop
  endfacet
  facet normal 0 1 0
    outer loop
      vertex 3 2 23.3
      vertex 44.90999999642372 2 2
      vertex 31 2 2.8000000000000007
    endloop
  endfacet
  facet normal -1 0 0
    outer loop
      vertex 45.90999999642372 3 2
      vertex 45.90999999642372 6 8
      vertex 45.90999999642372 6 2
    endloop
  endfacet
  facet normal -0.06540311383340917 0.9978589242477587 0
    outer loop
      vertex 44.90999999642372 2 2
      vertex 44.90999999642372 2 23.3
      vertex 45.04052618891001 2.0085551366209984 2
    endloop
  endfacet
  facet normal -0.19509031859240183 0.980785281084252 0
    outer loop
      vertex 45.04052618891001 2.0085551366209984 2
      vertex 45.04052618891001 2.0085551366209984 23.3
      vertex 45.168819047510624 2.0340741723775864 2
    endloop
  endfacet
  facet normal -0.32143947526586597 0.9469301261132232 0
    outer loop
      vertex 45.168819047510624 2.0340741723775864 2
      vertex 45.168819047510624 2.0340741723775864 23.3
      vertex 45.29268343001604 2.0761204659938812 2
    endloop
  endfacet
  facet normal -0.44228870708373313 0.8968727332159226 0
    outer loop
      vertex 45.29268343001604 2.0761204659938812 2
      vertex 45.29268343001604 2.0761204659938812 23.3
      vertex 45.40999999642372 2.1339745968580246 2
    endloop
  endfacet
  facet normal -0.5555702203832521 0.8314696207458843 0
    outer loop
      vertex 45.40999999642372 2.1339745968580246 2
      vertex 45.40999999642372 2.1339745968580246 23.3
      vertex 45.5187614262104 2.2066466584801674 2
    endloop
  endfacet
  facet normal -0.6593458006501332 0.7518398201512305 0
    outer loop
      vertex 45.5187614262104 2.2066466584801674 2
      vertex 45.5187614262104 2.2066466584801674 23.3
      vertex 45.61710678040981 2.2928932160139084 2
    endloop
  endfacet
  facet normal -0.7518398201512305 0.6593458006501332 0
    outer loop
      vertex 45.61710678040981 2.2928932160139084 2
      vertex 45.61710678040981 2.2928932160139084 23.3
      vertex 45.703353337943554 2.391238570213318 2
    endloop
  endfacet
  facet normal -0.8314695944343036 0.5555702597613149 0
    outer loop
      vertex 45.703353337943554 2.391238570213318 2
      vertex 45.703353337943554 2.391238570213318 23.3
      vertex 45.77602540701628 2.5 2
    endloop
  endfacet
  facet normal -0.8968727558101895 0.44228866126709154 0
    outer loop
      vertex 45.77602540701628 2.5 2
      vertex 45.77602540701628 2.5 23.3
      vertex 45.83387953042984 2.6173165664076805 2
    endloop
  endfacet
  facet normal -0.9469301319984066 0.32143945792867507 0
    outer loop
      vertex 45.83387953042984 2.6173165664076805 2
      vertex 45.83387953042984 2.6173165664076805 23.3
      vertex 45.875925824046135 2.741180956363678 2
    endloop
  endfacet
  facet normal -0.980785278916383 0.19509032949101546 0
    outer loop
      vertex 45.875925824046135 2.741180956363678 2
      vertex 45.875925824046135 2.741180956363678 23.3
      vertex 45.90144485980272 2.869473807513714 2
    endloop
  endfacet
  facet normal -0.9978589242477587 0.06540311383340917 0
    outer loop
      vertex 45.90144485980272 2.869473807513714 2
      vertex 45.90144485980272 2.869473807513714 23.3
      vertex 45.90999999642372 3 2
    endloop
  endfacet
  facet normal -1 0 0
    outer loop
      vertex 45.90999999642372 3 2
      vertex 45.90999999642372 3 23.3
      vertex 45.90999999642372 6 8
    endloop
  endfacet
  facet normal -1 0 0
    outer loop
      vertex 45.90999999642372 6 8
      vertex 45.90999999642372 11 9.6
      vertex 45.90999999642372 31.4 8
    endloop
  endfacet
  facet normal 0 1 0
    outer loop
      vertex 3 2 23.3
      vertex 44.90999999642372 2 23.3
      vertex 44.90999999642372 2 2
    endloop
  endfacet
  facet normal -0.06540311383340917 0.9978589242477587 0
    outer loop
      vertex 45.04052618891001 2.0085551366209984 2
      vertex 44.90999999642372 2 23.3
      vertex 45.04052618891001 2.0085551366209984 23.3
    endloop
  endfacet
  facet normal -0.19509031859240183 0.980785281084252 0
    outer loop
      vertex 45.168819047510624 2.0340741723775864 2
      vertex 45.04052618891001 2.0085551366209984 23.3
      vertex 45.168819047510624 2.0340741723775864 23.3
    endloop
  endfacet
  facet normal -0.32143947526586597 0.9469301261132232 0
    outer loop
      vertex 45.29268343001604 2.0761204659938812 2
      vertex 45.168819047510624 2.0340741723775864 23.3
      vertex 45.29268343001604 2.0761204659938812 23.3
    endloop
  endfacet
  facet normal -0.44228870708373313 0.8968727332159226 0
    outer loop
      vertex 45.40999999642372 2.1339745968580246 2
      vertex 45.29268343001604 2.0761204659938812 23.3
      vertex 45.40999999642372 2.1339745968580246 23.3
    endloop
  endfacet
  facet normal -0.5555702203832521 0.8314696207458843 0
    outer loop
      vertex 45.5187614262104 2.2066466584801674 2
      vertex 45.40999999642372 2.1339745968580246 23.3
      vertex 45.5187614262104 2.2066466584801674 23.3
    endloop
  endfacet
  facet normal -0.6593458006501332 0.7518398201512305 0
    outer loop
      vertex 45.61710678040981 2.2928932160139084 2
      vertex 45.5187614262104 2.2066466584801674 23.3
      vertex 45.61710678040981 2.2928932160139084 23.3
    endloop
  endfacet
  facet normal -0.7518398201512305 0.6593458006501332 0
    outer loop
      vertex 45.703353337943554 2.391238570213318 2
      vertex 45.61710678040981 2.2928932160139084 23.3
      vertex 45.703353337943554 2.391238570213318 23.3
    endloop
  endfacet
  facet normal -0.8314695944343036 0.5555702597613149 0
    outer loop
      vertex 45.77602540701628 2.5 2
      vertex 45.703353337943554 2.391238570213318 23.3
      vertex 45.77602540701628 2.5 23.3
    endloop
  endfacet
  facet normal -0.8968727558101895 0.44228866126709154 0
    outer loop
      vertex 45.83387953042984 2.6173165664076805 2
      vertex 45.77602540701628 2.5 23.3
      vertex 45.83387953042984 2.6173165664076805 23.3
    endloop
  endfacet
  facet normal -0.9469301319984066 0.32143945792867507 0
    outer loop
      vertex 45.875925824046135 2.741180956363678 2
      vertex 45.83387953042984 2.6173165664076805 23.3
      vertex 45.875925824046135 2.741180956363678 23.3
    endloop
  endfacet
  facet normal -0.980785278916383 0.19509032949101546 0
    outer loop
      vertex 45.90144485980272 2.869473807513714 2
      vertex 45.875925824046135 2.741180956363678 23.3
      vertex 45.90144485980272 2.869473807513714 23.3
    endloop
  endfacet
  facet normal -0.9978589242477587 0.06540311383340917 0
    outer loop
      vertex 45.90999999642372 3 2
      vertex 45.90144485980272 2.869473807513714 23.3
      vertex 45.90999999642372 3 23.3
    endloop
  endfacet
  facet normal -1 0 0
    outer loop
      vertex 45.90999999642372 6 8
      vertex 45.90999999642372 3 23.3
      vertex 45.90999999642372 11 9.6
    endloop
  endfacet
  facet normal -1 0 0
    outer loop
      vertex 45.90999999642372 3 23.3
      vertex 45.90999999642372 11 23.3
      vertex 45.90999999642372 11 9.6
    endloop
  endfacet
  facet normal 0 -1 0
    outer loop
      vertex 31 35.399999998509884 2.000000000000001
      vertex 44.90999999642372 35.399999998509884 2
      vertex 31 35.399999998509884 2.8000000000000007
    endloop
  endfacet
  facet normal 0 -1 0
    outer loop
      vertex 16 35.399999998509884 2.8000000000000007
      vertex 21 35.399999998509884 2.8000000000000007
      vertex 44.90999999642372 35.399999998509884 23.3
    endloop
  endfacet
  facet normal 0 -1 0
    outer loop
      vertex 21 35.399999998509884 2.8000000000000007
      vertex 31 35.399999998509884 2.8000000000000007
      vertex 44.90999999642372 35.399999998509884 23.3
    endloop
  endfacet
  facet normal -1 0 0
    outer loop
      vertex 45.90999999642372 31.4 8
      vertex 45.90999999642372 11 9.6
      vertex 45.90999999642372 26 9.6
    endloop
  endfacet
  facet normal 0 -1 0
    outer loop
      vertex 31 35.399999998509884 2.8000000000000007
      vertex 44.90999999642372 35.399999998509884 2
      vertex 44.90999999642372 35.399999998509884 23.3
    endloop
  endfacet
  facet normal -1 0 0
    outer loop
      vertex 45.90999999642372 31.4 2
      vertex 45.90999999642372 31.4 8
      vertex 45.90999999642372 34.399999998509884 23.3
    endloop
  endfacet
  facet normal -1 0 0
    outer loop
      vertex 45.90999999642372 31.4 2
      vertex 45.90999999642372 34.399999998509884 23.3
      vertex 45.90999999642372 34.399999998509884 2
    endloop
  endfacet
  facet normal -0.9978589242477587 -0.06540311383340917 0
    outer loop
      vertex 45.90999999642372 34.399999998509884 2
      vertex 45.90999999642372 34.399999998509884 23.3
      vertex 45.90144485980272 34.53052619099617 2
    endloop
  endfacet
  facet normal -0.980785278916383 -0.19509032949101546 0
    outer loop
      vertex 45.90144485980272 34.53052619099617 2
      vertex 45.90144485980272 34.53052619099617 23.3
      vertex 45.875925824046135 34.658819042146206 2
    endloop
  endfacet
  facet normal -0.9469301319984066 -0.32143945792867507 0
    outer loop
      vertex 45.875925824046135 34.658819042146206 2
      vertex 45.875925824046135 34.658819042146206 23.3
      vertex 45.83387953042984 34.7826834321022 2
    endloop
  endfacet
  facet normal -0.8968727558101895 -0.44228866126709154 0
    outer loop
      vertex 45.83387953042984 34.7826834321022 2
      vertex 45.83387953042984 34.7826834321022 23.3
      vertex 45.77602540701628 34.899999998509884 2
    endloop
  endfacet
  facet normal -0.8314695944343036 -0.5555702597613149 0
    outer loop
      vertex 45.77602540701628 34.899999998509884 2
      vertex 45.77602540701628 34.899999998509884 23.3
      vertex 45.703353337943554 35.008761428296566 2
    endloop
  endfacet
  facet normal -0.7518398201512305 -0.6593458006501332 0
    outer loop
      vertex 45.703353337943554 35.008761428296566 2
      vertex 45.703353337943554 35.008761428296566 23.3
      vertex 45.61710678040981 35.107106782495975 2
    endloop
  endfacet
  facet normal -0.32143947526586597 -0.9469301261132232 0
    outer loop
      vertex 45.168819047510624 35.3659258261323 2
      vertex 45.29268343001604 35.323879532516 2
      vertex 45.29268343001604 35.323879532516 23.3
    endloop
  endfacet
  facet normal -0.06540311383340917 -0.9978589242477587 0
    outer loop
      vertex 44.90999999642372 35.399999998509884 2
      vertex 45.04052618891001 35.391444861888885 2
      vertex 45.04052618891001 35.391444861888885 23.3
    endloop
  endfacet
  facet normal -0.19509031859240183 -0.980785281084252 0
    outer loop
      vertex 45.04052618891001 35.391444861888885 2
      vertex 45.168819047510624 35.3659258261323 2
      vertex 45.168819047510624 35.3659258261323 23.3
    endloop
  endfacet
  facet normal -0.44228870708373313 -0.8968727332159226 0
    outer loop
      vertex 45.29268343001604 35.323879532516 2
      vertex 45.40999999642372 35.26602540165186 2
      vertex 45.40999999642372 35.26602540165186 23.3
    endloop
  endfacet
  facet normal -0.6593458006501332 -0.7518398201512305 0
    outer loop
      vertex 45.5187614262104 35.19335334002972 2
      vertex 45.61710678040981 35.107106782495975 2
      vertex 45.61710678040981 35.107106782495975 23.3
    endloop
  endfacet
  facet normal -0.5555702203832521 -0.8314696207458843 0
    outer loop
      vertex 45.40999999642372 35.26602540165186 2
      vertex 45.5187614262104 35.19335334002972 2
      vertex 45.5187614262104 35.19335334002972 23.3
    endloop
  endfacet
  facet normal -1 0 0
    outer loop
      vertex 45.90999999642372 31.4 8
      vertex 45.90999999642372 26 9.6
      vertex 45.90999999642372 26 23.3
    endloop
  endfacet
  facet normal -0.9469301319984066 -0.32143945792867507 0
    outer loop
      vertex 45.83387953042984 34.7826834321022 2
      vertex 45.875925824046135 34.658819042146206 23.3
      vertex 45.83387953042984 34.7826834321022 23.3
    endloop
  endfacet
  facet normal -0.9978589242477587 -0.06540311383340917 0
    outer loop
      vertex 45.90144485980272 34.53052619099617 2
      vertex 45.90999999642372 34.399999998509884 23.3
      vertex 45.90144485980272 34.53052619099617 23.3
    endloop
  endfacet
  facet normal -0.980785278916383 -0.19509032949101546 0
    outer loop
      vertex 45.875925824046135 34.658819042146206 2
      vertex 45.90144485980272 34.53052619099617 23.3
      vertex 45.875925824046135 34.658819042146206 23.3
    endloop
  endfacet
  facet normal -0.8968727558101895 -0.44228866126709154 0
    outer loop
      vertex 45.77602540701628 34.899999998509884 2
      vertex 45.83387953042984 34.7826834321022 23.3
      vertex 45.77602540701628 34.899999998509884 23.3
    endloop
  endfacet
  facet normal -0.8314695944343036 -0.5555702597613149 0
    outer loop
      vertex 45.703353337943554 35.008761428296566 2
      vertex 45.77602540701628 34.899999998509884 23.3
      vertex 45.703353337943554 35.008761428296566 23.3
    endloop
  endfacet
  facet normal -0.32143947526586597 -0.9469301261132232 0
    outer loop
      vertex 45.168819047510624 35.3659258261323 2
      vertex 45.29268343001604 35.323879532516 23.3
      vertex 45.168819047510624 35.3659258261323 23.3
    endloop
  endfacet
  facet normal -0.06540311383340917 -0.9978589242477587 0
    outer loop
      vertex 44.90999999642372 35.399999998509884 2
      vertex 45.04052618891001 35.391444861888885 23.3
      vertex 44.90999999642372 35.399999998509884 23.3
    endloop
  endfacet
  facet normal -0.19509031859240183 -0.980785281084252 0
    outer loop
      vertex 45.04052618891001 35.391444861888885 2
      vertex 45.168819047510624 35.3659258261323 23.3
      vertex 45.04052618891001 35.391444861888885 23.3
    endloop
  endfacet
  facet normal -0.44228870708373313 -0.8968727332159226 0
    outer loop
      vertex 45.29268343001604 35.323879532516 2
      vertex 45.40999999642372 35.26602540165186 23.3
      vertex 45.29268343001604 35.323879532516 23.3
    endloop
  endfacet
  facet normal -0.5555702203832521 -0.8314696207458843 0
    outer loop
      vertex 45.40999999642372 35.26602540165186 2
      vertex 45.5187614262104 35.19335334002972 23.3
      vertex 45.40999999642372 35.26602540165186 23.3
    endloop
  endfacet
  facet normal -0.6593458006501332 -0.7518398201512305 0
    outer loop
      vertex 45.5187614262104 35.19335334002972 2
      vertex 45.61710678040981 35.107106782495975 23.3
      vertex 45.5187614262104 35.19335334002972 23.3
    endloop
  endfacet
  facet normal -0.7518398201512305 -0.6593458006501332 0
    outer loop
      vertex 45.61710678040981 35.107106782495975 2
      vertex 45.703353337943554 35.008761428296566 23.3
      vertex 45.61710678040981 35.107106782495975 23.3
    endloop
  endfacet
  facet normal -1 0 0
    outer loop
      vertex 45.90999999642372 31.4 8
      vertex 45.90999999642372 26 23.3
      vertex 45.90999999642372 34.399999998509884 23.3
    endloop
  endfacet
  facet normal -0.7518398024852506 -0.6593458207943228 0
    outer loop
      vertex 0.8786796554923058 0.8786796554923058 0
      vertex 0.6199399754405022 1.1737157106399536 2
      vertex 0.6199399754405022 1.1737157106399536 0
    endloop
  endfacet
  facet normal -0.5555702203832521 -0.8314696207458843 0
    outer loop
      vertex 1.1737157106399536 0.6199399754405022 0
      vertex 1.5 0.4019237905740738 0
      vertex 1.1737157106399536 0.6199399754405022 2
    endloop
  endfacet
  facet normal -0.6593458207943228 -0.7518398024852506 0
    outer loop
      vertex 0.8786796554923058 0.8786796554923058 0
      vertex 1.1737157106399536 0.6199399754405022 0
      vertex 0.8786796554923058 0.8786796554923058 2
    endloop
  endfacet
  facet normal -0.5555702203832521 -0.8314696207458843 0
    outer loop
      vertex 1.5 0.4019237905740738 0
      vertex 1.5 0.4019237905740738 2
      vertex 1.1737157106399536 0.6199399754405022 2
    endloop
  endfacet
  facet normal -0.6593458207943228 -0.7518398024852506 0
    outer loop
      vertex 1.1737157106399536 0.6199399754405022 0
      vertex 1.1737157106399536 0.6199399754405022 2
      vertex 0.8786796554923058 0.8786796554923058 2
    endloop
  endfacet
  facet normal -0.7518398024852506 -0.6593458207943228 0
    outer loop
      vertex 0.8786796554923058 0.8786796554923058 0
      vertex 0.8786796554923058 0.8786796554923058 2
      vertex 0.6199399754405022 1.1737157106399536 2
    endloop
  endfacet
  facet normal -0.8968727407473451 -0.4422886918115197 0
    outer loop
      vertex 0.4019237905740738 1.5 0
      vertex 0.22836140543222427 1.8519496992230415 2
      vertex 0.22836140543222427 1.8519496992230415 0
    endloop
  endfacet
  facet normal -0.8314696207458843 -0.5555702203832521 0
    outer loop
      vertex 0.6199399754405022 1.1737157106399536 0
      vertex 0.4019237905740738 1.5 2
      vertex 0.4019237905740738 1.5 0
    endloop
  endfacet
  facet normal -0.9469301300366788 -0.32143946370773846 0
    outer loop
      vertex 0.22836140543222427 1.8519496992230415 0
      vertex 0.10222252458333969 2.2235428616404533 2
      vertex 0.10222252458333969 2.2235428616404533 0
    endloop
  endfacet
  facet normal -0.8968727407473451 -0.4422886918115197 0
    outer loop
      vertex 0.4019237905740738 1.5 0
      vertex 0.4019237905740738 1.5 2
      vertex 0.22836140543222427 1.8519496992230415 2
    endloop
  endfacet
  facet normal -0.8314696207458843 -0.5555702203832521 0
    outer loop
      vertex 0.6199399754405022 1.1737157106399536 0
      vertex 0.6199399754405022 1.1737157106399536 2
      vertex 0.4019237905740738 1.5 2
    endloop
  endfacet
  facet normal -0.9469301300366788 -0.32143946370773846 0
    outer loop
      vertex 0.22836140543222427 1.8519496992230415 0
      vertex 0.22836140543222427 1.8519496992230415 2
      vertex 0.10222252458333969 2.2235428616404533 2
    endloop
  endfacet
  facet normal -0.4422886918115197 -0.8968727407473451 0
    outer loop
      vertex 1.8519496992230415 0.22836140543222427 0
      vertex 1.5 0.4019237905740738 2
      vertex 1.5 0.4019237905740738 0
    endloop
  endfacet
  facet normal -0.32143946370773846 -0.9469301300366788 0
    outer loop
      vertex 1.8519496992230415 0.22836140543222427 0
      vertex 2.2235428616404533 0.10222252458333969 0
      vertex 1.8519496992230415 0.22836140543222427 2
    endloop
  endfacet
  facet normal -0.1950903258581441 -0.980785279639006 0
    outer loop
      vertex 2.2235428616404533 0.10222252458333969 0
      vertex 2.6084214225411415 0.025665417313575745 0
      vertex 2.2235428616404533 0.10222252458333969 2
    endloop
  endfacet
  facet normal -0.06540313273849395 -0.9978589230086541 0
    outer loop
      vertex 2.6084214225411415 0.025665417313575745 0
      vertex 3 0 0
      vertex 2.6084214225411415 0.025665417313575745 2
    endloop
  endfacet
  facet normal -0.4422886918115197 -0.8968727407473451 0
    outer loop
      vertex 1.8519496992230415 0.22836140543222427 0
      vertex 1.8519496992230415 0.22836140543222427 2
      vertex 1.5 0.4019237905740738 2
    endloop
  endfacet
  facet normal -0.32143946370773846 -0.9469301300366788 0
    outer loop
      vertex 2.2235428616404533 0.10222252458333969 0
      vertex 2.2235428616404533 0.10222252458333969 2
      vertex 1.8519496992230415 0.22836140543222427 2
    endloop
  endfacet
  facet normal -0.1950903258581441 -0.980785279639006 0
    outer loop
      vertex 2.6084214225411415 0.025665417313575745 0
      vertex 2.6084214225411415 0.025665417313575745 2
      vertex 2.2235428616404533 0.10222252458333969 2
    endloop
  endfacet
  facet normal -0.06540313273849395 -0.9978589230086541 0
    outer loop
      vertex 2.6084214225411415 0.025665417313575745 2
      vertex 3 0 0
      vertex 3 0 2
    endloop
  endfacet
  facet normal -0.980785279639006 -0.1950903258581441 0
    outer loop
      vertex 0.10222252458333969 2.2235428616404533 0
      vertex 0.025665417313575745 2.6084214225411415 2
      vertex 0.025665417313575745 2.6084214225411415 0
    endloop
  endfacet
  facet normal -0.9978589230086541 -0.06540313273849395 0
    outer loop
      vertex 0.025665417313575745 2.6084214225411415 0
      vertex 0 3 2
      vertex 0 3 0
    endloop
  endfacet
  facet normal -0.980785279639006 -0.1950903258581441 0
    outer loop
      vertex 0.10222252458333969 2.2235428616404533 0
      vertex 0.10222252458333969 2.2235428616404533 2
      vertex 0.025665417313575745 2.6084214225411415 2
    endloop
  endfacet
  facet normal -0.9978589230086541 -0.06540313273849395 0
    outer loop
      vertex 0.025665417313575745 2.6084214225411415 0
      vertex 0.025665417313575745 2.6084214225411415 2
      vertex 0 3 2
    endloop
  endfacet
  facet normal 0 0 1
    outer loop
      vertex 2.2928932160139084 2.2928932160139084 2
      vertex 2 3 2
      vertex 2.2066466584801674 2.391238570213318 2
    endloop
  endfacet
  facet normal 0 0 1
    outer loop
      vertex 2.0761204659938812 2.6173165664076805 2
      vertex 2 3 2
      vertex 2.0340741723775864 2.741180956363678 2
    endloop
  endfacet
  facet normal 0 0 1
    outer loop
      vertex 2.0340741723775864 2.741180956363678 2
      vertex 2 3 2
      vertex 2.0085551366209984 2.869473807513714 2
    endloop
  endfacet
  facet normal 0 0 1
    outer loop
      vertex 2.2066466584801674 2.391238570213318 2
      vertex 2 3 2
      vertex 2.1339745968580246 2.5 2
    endloop
  endfacet
  facet normal 0 0 1
    outer loop
      vertex 2.1339745968580246 2.5 2
      vertex 2 3 2
      vertex 2.0761204659938812 2.6173165664076805 2
    endloop
  endfacet
  facet normal 0 0 1
    outer loop
      vertex 3 2 2
      vertex 4.016616649271912 7.4780964274781985 2
      vertex 3.8349364905389036 7.75 2
    endloop
  endfacet
  facet normal 0 0 1
    outer loop
      vertex 3 2 2
      vertex 5.043291419087275 6.690301168721783 2
      vertex 4.75 6.834936490538904 2
    endloop
  endfacet
  facet normal 0 0 1
    outer loop
      vertex 3 2 2
      vertex 5.352952387243699 6.58518543427733 2
      vertex 5.043291419087275 6.690301168721783 2
    endloop
  endfacet
  facet normal 0 0 1
    outer loop
      vertex 3 2 2
      vertex 4.4780964274781985 7.016616649271912 2
      vertex 4.232233047033631 7.232233047033631 2
    endloop
  endfacet
  facet normal 0 0 1
    outer loop
      vertex 3 2 2
      vertex 4.75 6.834936490538904 2
      vertex 4.4780964274781985 7.016616649271912 2
    endloop
  endfacet
  facet normal 0 0 1
    outer loop
      vertex 3 2 2
      vertex 4.232233047033631 7.232233047033631 2
      vertex 4.016616649271912 7.4780964274781985 2
    endloop
  endfacet
  facet normal 0 0 1
    outer loop
      vertex 3 2 2
      vertex 3.8349364905389036 7.75 2
      vertex 3.690301168721783 8.043291419087275 2
    endloop
  endfacet
  facet normal 0 0 1
    outer loop
      vertex 3 2 2
      vertex 3.690301168721783 8.043291419087275 2
      vertex 3.5851854342773293 8.352952387243699 2
    endloop
  endfacet
  facet normal 0 0 1
    outer loop
      vertex 3 2 2
      vertex 3.5851854342773293 8.352952387243699 2
      vertex 3.521387846565474 8.673684519449871 2
    endloop
  endfacet
  facet normal 0 0 1
    outer loop
      vertex 3 2 2
      vertex 3.521387846565474 8.673684519449871 2
      vertex 3.5 9 2
    endloop
  endfacet
  facet normal 0 0 1
    outer loop
      vertex 3 2 2
      vertex 3.5 9 2
      vertex 3.521387846565474 9.326315480550129 2
    endloop
  endfacet
  facet normal 0 0 1
    outer loop
      vertex 3 2 2
      vertex 5.673684519449871 6.521387846565474 2
      vertex 5.352952387243699 6.58518543427733 2
    endloop
  endfacet
  facet normal 0 0 1
    outer loop
      vertex 3 2 2
      vertex 6 6.5 2
      vertex 5.673684519449871 6.521387846565474 2
    endloop
  endfacet
  facet normal 0 0 1
    outer loop
      vertex 3 2 2
      vertex 6.326315480550129 6.521387846565474 2
      vertex 6 6.5 2
    endloop
  endfacet
  facet normal 0 0 1
    outer loop
      vertex 3 2 2
      vertex 6.647047612756301 6.58518543427733 2
      vertex 6.326315480550129 6.521387846565474 2
    endloop
  endfacet
  facet normal 0 0 1
    outer loop
      vertex 3 2 2
      vertex 6.956708580912725 6.690301168721783 2
      vertex 6.647047612756301 6.58518543427733 2
    endloop
  endfacet
  facet normal 0 0 1
    outer loop
      vertex 3 2 2
      vertex 7.25 6.834936490538904 2
      vertex 6.956708580912725 6.690301168721783 2
    endloop
  endfacet
  facet normal 0 0 1
    outer loop
      vertex 3 2 2
      vertex 7.5219035725218015 7.016616649271912 2
      vertex 7.25 6.834936490538904 2
    endloop
  endfacet
  facet normal -2.9605947323337506e-16 1.1474665592942232e-15 1
    outer loop
      vertex 3 2 2
      vertex 6 2 2.000000000000001
      vertex 24.647047612756303 7.58518543427733 2
    endloop
  endfacet
  facet normal 0 0 1
    outer loop
      vertex 3 2 2
      vertex 22.75 7.834936490538904 2
      vertex 7.5219035725218015 7.016616649271912 2
    endloop
  endfacet
  facet normal 0 0 -1
    outer loop
      vertex 0.8786796554923058 0.8786796554923058 0
      vertex 0.6199399754405022 1.1737157106399536 0
      vertex 0.6199399754405022 36.22628428786993 0
    endloop
  endfacet
  facet normal 0 0 -1
    outer loop
      vertex 0.8786796554923058 0.8786796554923058 0
      vertex 0.8786796554923058 36.52132034301758 0
      vertex 1.1737157106399536 0.6199399754405022 0
    endloop
  endfacet
  facet normal 0 0 -1
    outer loop
      vertex 1.1737157106399536 0.6199399754405022 0
      vertex 1.1737157106399536 36.78006002306938 0
      vertex 1.5 0.4019237905740738 0
    endloop
  endfacet
  facet normal 0 0 -1
    outer loop
      vertex 0.22836140543222427 1.8519496992230415 0
      vertex 0.10222252458333969 2.2235428616404533 0
      vertex 0.10222252458333969 35.17645713686943 0
    endloop
  endfacet
  facet normal 0 0 -1
    outer loop
      vertex 0.4019237905740738 1.5 0
      vertex 0.22836140543222427 1.8519496992230415 0
      vertex 0.22836140543222427 35.54805029928684 0
    endloop
  endfacet
  facet normal 0 0 -1
    outer loop
      vertex 0.10222252458333969 2.2235428616404533 0
      vertex 0.025665417313575745 2.6084214225411415 0
      vertex 0.025665417313575745 34.79157857596874 0
    endloop
  endfacet
  facet normal 0 0 -1
    outer loop
      vertex 0.025665417313575745 2.6084214225411415 0
      vertex 0 3 0
      vertex 0 34.399999998509884 0
    endloop
  endfacet
  facet normal 0 0 -1
    outer loop
      vertex 0.6199399754405022 1.1737157106399536 0
      vertex 0.4019237905740738 1.5 0
      vertex 0.4019237905740738 35.899999998509884 0
    endloop
  endfacet
  facet normal -1 0 0
    outer loop
      vertex 0 3 0
      vertex 0 3 2
      vertex 0 34.399999998509884 2
    endloop
  endfacet
  facet normal 0 0 -1
    outer loop
      vertex 1.8519496992230415 0.22836140543222427 0
      vertex 1.5 0.4019237905740738 0
      vertex 1.5 36.99807620793581 0
    endloop
  endfacet
  facet normal 0 0 -1
    outer loop
      vertex 1.8519496992230415 0.22836140543222427 0
      vertex 1.8519496992230415 37.17163860052824 0
      vertex 2.2235428616404533 0.10222252458333969 0
    endloop
  endfacet
  facet normal 0 0 -1
    outer loop
      vertex 2.2235428616404533 0.10222252458333969 0
      vertex 2.2235428616404533 37.297777481377125 0
      vertex 2.6084214225411415 0.025665417313575745 0
    endloop
  endfacet
  facet normal 0 0 -1
    outer loop
      vertex 2.6084214225411415 0.025665417313575745 0
      vertex 2.6084214225411415 37.37433458119631 0
      vertex 3 0 0
    endloop
  endfacet
  facet normal 0 0 1
    outer loop
      vertex 2.2928932160139084 2.2928932160139084 2
      vertex 2.2066466584801674 35.008761428296566 2
      vertex 2 3 2
    endloop
  endfacet
  facet normal 0 0 1
    outer loop
      vertex 2.391238570213318 2.2066466584801674 2
      vertex 2.5 2.1339745968580246 2
      vertex 2.2066466584801674 35.008761428296566 2
    endloop
  endfacet
  facet normal 0 0 1
    outer loop
      vertex 2.5 2.1339745968580246 2
      vertex 2.6173165664076805 2.0761204659938812 2
      vertex 2.2066466584801674 35.008761428296566 2
    endloop
  endfacet
  facet normal 0 0 1
    outer loop
      vertex 2.2928932160139084 2.2928932160139084 2
      vertex 2.391238570213318 2.2066466584801674 2
      vertex 2.2066466584801674 35.008761428296566 2
    endloop
  endfacet
  facet normal 0 0 1
    outer loop
      vertex 2.6173165664076805 2.0761204659938812 2
      vertex 2.741180956363678 2.0340741723775864 2
      vertex 2.6173165664076805 35.323879532516 2
    endloop
  endfacet
  facet normal 0 0 1
    outer loop
      vertex 2.741180956363678 2.0340741723775864 2
      vertex 2.869473807513714 2.0085551366209984 2
      vertex 2.6173165664076805 35.323879532516 2
    endloop
  endfacet
  facet normal 0 0 1
    outer loop
      vertex 2.869473807513714 2.0085551366209984 2
      vertex 3 2 2
      vertex 2.6173165664076805 35.323879532516 2
    endloop
  endfacet
  facet normal 0 0 1
    outer loop
      vertex 3 2 2
      vertex 3.521387846565474 9.326315480550129 2
      vertex 3.521387846565474 28.07368451944987 2
    endloop
  endfacet
  facet normal 0 0 1
    outer loop
      vertex 3.521387846565474 9.326315480550129 2
      vertex 3.5851854342773293 9.647047612756301 2
      vertex 3.5851854342773293 27.752952387243695 2
    endloop
  endfacet
  facet normal 0 0 1
    outer loop
      vertex 3.5851854342773293 9.647047612756301 2
      vertex 3.690301168721783 9.956708580912725 2
      vertex 3.5851854342773293 27.752952387243695 2
    endloop
  endfacet
  facet normal 0 0 1
    outer loop
      vertex 3.690301168721783 9.956708580912725 2
      vertex 3.8349364905389036 10.25 2
      vertex 3.8349364905389036 27.15 2
    endloop
  endfacet
  facet normal 0 0 1
    outer loop
      vertex 3.8349364905389036 10.25 2
      vertex 4.016616649271912 10.5219035725218 2
      vertex 4.016616649271912 26.878096427478198 2
    endloop
  endfacet
  facet normal 0 0 1
    outer loop
      vertex 4.016616649271912 10.5219035725218 2
      vertex 4.232233047033631 10.767766952966369 2
      vertex 4.232233047033631 26.63223304703363 2
    endloop
  endfacet
  facet normal 0 0 1
    outer loop
      vertex 4.232233047033631 10.767766952966369 2
      vertex 4.4780964274781985 10.983383350728088 2
      vertex 4.232233047033631 26.63223304703363 2
    endloop
  endfacet
  facet normal 0 0 1
    outer loop
      vertex 4.4780964274781985 10.983383350728088 2
      vertex 4.75 11.165063509461095 2
      vertex 4.75 26.234936490538903 2
    endloop
  endfacet
  facet normal 0 0 1
    outer loop
      vertex 4.75 11.165063509461095 2
      vertex 5.043291419087275 11.309698831278217 2
      vertex 5.043291419087275 26.09030116872178 2
    endloop
  endfacet
  facet normal 0 0 1
    outer loop
      vertex 5.043291419087275 11.309698831278217 2
      vertex 5.352952387243699 11.41481456572267 2
      vertex 5.352952387243699 25.985185434277327 2
    endloop
  endfacet
  facet normal 0 0 1
    outer loop
      vertex 5.352952387243699 11.41481456572267 2
      vertex 5.673684519449871 11.478612153434526 2
      vertex 5.352952387243699 25.985185434277327 2
    endloop
  endfacet
  facet normal 0 0 1
    outer loop
      vertex 5.673684519449871 11.478612153434526 2
      vertex 6 11.5 2
      vertex 6 25.9 2
    endloop
  endfacet
  facet normal 0 0 1
    outer loop
      vertex 6 11.5 2
      vertex 6.326315480550129 11.478612153434526 2
      vertex 6.326315480550129 25.921387846565473 2
    endloop
  endfacet
  facet normal 0 0 1
    outer loop
      vertex 6.326315480550129 11.478612153434526 2
      vertex 6.647047612756301 11.41481456572267 2
      vertex 6.647047612756301 25.985185434277327 2
    endloop
  endfacet
  facet normal 0 -1 0
    outer loop
      vertex 3 0 0
      vertex 44.90999999642372 0 0
      vertex 3 0 2
    endloop
  endfacet
  facet normal 0 1.5902398051982445e-16 1
    outer loop
      vertex 6 2 2.000000000000001
      vertex 16 2 2.000000000000001
      vertex 24.647047612756303 7.58518543427733 2
    endloop
  endfacet
  facet normal 0 0 1
    outer loop
      vertex 7.5219035725218015 7.016616649271912 2
      vertex 22.4780964274782 8.016616649271912 2
      vertex 7.767766952966369 7.232233047033631 2
    endloop
  endfacet
  facet normal 0 0 1
    outer loop
      vertex 7.767766952966369 7.232233047033631 2
      vertex 22.23223304703363 8.232233047033631 2
      vertex 7.983383350728088 7.4780964274781985 2
    endloop
  endfacet
  facet normal 0 0 1
    outer loop
      vertex 7.983383350728088 7.4780964274781985 2
      vertex 22.016616649271914 8.4780964274782 2
      vertex 8.165063509461095 7.75 2
    endloop
  endfacet
  facet normal 0 0 1
    outer loop
      vertex 8.165063509461095 7.75 2
      vertex 21.834936490538905 8.75 2
      vertex 8.309698831278217 8.043291419087275 2
    endloop
  endfacet
  facet normal 0 0 1
    outer loop
      vertex 8.309698831278217 8.043291419087275 2
      vertex 21.69030116872178 9.043291419087275 2
      vertex 8.41481456572267 8.352952387243699 2
    endloop
  endfacet
  facet normal 0 0 1
    outer loop
      vertex 8.41481456572267 8.352952387243699 2
      vertex 21.69030116872178 9.043291419087275 2
      vertex 8.478612153434526 8.673684519449871 2
    endloop
  endfacet
  facet normal 0 0 1
    outer loop
      vertex 8.478612153434526 8.673684519449871 2
      vertex 21.69030116872178 9.043291419087275 2
      vertex 8.5 9 2
    endloop
  endfacet
  facet normal 0 0 1
    outer loop
      vertex 3 2 2
      vertex 23.043291419087275 7.690301168721783 2
      vertex 22.75 7.834936490538904 2
    endloop
  endfacet
  facet normal 0 0 1
    outer loop
      vertex 3 2 2
      vertex 23.352952387243697 7.58518543427733 2
      vertex 23.043291419087275 7.690301168721783 2
    endloop
  endfacet
  facet normal 0 0 1
    outer loop
      vertex 3 2 2
      vertex 23.67368451944987 7.521387846565474 2
      vertex 23.352952387243697 7.58518543427733 2
    endloop
  endfacet
  facet normal 0 0 1
    outer loop
      vertex 3 2 2
      vertex 24 7.5 2
      vertex 23.67368451944987 7.521387846565474 2
    endloop
  endfacet
  facet normal 0 0 1
    outer loop
      vertex 3 2 2
      vertex 24.32631548055013 7.521387846565474 2
      vertex 24 7.5 2
    endloop
  endfacet
  facet normal 0 0 1
    outer loop
      vertex 3 2 2
      vertex 24.647047612756303 7.58518543427733 2
      vertex 24.32631548055013 7.521387846565474 2
    endloop
  endfacet
  facet normal 0 0 1
    outer loop
      vertex 7.5219035725218015 7.016616649271912 2
      vertex 22.75 7.834936490538904 2
      vertex 22.4780964274782 8.016616649271912 2
    endloop
  endfacet
  facet normal 0 0 1
    outer loop
      vertex 7.767766952966369 7.232233047033631 2
      vertex 22.4780964274782 8.016616649271912 2
      vertex 22.23223304703363 8.232233047033631 2
    endloop
  endfacet
  facet normal 0 0 1
    outer loop
      vertex 7.983383350728088 7.4780964274781985 2
      vertex 22.23223304703363 8.232233047033631 2
      vertex 22.016616649271914 8.4780964274782 2
    endloop
  endfacet
  facet normal 0 0 1
    outer loop
      vertex 8.5 9 2
      vertex 21.585185434277328 9.352952387243699 2
      vertex 21.521387846565474 9.673684519449871 2
    endloop
  endfacet
  facet normal 0 0 1
    outer loop
      vertex 8.165063509461095 7.75 2
      vertex 22.016616649271914 8.4780964274782 2
      vertex 21.834936490538905 8.75 2
    endloop
  endfacet
  facet normal 0 0 1
    outer loop
      vertex 8.309698831278217 8.043291419087275 2
      vertex 21.834936490538905 8.75 2
      vertex 21.69030116872178 9.043291419087275 2
    endloop
  endfacet
  facet normal 0 0 1
    outer loop
      vertex 8.5 9 2
      vertex 21.69030116872178 9.043291419087275 2
      vertex 21.585185434277328 9.352952387243699 2
    endloop
  endfacet
  facet normal 0 1.5902398051982445e-16 1
    outer loop
      vertex 16 2 2.000000000000001
      vertex 21 2 2.000000000000001
      vertex 24.647047612756303 7.58518543427733 2
    endloop
  endfacet
  facet normal 0 0 1
    outer loop
      vertex 8.165063509461095 10.25 2
      vertex 8.309698831278217 9.956708580912725 2
      vertex 21.69030116872178 10.956708580912725 2
    endloop
  endfacet
  facet normal 0 0 1
    outer loop
      vertex 8.5 9 2
      vertex 21.5 10 2
      vertex 8.478612153434526 9.326315480550129 2
    endloop
  endfacet
  facet normal 0 0 1
    outer loop
      vertex 8.478612153434526 9.326315480550129 2
      vertex 21.521387846565474 10.326315480550129 2
      vertex 8.41481456572267 9.647047612756301 2
    endloop
  endfacet
  facet normal 0 0 1
    outer loop
      vertex 8.41481456572267 9.647047612756301 2
      vertex 21.585185434277328 10.647047612756301 2
      vertex 8.309698831278217 9.956708580912725 2
    endloop
  endfacet
  facet normal 0 0 1
    outer loop
      vertex 8.165063509461095 10.25 2
      vertex 21.834936490538905 11.25 2
      vertex 7.983383350728088 10.5219035725218 2
    endloop
  endfacet
  facet normal 0 0 1
    outer loop
      vertex 7.767766952966369 10.767766952966369 2
      vertex 7.983383350728088 10.5219035725218 2
      vertex 22.016616649271914 11.5219035725218 2
    endloop
  endfacet
  facet normal 0 0 1
    outer loop
      vertex 6.647047612756301 11.41481456572267 2
      vertex 6.956708580912725 11.309698831278217 2
      vertex 23.043291419087275 12.309698831278217 2
    endloop
  endfacet
  facet normal 0 0 1
    outer loop
      vertex 6.956708580912725 11.309698831278217 2
      vertex 7.25 11.165063509461095 2
      vertex 22.75 12.165063509461095 2
    endloop
  endfacet
  facet normal 0 0 1
    outer loop
      vertex 7.767766952966369 10.767766952966369 2
      vertex 22.23223304703363 11.767766952966369 2
      vertex 7.5219035725218015 10.983383350728088 2
    endloop
  endfacet
  facet normal 0 0 1
    outer loop
      vertex 7.25 11.165063509461095 2
      vertex 7.5219035725218015 10.983383350728088 2
      vertex 22.4780964274782 11.983383350728088 2
    endloop
  endfacet
  facet normal 0 0 1
    outer loop
      vertex 8.5 9 2
      vertex 21.521387846565474 9.673684519449871 2
      vertex 21.5 10 2
    endloop
  endfacet
  facet normal 0 0 1
    outer loop
      vertex 8.478612153434526 9.326315480550129 2
      vertex 21.5 10 2
      vertex 21.521387846565474 10.326315480550129 2
    endloop
  endfacet
  facet normal 0 0 1
    outer loop
      vertex 8.41481456572267 9.647047612756301 2
      vertex 21.521387846565474 10.326315480550129 2
      vertex 21.585185434277328 10.647047612756301 2
    endloop
  endfacet
  facet normal 0 0 1
    outer loop
      vertex 8.309698831278217 9.956708580912725 2
      vertex 21.585185434277328 10.647047612756301 2
      vertex 21.69030116872178 10.956708580912725 2
    endloop
  endfacet
  facet normal 0 0 1
    outer loop
      vertex 8.165063509461095 10.25 2
      vertex 21.69030116872178 10.956708580912725 2
      vertex 21.834936490538905 11.25 2
    endloop
  endfacet
  facet normal 0 0 1
    outer loop
      vertex 7.983383350728088 10.5219035725218 2
      vertex 21.834936490538905 11.25 2
      vertex 22.016616649271914 11.5219035725218 2
    endloop
  endfacet
  facet normal 0 0 1
    outer loop
      vertex 7.767766952966369 10.767766952966369 2
      vertex 22.016616649271914 11.5219035725218 2
      vertex 22.23223304703363 11.767766952966369 2
    endloop
  endfacet
  facet normal 0 0 1
    outer loop
      vertex 7.5219035725218015 10.983383350728088 2
      vertex 22.23223304703363 11.767766952966369 2
      vertex 22.4780964274782 11.983383350728088 2
    endloop
  endfacet
  facet normal 0 0 -1
    outer loop
      vertex 3 0 0
      vertex 3 37.399999998509884 0
      vertex 44.90999999642372 0 0
    endloop
  endfacet
  facet normal 0 0 1
    outer loop
      vertex 7.25 11.165063509461095 2
      vertex 22.4780964274782 11.983383350728088 2
      vertex 22.75 12.165063509461095 2
    endloop
  endfacet
  facet normal 0 0 1
    outer loop
      vertex 6.956708580912725 11.309698831278217 2
      vertex 22.75 12.165063509461095 2
      vertex 23.043291419087275 12.309698831278217 2
    endloop
  endfacet
  facet normal 0 0 1
    outer loop
      vertex 6.647047612756301 11.41481456572267 2
      vertex 23.043291419087275 12.309698831278217 2
      vertex 7.5219035725218015 26.416616649271912 2
    endloop
  endfacet
  facet normal 0 0 1
    outer loop
      vertex 23.043291419087275 12.309698831278217 2
      vertex 23.352952387243697 12.41481456572267 2
      vertex 8.165063509461095 27.15 2
    endloop
  endfacet
  facet normal 0 0 1
    outer loop
      vertex 23.352952387243697 12.41481456572267 2
      vertex 23.67368451944987 12.478612153434526 2
      vertex 8.41481456572267 27.752952387243695 2
    endloop
  endfacet
  facet normal 0 0 1
    outer loop
      vertex 23.67368451944987 12.478612153434526 2
      vertex 24 12.5 2
      vertex 8.478612153434526 28.07368451944987 2
    endloop
  endfacet
  facet normal 0 0 1
    outer loop
      vertex 8.5 28.4 2
      vertex 24 12.5 2
      vertex 24.32631548055013 12.478612153434526 2
    endloop
  endfacet
  facet normal 0 0 1
    outer loop
      vertex 8.5 28.4 2
      vertex 24.32631548055013 12.478612153434526 2
      vertex 24.647047612756303 12.41481456572267 2
    endloop
  endfacet
  facet normal 0 0 1
    outer loop
      vertex 8.5 28.4 2
      vertex 24.647047612756303 12.41481456572267 2
      vertex 24.956708580912725 12.309698831278217 2
    endloop
  endfacet
  facet normal 0 0 1
    outer loop
      vertex 8.5 28.4 2
      vertex 25.25 12.165063509461095 2
      vertex 25.5219035725218 11.983383350728088 2
    endloop
  endfacet
  facet normal 0 0 1
    outer loop
      vertex 8.5 28.4 2
      vertex 25.5219035725218 11.983383350728088 2
      vertex 25.76776695296637 11.767766952966369 2
    endloop
  endfacet
  facet normal 0 0 1
    outer loop
      vertex 8.5 28.4 2
      vertex 24.956708580912725 12.309698831278217 2
      vertex 25.25 12.165063509461095 2
    endloop
  endfacet
  facet normal 0 0 1
    outer loop
      vertex 3 2 2
      vertex 3.521387846565474 28.07368451944987 2
      vertex 3.5 28.4 2
    endloop
  endfacet
  facet normal 0 0 1
    outer loop
      vertex 3.690301168721783 9.956708580912725 2
      vertex 3.8349364905389036 27.15 2
      vertex 3.690301168721783 27.443291419087274 2
    endloop
  endfacet
  facet normal 0 0 1
    outer loop
      vertex 3 2 2
      vertex 3.5 28.4 2
      vertex 3 35.399999998509884 2
    endloop
  endfacet
  facet normal 0 0 1
    outer loop
      vertex 3.521387846565474 9.326315480550129 2
      vertex 3.5851854342773293 27.752952387243695 2
      vertex 3.521387846565474 28.07368451944987 2
    endloop
  endfacet
  facet normal 0 0 1
    outer loop
      vertex 3.690301168721783 9.956708580912725 2
      vertex 3.690301168721783 27.443291419087274 2
      vertex 3.5851854342773293 27.752952387243695 2
    endloop
  endfacet
  facet normal 0 0 1
    outer loop
      vertex 3.8349364905389036 10.25 2
      vertex 4.016616649271912 26.878096427478198 2
      vertex 3.8349364905389036 27.15 2
    endloop
  endfacet
  facet normal 0 0 1
    outer loop
      vertex 4.016616649271912 10.5219035725218 2
      vertex 4.232233047033631 26.63223304703363 2
      vertex 4.016616649271912 26.878096427478198 2
    endloop
  endfacet
  facet normal 0 0 1
    outer loop
      vertex 4.4780964274781985 10.983383350728088 2
      vertex 4.4780964274781985 26.416616649271912 2
      vertex 4.232233047033631 26.63223304703363 2
    endloop
  endfacet
  facet normal 0 0 1
    outer loop
      vertex 4.4780964274781985 10.983383350728088 2
      vertex 4.75 26.234936490538903 2
      vertex 4.4780964274781985 26.416616649271912 2
    endloop
  endfacet
  facet normal 0 0 1
    outer loop
      vertex 4.75 11.165063509461095 2
      vertex 5.043291419087275 26.09030116872178 2
      vertex 4.75 26.234936490538903 2
    endloop
  endfacet
  facet normal 0 0 1
    outer loop
      vertex 5.043291419087275 11.309698831278217 2
      vertex 5.352952387243699 25.985185434277327 2
      vertex 5.043291419087275 26.09030116872178 2
    endloop
  endfacet
  facet normal 0 0 1
    outer loop
      vertex 5.673684519449871 11.478612153434526 2
      vertex 5.673684519449871 25.921387846565473 2
      vertex 5.352952387243699 25.985185434277327 2
    endloop
  endfacet
  facet normal 0 0 1
    outer loop
      vertex 5.673684519449871 11.478612153434526 2
      vertex 6 25.9 2
      vertex 5.673684519449871 25.921387846565473 2
    endloop
  endfacet
  facet normal 0 0 -1
    outer loop
      vertex 0.025665417313575745 2.6084214225411415 0
      vertex 0 34.399999998509884 0
      vertex 0.025665417313575745 34.79157857596874 0
    endloop
  endfacet
  facet normal -1 0 0
    outer loop
      vertex 0 3 0
      vertex 0 34.399999998509884 2
      vertex 0 34.399999998509884 0
    endloop
  endfacet
  facet normal 0 0 -1
    outer loop
      vertex 0.10222252458333969 2.2235428616404533 0
      vertex 0.025665417313575745 34.79157857596874 0
      vertex 0.10222252458333969 35.17645713686943 0
    endloop
  endfacet
  facet normal 0 0 -1
    outer loop
      vertex 0.22836140543222427 1.8519496992230415 0
      vertex 0.10222252458333969 35.17645713686943 0
      vertex 0.22836140543222427 35.54805029928684 0
    endloop
  endfacet
  facet normal 0 0 -1
    outer loop
      vertex 0.4019237905740738 1.5 0
      vertex 0.22836140543222427 35.54805029928684 0
      vertex 0.4019237905740738 35.899999998509884 0
    endloop
  endfacet
  facet normal 0 0 -1
    outer loop
      vertex 0.6199399754405022 1.1737157106399536 0
      vertex 0.4019237905740738 35.899999998509884 0
      vertex 0.6199399754405022 36.22628428786993 0
    endloop
  endfacet
  facet normal 0 0 -1
    outer loop
      vertex 0.8786796554923058 0.8786796554923058 0
      vertex 0.6199399754405022 36.22628428786993 0
      vertex 0.8786796554923058 36.52132034301758 0
    endloop
  endfacet
  facet normal 0 0 -1
    outer loop
      vertex 1.1737157106399536 0.6199399754405022 0
      vertex 0.8786796554923058 36.52132034301758 0
      vertex 1.1737157106399536 36.78006002306938 0
    endloop
  endfacet
  facet normal 0 0 -1
    outer loop
      vertex 1.5 0.4019237905740738 0
      vertex 1.1737157106399536 36.78006002306938 0
      vertex 1.5 36.99807620793581 0
    endloop
  endfacet
  facet normal 0 0 -1
    outer loop
      vertex 1.8519496992230415 0.22836140543222427 0
      vertex 1.5 36.99807620793581 0
      vertex 1.8519496992230415 37.17163860052824 0
    endloop
  endfacet
  facet normal 0 0 -1
    outer loop
      vertex 2.2235428616404533 0.10222252458333969 0
      vertex 1.8519496992230415 37.17163860052824 0
      vertex 2.2235428616404533 37.297777481377125 0
    endloop
  endfacet
  facet normal 0 0 -1
    outer loop
      vertex 2.6084214225411415 0.025665417313575745 0
      vertex 2.2235428616404533 37.297777481377125 0
      vertex 2.6084214225411415 37.37433458119631 0
    endloop
  endfacet
  facet normal 0 0 -1
    outer loop
      vertex 3 0 0
      vertex 2.6084214225411415 37.37433458119631 0
      vertex 3 37.399999998509884 0
    endloop
  endfacet
  facet normal 0 0 1
    outer loop
      vertex 2 3 2
      vertex 2.0085551366209984 34.53052619099617 2
      vertex 2 34.399999998509884 2
    endloop
  endfacet
  facet normal 0 0 1
    outer loop
      vertex 2 3 2
      vertex 2.0340741723775864 34.658819042146206 2
      vertex 2.0085551366209984 34.53052619099617 2
    endloop
  endfacet
  facet normal 0 0 1
    outer loop
      vertex 2 3 2
      vertex 2.0761204659938812 34.7826834321022 2
      vertex 2.0340741723775864 34.658819042146206 2
    endloop
  endfacet
  facet normal 0 0 1
    outer loop
      vertex 2 3 2
      vertex 2.1339745968580246 34.899999998509884 2
      vertex 2.0761204659938812 34.7826834321022 2
    endloop
  endfacet
  facet normal 0 0 1
    outer loop
      vertex 2 3 2
      vertex 2.2066466584801674 35.008761428296566 2
      vertex 2.1339745968580246 34.899999998509884 2
    endloop
  endfacet
  facet normal 0 0 1
    outer loop
      vertex 2.6173165664076805 2.0761204659938812 2
      vertex 2.2928932160139084 35.107106782495975 2
      vertex 2.2066466584801674 35.008761428296566 2
    endloop
  endfacet
  facet normal 0 0 1
    outer loop
      vertex 2.6173165664076805 2.0761204659938812 2
      vertex 2.391238570213318 35.19335334002972 2
      vertex 2.2928932160139084 35.107106782495975 2
    endloop
  endfacet
  facet normal 0 0 1
    outer loop
      vertex 2.6173165664076805 2.0761204659938812 2
      vertex 2.5 35.26602540165186 2
      vertex 2.391238570213318 35.19335334002972 2
    endloop
  endfacet
  facet normal 0 0 1
    outer loop
      vertex 2.6173165664076805 2.0761204659938812 2
      vertex 2.6173165664076805 35.323879532516 2
      vertex 2.5 35.26602540165186 2
    endloop
  endfacet
  facet normal 0 0 1
    outer loop
      vertex 3 2 2
      vertex 2.741180956363678 35.3659258261323 2
      vertex 2.6173165664076805 35.323879532516 2
    endloop
  endfacet
  facet normal 0 0 1
    outer loop
      vertex 3 2 2
      vertex 2.869473807513714 35.391444861888885 2
      vertex 2.741180956363678 35.3659258261323 2
    endloop
  endfacet
  facet normal 0 0 1
    outer loop
      vertex 3 2 2
      vertex 3 35.399999998509884 2
      vertex 2.869473807513714 35.391444861888885 2
    endloop
  endfacet
  facet normal 0 0 1
    outer loop
      vertex 6 11.5 2
      vertex 6.326315480550129 25.921387846565473 2
      vertex 6 25.9 2
    endloop
  endfacet
  facet normal 0 0 1
    outer loop
      vertex 6.326315480550129 11.478612153434526 2
      vertex 6.647047612756301 25.985185434277327 2
      vertex 6.326315480550129 25.921387846565473 2
    endloop
  endfacet
  facet normal 0 0 1
    outer loop
      vertex 6.647047612756301 11.41481456572267 2
      vertex 6.956708580912725 26.09030116872178 2
      vertex 6.647047612756301 25.985185434277327 2
    endloop
  endfacet
  facet normal 0 0 1
    outer loop
      vertex 6.647047612756301 11.41481456572267 2
      vertex 7.25 26.234936490538903 2
      vertex 6.956708580912725 26.09030116872178 2
    endloop
  endfacet
  facet normal 0 0 1
    outer loop
      vertex 6.647047612756301 11.41481456572267 2
      vertex 7.5219035725218015 26.416616649271912 2
      vertex 7.25 26.234936490538903 2
    endloop
  endfacet
  facet normal 0 0 1
    outer loop
      vertex 3.5 28.4 2
      vertex 3.521387846565474 28.726315480550127 2
      vertex 3 35.399999998509884 2
    endloop
  endfacet
  facet normal 0 0 1
    outer loop
      vertex 3.521387846565474 28.726315480550127 2
      vertex 3.5851854342773293 29.0470476127563 2
      vertex 3 35.399999998509884 2
    endloop
  endfacet
  facet normal 0 0 1
    outer loop
      vertex 3.5851854342773293 29.0470476127563 2
      vertex 3.690301168721783 29.356708580912724 2
      vertex 3 35.399999998509884 2
    endloop
  endfacet
  facet normal 0 0 1
    outer loop
      vertex 3.690301168721783 29.356708580912724 2
      vertex 3.8349364905389036 29.65 2
      vertex 3 35.399999998509884 2
    endloop
  endfacet
  facet normal 0 0 1
    outer loop
      vertex 3.8349364905389036 29.65 2
      vertex 4.016616649271912 29.9219035725218 2
      vertex 3 35.399999998509884 2
    endloop
  endfacet
  facet normal 0 0 1
    outer loop
      vertex 4.016616649271912 29.9219035725218 2
      vertex 4.232233047033631 30.167766952966367 2
      vertex 3 35.399999998509884 2
    endloop
  endfacet
  facet normal 0 0 1
    outer loop
      vertex 4.232233047033631 30.167766952966367 2
      vertex 4.4780964274781985 30.383383350728085 2
      vertex 3 35.399999998509884 2
    endloop
  endfacet
  facet normal 0 0 1
    outer loop
      vertex 4.4780964274781985 30.383383350728085 2
      vertex 4.75 30.565063509461094 2
      vertex 3 35.399999998509884 2
    endloop
  endfacet
  facet normal 0 0 1
    outer loop
      vertex 4.75 30.565063509461094 2
      vertex 5.043291419087275 30.709698831278217 2
      vertex 3 35.399999998509884 2
    endloop
  endfacet
  facet normal 0 0 1
    outer loop
      vertex 5.043291419087275 30.709698831278217 2
      vertex 5.352952387243699 30.81481456572267 2
      vertex 3 35.399999998509884 2
    endloop
  endfacet
  facet normal 0 0 1
    outer loop
      vertex 5.352952387243699 30.81481456572267 2
      vertex 5.673684519449871 30.878612153434524 2
      vertex 3 35.399999998509884 2
    endloop
  endfacet
  facet normal 0 0 1
    outer loop
      vertex 5.673684519449871 30.878612153434524 2
      vertex 6 30.9 2
      vertex 3 35.399999998509884 2
    endloop
  endfacet
  facet normal 0 0 1
    outer loop
      vertex 3 35.399999998509884 2
      vertex 6 30.9 2
      vertex 6.326315480550129 30.878612153434524 2
    endloop
  endfacet
  facet normal 0 0 1
    outer loop
      vertex 3 35.399999998509884 2
      vertex 7.25 30.565063509461094 2
      vertex 7.5219035725218015 30.383383350728085 2
    endloop
  endfacet
  facet normal 0 0 1
    outer loop
      vertex 3 35.399999998509884 2
      vertex 6.326315480550129 30.878612153434524 2
      vertex 6.647047612756301 30.81481456572267 2
    endloop
  endfacet
  facet normal 0 0 1
    outer loop
      vertex 3 35.399999998509884 2
      vertex 6.647047612756301 30.81481456572267 2
      vertex 6.956708580912725 30.709698831278217 2
    endloop
  endfacet
  facet normal 0 0 1
    outer loop
      vertex 3 35.399999998509884 2
      vertex 6.956708580912725 30.709698831278217 2
      vertex 7.25 30.565063509461094 2
    endloop
  endfacet
  facet normal -0.9978589230086541 0.06540313273849395 0
    outer loop
      vertex 0 34.399999998509884 0
      vertex 0.025665417313575745 34.79157857596874 2
      vertex 0.025665417313575745 34.79157857596874 0
    endloop
  endfacet
  facet normal -0.980785279639006 0.1950903258581441 0
    outer loop
      vertex 0.025665417313575745 34.79157857596874 0
      vertex 0.10222252458333969 35.17645713686943 2
      vertex 0.10222252458333969 35.17645713686943 0
    endloop
  endfacet
  facet normal -0.9978589230086541 0.06540313273849395 0
    outer loop
      vertex 0 34.399999998509884 0
      vertex 0 34.399999998509884 2
      vertex 0.025665417313575745 34.79157857596874 2
    endloop
  endfacet
  facet normal -0.980785279639006 0.1950903258581441 0
    outer loop
      vertex 0.025665417313575745 34.79157857596874 0
      vertex 0.025665417313575745 34.79157857596874 2
      vertex 0.10222252458333969 35.17645713686943 2
    endloop
  endfacet
  facet normal -0.9469301300366788 0.32143946370773846 0
    outer loop
      vertex 0.10222252458333969 35.17645713686943 0
      vertex 0.22836140543222427 35.54805029928684 2
      vertex 0.22836140543222427 35.54805029928684 0
    endloop
  endfacet
  facet normal -0.8968727407473451 0.4422886918115197 0
    outer loop
      vertex 0.22836140543222427 35.54805029928684 0
      vertex 0.4019237905740738 35.899999998509884 2
      vertex 0.4019237905740738 35.899999998509884 0
    endloop
  endfacet
  facet normal -0.8314696207458843 0.5555702203832521 0
    outer loop
      vertex 0.4019237905740738 35.899999998509884 0
      vertex 0.6199399754405022 36.22628428786993 2
      vertex 0.6199399754405022 36.22628428786993 0
    endloop
  endfacet
  facet normal -0.9469301300366788 0.32143946370773846 0
    outer loop
      vertex 0.10222252458333969 35.17645713686943 0
      vertex 0.10222252458333969 35.17645713686943 2
      vertex 0.22836140543222427 35.54805029928684 2
    endloop
  endfacet
  facet normal -0.8968727407473451 0.4422886918115197 0
    outer loop
      vertex 0.22836140543222427 35.54805029928684 0
      vertex 0.22836140543222427 35.54805029928684 2
      vertex 0.4019237905740738 35.899999998509884 2
    endloop
  endfacet
  facet normal -0.8314696207458843 0.5555702203832521 0
    outer loop
      vertex 0.4019237905740738 35.899999998509884 0
      vertex 0.4019237905740738 35.899999998509884 2
      vertex 0.6199399754405022 36.22628428786993 2
    endloop
  endfacet
  facet normal -0.7518398024852506 0.6593458207943228 0
    outer loop
      vertex 0.6199399754405022 36.22628428786993 0
      vertex 0.8786796554923058 36.52132034301758 2
      vertex 0.8786796554923058 36.52132034301758 0
    endloop
  endfacet
  facet normal -0.6593458207943228 0.7518398024852506 0
    outer loop
      vertex 0.8786796554923058 36.52132034301758 0
      vertex 1.1737157106399536 36.78006002306938 2
      vertex 1.1737157106399536 36.78006002306938 0
    endloop
  endfacet
  facet normal -0.5555702203832521 0.8314696207458843 0
    outer loop
      vertex 1.1737157106399536 36.78006002306938 0
      vertex 1.5 36.99807620793581 2
      vertex 1.5 36.99807620793581 0
    endloop
  endfacet
  facet normal -0.7518398024852506 0.6593458207943228 0
    outer loop
      vertex 0.6199399754405022 36.22628428786993 0
      vertex 0.6199399754405022 36.22628428786993 2
      vertex 0.8786796554923058 36.52132034301758 2
    endloop
  endfacet
  facet normal -0.6593458207943228 0.7518398024852506 0
    outer loop
      vertex 0.8786796554923058 36.52132034301758 0
      vertex 0.8786796554923058 36.52132034301758 2
      vertex 1.1737157106399536 36.78006002306938 2
    endloop
  endfacet
  facet normal -0.5555702203832521 0.8314696207458843 0
    outer loop
      vertex 1.1737157106399536 36.78006002306938 0
      vertex 1.1737157106399536 36.78006002306938 2
      vertex 1.5 36.99807620793581 2
    endloop
  endfacet
  facet normal -0.4422887070837332 0.8968727332159226 0
    outer loop
      vertex 1.5 36.99807620793581 0
      vertex 1.8519496992230415 37.17163860052824 2
      vertex 1.8519496992230415 37.17163860052824 0
    endloop
  endfacet
  facet normal -0.32143946370773846 0.9469301300366788 0
    outer loop
      vertex 1.8519496992230415 37.17163860052824 0
      vertex 2.2235428616404533 37.297777481377125 2
      vertex 2.2235428616404533 37.297777481377125 0
    endloop
  endfacet
  facet normal -0.19509030759446716 0.9807852832718771 0
    outer loop
      vertex 2.2235428616404533 37.297777481377125 0
      vertex 2.6084214225411415 37.37433458119631 2
      vertex 2.6084214225411415 37.37433458119631 0
    endloop
  endfacet
  facet normal -0.06540313273849395 0.9978589230086541 0
    outer loop
      vertex 2.6084214225411415 37.37433458119631 0
      vertex 3 37.399999998509884 2
      vertex 3 37.399999998509884 0
    endloop
  endfacet
  facet normal -0.4422887070837332 0.8968727332159226 0
    outer loop
      vertex 1.5 36.99807620793581 0
      vertex 1.5 36.99807620793581 2
      vertex 1.8519496992230415 37.17163860052824 2
    endloop
  endfacet
  facet normal -0.32143946370773846 0.9469301300366788 0
    outer loop
      vertex 1.8519496992230415 37.17163860052824 0
      vertex 1.8519496992230415 37.17163860052824 2
      vertex 2.2235428616404533 37.297777481377125 2
    endloop
  endfacet
  facet normal -0.19509030759446716 0.9807852832718771 0
    outer loop
      vertex 2.2235428616404533 37.297777481377125 0
      vertex 2.2235428616404533 37.297777481377125 2
      vertex 2.6084214225411415 37.37433458119631 2
    endloop
  endfacet
  facet normal -0.06540313273849395 0.9978589230086541 0
    outer loop
      vertex 2.6084214225411415 37.37433458119631 0
      vertex 2.6084214225411415 37.37433458119631 2
      vertex 3 37.399999998509884 2
    endloop
  endfacet
  facet normal 0 1 0
    outer loop
      vertex 3 37.399999998509884 0
      vertex 3 37.399999998509884 2
      vertex 6 37.399999998509884 2.000000000000001
    endloop
  endfacet
  facet normal 0 0 1
    outer loop
      vertex 3 35.399999998509884 2
      vertex 7.5219035725218015 30.383383350728085 2
      vertex 7.767766952966369 30.167766952966367 2
    endloop
  endfacet
  facet normal 0 1 0
    outer loop
      vertex 3 37.399999998509884 0
      vertex 6 37.399999998509884 2.000000000000001
      vertex 16 37.399999998509884 2.000000000000001
    endloop
  endfacet
  facet normal -2.9605947323337506e-16 -1.1683859355022537e-15 1
    outer loop
      vertex 3 35.399999998509884 2
      vertex 24.647047612756303 29.914814565722672 2
      vertex 6 35.399999998509884 2.000000000000001
    endloop
  endfacet
  facet normal 0 0 1
    outer loop
      vertex 23.043291419087275 12.309698831278217 2
      vertex 7.767766952966369 26.63223304703363 2
      vertex 7.5219035725218015 26.416616649271912 2
    endloop
  endfacet
  facet normal 0 0 1
    outer loop
      vertex 23.043291419087275 12.309698831278217 2
      vertex 7.983383350728088 26.878096427478198 2
      vertex 7.767766952966369 26.63223304703363 2
    endloop
  endfacet
  facet normal 0 0 1
    outer loop
      vertex 23.043291419087275 12.309698831278217 2
      vertex 8.165063509461095 27.15 2
      vertex 7.983383350728088 26.878096427478198 2
    endloop
  endfacet
  facet normal 0 0 1
    outer loop
      vertex 23.352952387243697 12.41481456572267 2
      vertex 8.309698831278217 27.443291419087274 2
      vertex 8.165063509461095 27.15 2
    endloop
  endfacet
  facet normal 0 0 1
    outer loop
      vertex 23.352952387243697 12.41481456572267 2
      vertex 8.41481456572267 27.752952387243695 2
      vertex 8.309698831278217 27.443291419087274 2
    endloop
  endfacet
  facet normal 0 0 1
    outer loop
      vertex 23.67368451944987 12.478612153434526 2
      vertex 8.478612153434526 28.07368451944987 2
      vertex 8.41481456572267 27.752952387243695 2
    endloop
  endfacet
  facet normal 0 0 1
    outer loop
      vertex 8.478612153434526 28.07368451944987 2
      vertex 24 12.5 2
      vertex 8.5 28.4 2
    endloop
  endfacet
  facet normal 0 0 1
    outer loop
      vertex 8.5 28.4 2
      vertex 44.90999999642372 2 2
      vertex 8.478612153434526 28.726315480550127 2
    endloop
  endfacet
  facet normal 0 0 1
    outer loop
      vertex 8.41481456572267 29.0470476127563 2
      vertex 44.90999999642372 2 2
      vertex 8.309698831278217 29.356708580912724 2
    endloop
  endfacet
  facet normal 0 0 1
    outer loop
      vertex 8.165063509461095 29.65 2
      vertex 8.309698831278217 29.356708580912724 2
      vertex 44.90999999642372 2 2
    endloop
  endfacet
  facet normal 0 0 1
    outer loop
      vertex 8.478612153434526 28.726315480550127 2
      vertex 44.90999999642372 2 2
      vertex 8.41481456572267 29.0470476127563 2
    endloop
  endfacet
  facet normal 0 0 1
    outer loop
      vertex 8.165063509461095 29.65 2
      vertex 44.90999999642372 2 2
      vertex 7.983383350728088 29.9219035725218 2
    endloop
  endfacet
  facet normal 0 0 1
    outer loop
      vertex 7.767766952966369 30.167766952966367 2
      vertex 7.983383350728088 29.9219035725218 2
      vertex 44.90999999642372 2 2
    endloop
  endfacet
  facet normal 0 0 1
    outer loop
      vertex 3 35.399999998509884 2
      vertex 7.767766952966369 30.167766952966367 2
      vertex 44.90999999642372 2 2
    endloop
  endfacet
  facet normal 0 0 1
    outer loop
      vertex 3 35.399999998509884 2
      vertex 44.90999999642372 2 2
      vertex 22.23223304703363 25.73223304703363 2
    endloop
  endfacet
  facet normal 0 0 1
    outer loop
      vertex 3 35.399999998509884 2
      vertex 22.016616649271914 25.9780964274782 2
      vertex 21.834936490538905 26.25 2
    endloop
  endfacet
  facet normal 0 0 1
    outer loop
      vertex 3 35.399999998509884 2
      vertex 22.23223304703363 25.73223304703363 2
      vertex 22.016616649271914 25.9780964274782 2
    endloop
  endfacet
  facet normal 0 0 1
    outer loop
      vertex 3 35.399999998509884 2
      vertex 21.834936490538905 26.25 2
      vertex 21.69030116872178 26.543291419087275 2
    endloop
  endfacet
  facet normal 0 0 1
    outer loop
      vertex 3 35.399999998509884 2
      vertex 21.69030116872178 26.543291419087275 2
      vertex 21.585185434277328 26.852952387243697 2
    endloop
  endfacet
  facet normal 0 0 1
    outer loop
      vertex 3 35.399999998509884 2
      vertex 21.521387846565474 27.17368451944987 2
      vertex 21.5 27.5 2
    endloop
  endfacet
  facet normal 0 0 1
    outer loop
      vertex 3 35.399999998509884 2
      vertex 21.5 27.5 2
      vertex 21.521387846565474 27.82631548055013 2
    endloop
  endfacet
  facet normal 0 0 1
    outer loop
      vertex 3 35.399999998509884 2
      vertex 21.585185434277328 26.852952387243697 2
      vertex 21.521387846565474 27.17368451944987 2
    endloop
  endfacet
  facet normal 0 0 1
    outer loop
      vertex 3 35.399999998509884 2
      vertex 21.521387846565474 27.82631548055013 2
      vertex 21.585185434277328 28.147047612756303 2
    endloop
  endfacet
  facet normal 0 0 1
    outer loop
      vertex 3 35.399999998509884 2
      vertex 21.585185434277328 28.147047612756303 2
      vertex 21.69030116872178 28.456708580912725 2
    endloop
  endfacet
  facet normal 0 0 1
    outer loop
      vertex 3 35.399999998509884 2
      vertex 21.69030116872178 28.456708580912725 2
      vertex 21.834936490538905 28.75 2
    endloop
  endfacet
  facet normal 0 0 1
    outer loop
      vertex 3 35.399999998509884 2
      vertex 21.834936490538905 28.75 2
      vertex 22.016616649271914 29.0219035725218 2
    endloop
  endfacet
  facet normal 0 0 1
    outer loop
      vertex 3 35.399999998509884 2
      vertex 22.016616649271914 29.0219035725218 2
      vertex 22.23223304703363 29.26776695296637 2
    endloop
  endfacet
  facet normal 0 0 1
    outer loop
      vertex 3 35.399999998509884 2
      vertex 22.23223304703363 29.26776695296637 2
      vertex 22.4780964274782 29.483383350728086 2
    endloop
  endfacet
  facet normal 0 0 1
    outer loop
      vertex 3 35.399999998509884 2
      vertex 22.4780964274782 29.483383350728086 2
      vertex 22.75 29.665063509461095 2
    endloop
  endfacet
  facet normal 0 0 1
    outer loop
      vertex 3 35.399999998509884 2
      vertex 22.75 29.665063509461095 2
      vertex 23.043291419087275 29.80969883127822 2
    endloop
  endfacet
  facet normal 0 0 1
    outer loop
      vertex 3 35.399999998509884 2
      vertex 23.043291419087275 29.80969883127822 2
      vertex 23.352952387243697 29.914814565722672 2
    endloop
  endfacet
  facet normal 0 0 1
    outer loop
      vertex 3 35.399999998509884 2
      vertex 23.352952387243697 29.914814565722672 2
      vertex 23.67368451944987 29.978612153434526 2
    endloop
  endfacet
  facet normal 0 0 1
    outer loop
      vertex 3 35.399999998509884 2
      vertex 23.67368451944987 29.978612153434526 2
      vertex 24 30 2
    endloop
  endfacet
  facet normal 0 0 1
    outer loop
      vertex 3 35.399999998509884 2
      vertex 24 30 2
      vertex 24.32631548055013 29.978612153434526 2
    endloop
  endfacet
  facet normal 0 0 1
    outer loop
      vertex 3 35.399999998509884 2
      vertex 24.32631548055013 29.978612153434526 2
      vertex 24.647047612756303 29.914814565722672 2
    endloop
  endfacet
  facet normal 0 1 0
    outer loop
      vertex 3 37.399999998509884 0
      vertex 16 37.399999998509884 2.000000000000001
      vertex 21 37.399999998509884 2.000000000000001
    endloop
  endfacet
  facet normal 0 -1.6192313470226861e-16 1
    outer loop
      vertex 6 35.399999998509884 2.000000000000001
      vertex 24.647047612756303 29.914814565722672 2
      vertex 16 35.399999998509884 2.000000000000001
    endloop
  endfacet
  facet normal 0 -1.6192313470226861e-16 1
    outer loop
      vertex 16 35.399999998509884 2.000000000000001
      vertex 24.647047612756303 29.914814565722672 2
      vertex 21 35.399999998509884 2.000000000000001
    endloop
  endfacet
  facet normal 0 1 0
    outer loop
      vertex 3 37.399999998509884 0
      vertex 21 37.399999998509884 2.000000000000001
      vertex 31 37.399999998509884 2.000000000000001
    endloop
  endfacet
  facet normal 0 1.5902398051982445e-16 1
    outer loop
      vertex 21 2 2.000000000000001
      vertex 31 2 2.000000000000001
      vertex 24.647047612756303 7.58518543427733 2
    endloop
  endfacet
  facet normal 0 -1 0
    outer loop
      vertex 3 0 2
      vertex 44.90999999642372 0 0
      vertex 44.90999999642372 0 2
    endloop
  endfacet
  facet normal 6.38517915117525e-17 2.316531521181103e-16 1
    outer loop
      vertex 24.647047612756303 7.58518543427733 2
      vertex 31 2 2.000000000000001
      vertex 44.90999999642372 2 2
    endloop
  endfacet
  facet normal 0 0 1
    outer loop
      vertex 24.647047612756303 7.58518543427733 2
      vertex 44.90999999642372 2 2
      vertex 24.956708580912725 7.690301168721783 2
    endloop
  endfacet
  facet normal 0 0 1
    outer loop
      vertex 24.956708580912725 7.690301168721783 2
      vertex 44.90999999642372 2 2
      vertex 25.25 7.834936490538904 2
    endloop
  endfacet
  facet normal 0 0 1
    outer loop
      vertex 25.25 7.834936490538904 2
      vertex 44.90999999642372 2 2
      vertex 25.5219035725218 8.016616649271912 2
    endloop
  endfacet
  facet normal 0 0 1
    outer loop
      vertex 25.5219035725218 8.016616649271912 2
      vertex 44.90999999642372 2 2
      vertex 25.76776695296637 8.232233047033631 2
    endloop
  endfacet
  facet normal 0 0 1
    outer loop
      vertex 25.76776695296637 8.232233047033631 2
      vertex 44.90999999642372 2 2
      vertex 25.983383350728086 8.4780964274782 2
    endloop
  endfacet
  facet normal 0 0 1
    outer loop
      vertex 25.983383350728086 8.4780964274782 2
      vertex 44.90999999642372 2 2
      vertex 26.165063509461095 8.75 2
    endloop
  endfacet
  facet normal 0 0 1
    outer loop
      vertex 26.165063509461095 8.75 2
      vertex 44.90999999642372 2 2
      vertex 26.30969883127822 9.043291419087275 2
    endloop
  endfacet
  facet normal 0 0 1
    outer loop
      vertex 26.30969883127822 9.043291419087275 2
      vertex 44.90999999642372 2 2
      vertex 26.414814565722672 9.352952387243699 2
    endloop
  endfacet
  facet normal 0 0 1
    outer loop
      vertex 26.414814565722672 9.352952387243699 2
      vertex 44.90999999642372 2 2
      vertex 26.478612153434526 9.673684519449871 2
    endloop
  endfacet
  facet normal 0 0 1
    outer loop
      vertex 26.478612153434526 9.673684519449871 2
      vertex 44.90999999642372 2 2
      vertex 26.5 10 2
    endloop
  endfacet
  facet normal 0 0 1
    outer loop
      vertex 26.5 10 2
      vertex 44.90999999642372 2 2
      vertex 26.478612153434526 10.326315480550129 2
    endloop
  endfacet
  facet normal 0 0 1
    outer loop
      vertex 26.414814565722672 10.647047612756301 2
      vertex 44.90999999642372 2 2
      vertex 26.30969883127822 10.956708580912725 2
    endloop
  endfacet
  facet normal 0 0 1
    outer loop
      vertex 26.165063509461095 11.25 2
      vertex 26.30969883127822 10.956708580912725 2
      vertex 44.90999999642372 2 2
    endloop
  endfacet
  facet normal 0 0 1
    outer loop
      vertex 26.478612153434526 10.326315480550129 2
      vertex 44.90999999642372 2 2
      vertex 26.414814565722672 10.647047612756301 2
    endloop
  endfacet
  facet normal 0 0 1
    outer loop
      vertex 26.165063509461095 11.25 2
      vertex 44.90999999642372 2 2
      vertex 25.983383350728086 11.5219035725218 2
    endloop
  endfacet
  facet normal 0 0 1
    outer loop
      vertex 25.983383350728086 11.5219035725218 2
      vertex 44.90999999642372 2 2
      vertex 25.76776695296637 11.767766952966369 2
    endloop
  endfacet
  facet normal 0 0 1
    outer loop
      vertex 8.5 28.4 2
      vertex 25.76776695296637 11.767766952966369 2
      vertex 44.90999999642372 2 2
    endloop
  endfacet
  facet normal 0 0 1
    outer loop
      vertex 22.4780964274782 25.516616649271914 2
      vertex 22.23223304703363 25.73223304703363 2
      vertex 44.90999999642372 2 2
    endloop
  endfacet
  facet normal 0 0 1
    outer loop
      vertex 22.75 25.334936490538905 2
      vertex 44.90999999642372 2 2
      vertex 23.043291419087275 25.19030116872178 2
    endloop
  endfacet
  facet normal 0 0 1
    outer loop
      vertex 23.043291419087275 25.19030116872178 2
      vertex 44.90999999642372 2 2
      vertex 23.352952387243697 25.085185434277328 2
    endloop
  endfacet
  facet normal 0 0 1
    outer loop
      vertex 22.75 25.334936490538905 2
      vertex 22.4780964274782 25.516616649271914 2
      vertex 44.90999999642372 2 2
    endloop
  endfacet
  facet normal 0 0 1
    outer loop
      vertex 23.67368451944987 25.021387846565474 2
      vertex 43.41 6 2
      vertex 24 25 2
    endloop
  endfacet
  facet normal 0 0 1
    outer loop
      vertex 43.41 6 2
      vertex 24.32631548055013 25.021387846565474 2
      vertex 24 25 2
    endloop
  endfacet
  facet normal 0 0 1
    outer loop
      vertex 44.90999999642372 2 2
      vertex 45.90999999642372 6 2
      vertex 43.41 6 2
    endloop
  endfacet
  facet normal 0.06540313273849395 -0.9978589230086541 0
    outer loop
      vertex 44.90999999642372 0 0
      vertex 45.30157857388258 0.025665417313575745 0
      vertex 44.90999999642372 0 2
    endloop
  endfacet
  facet normal 0.1950903258581441 -0.980785279639006 0
    outer loop
      vertex 45.30157857388258 0.025665417313575745 0
      vertex 45.68645713478327 0.10222252458333969 0
      vertex 45.30157857388258 0.025665417313575745 2
    endloop
  endfacet
  facet normal 0.32143946370773846 -0.9469301300366788 0
    outer loop
      vertex 45.68645713478327 0.10222252458333969 0
      vertex 46.05805029720068 0.22836140543222427 0
      vertex 45.68645713478327 0.10222252458333969 2
    endloop
  endfacet
  facet normal 0.4422886918115197 -0.8968727407473451 0
    outer loop
      vertex 46.05805029720068 0.22836140543222427 0
      vertex 46.40999999642372 0.4019237905740738 0
      vertex 46.05805029720068 0.22836140543222427 2
    endloop
  endfacet
  facet normal 0.06540313273849395 -0.9978589230086541 0
    outer loop
      vertex 44.90999999642372 0 2
      vertex 45.30157857388258 0.025665417313575745 0
      vertex 45.30157857388258 0.025665417313575745 2
    endloop
  endfacet
  facet normal 0.1950903258581441 -0.980785279639006 0
    outer loop
      vertex 45.68645713478327 0.10222252458333969 0
      vertex 45.68645713478327 0.10222252458333969 2
      vertex 45.30157857388258 0.025665417313575745 2
    endloop
  endfacet
  facet normal 0.32143946370773846 -0.9469301300366788 0
    outer loop
      vertex 46.05805029720068 0.22836140543222427 0
      vertex 46.05805029720068 0.22836140543222427 2
      vertex 45.68645713478327 0.10222252458333969 2
    endloop
  endfacet
  facet normal 0.4422886918115197 -0.8968727407473451 0
    outer loop
      vertex 46.40999999642372 0.4019237905740738 0
      vertex 46.40999999642372 0.4019237905740738 2
      vertex 46.05805029720068 0.22836140543222427 2
    endloop
  endfacet
  facet normal 0.5555702203832521 -0.8314696207458843 0
    outer loop
      vertex 46.40999999642372 0.4019237905740738 0
      vertex 46.73628428578377 0.6199399754405022 0
      vertex 46.40999999642372 0.4019237905740738 2
    endloop
  endfacet
  facet normal 0.6593458207943228 -0.7518398024852506 0
    outer loop
      vertex 46.73628428578377 0.6199399754405022 0
      vertex 47.031320340931416 0.8786796554923058 0
      vertex 46.73628428578377 0.6199399754405022 2
    endloop
  endfacet
  facet normal 0.7518398024852506 -0.6593458207943228 0
    outer loop
      vertex 47.031320340931416 0.8786796554923058 0
      vertex 47.29006002098322 1.1737157106399536 0
      vertex 47.031320340931416 0.8786796554923058 2
    endloop
  endfacet
  facet normal 0.5555702203832521 -0.8314696207458843 0
    outer loop
      vertex 46.73628428578377 0.6199399754405022 0
      vertex 46.73628428578377 0.6199399754405022 2
      vertex 46.40999999642372 0.4019237905740738 2
    endloop
  endfacet
  facet normal 0.6593458207943228 -0.7518398024852506 0
    outer loop
      vertex 47.031320340931416 0.8786796554923058 0
      vertex 47.031320340931416 0.8786796554923058 2
      vertex 46.73628428578377 0.6199399754405022 2
    endloop
  endfacet
  facet normal 0.7518398024852506 -0.6593458207943228 0
    outer loop
      vertex 47.29006002098322 1.1737157106399536 0
      vertex 47.29006002098322 1.1737157106399536 2
      vertex 47.031320340931416 0.8786796554923058 2
    endloop
  endfacet
  facet normal 0.8314696119753574 -0.5555702335092735 0
    outer loop
      vertex 47.29006002098322 1.1737157106399536 0
      vertex 47.50807621330023 1.5 0
      vertex 47.29006002098322 1.1737157106399536 2
    endloop
  endfacet
  facet normal 0.8968727407473451 -0.4422886918115197 0
    outer loop
      vertex 47.50807621330023 1.5 0
      vertex 47.68163859844208 1.8519496992230415 0
      vertex 47.50807621330023 1.5 2
    endloop
  endfacet
  facet normal 0.9469301300366788 -0.32143946370773846 0
    outer loop
      vertex 47.68163859844208 1.8519496992230415 0
      vertex 47.80777747929096 2.2235428616404533 0
      vertex 47.68163859844208 1.8519496992230415 2
    endloop
  endfacet
  facet normal 0.8314696119753574 -0.5555702335092735 0
    outer loop
      vertex 47.50807621330023 1.5 0
      vertex 47.50807621330023 1.5 2
      vertex 47.29006002098322 1.1737157106399536 2
    endloop
  endfacet
  facet normal 0.8968727407473451 -0.4422886918115197 0
    outer loop
      vertex 47.68163859844208 1.8519496992230415 0
      vertex 47.68163859844208 1.8519496992230415 2
      vertex 47.50807621330023 1.5 2
    endloop
  endfacet
  facet normal 0.9469301300366788 -0.32143946370773846 0
    outer loop
      vertex 47.80777747929096 2.2235428616404533 0
      vertex 47.80777747929096 2.2235428616404533 2
      vertex 47.68163859844208 1.8519496992230415 2
    endloop
  endfacet
  facet normal 0.980785279639006 -0.1950903258581441 0
    outer loop
      vertex 47.80777747929096 2.2235428616404533 0
      vertex 47.884334586560726 2.6084214225411415 0
      vertex 47.80777747929096 2.2235428616404533 2
    endloop
  endfacet
  facet normal 0.9978589242477586 -0.06540311383340917 0
    outer loop
      vertex 47.884334586560726 2.6084214225411415 0
      vertex 47.90999999642372 3 0
      vertex 47.884334586560726 2.6084214225411415 2
    endloop
  endfacet
  facet normal 0.980785279639006 -0.1950903258581441 0
    outer loop
      vertex 47.80777747929096 2.2235428616404533 2
      vertex 47.884334586560726 2.6084214225411415 0
      vertex 47.884334586560726 2.6084214225411415 2
    endloop
  endfacet
  facet normal 0.9978589242477586 -0.06540311383340917 0
    outer loop
      vertex 47.90999999642372 3 0
      vertex 47.90999999642372 3 2
      vertex 47.884334586560726 2.6084214225411415 2
    endloop
  endfacet
  facet normal 0 0 1
    outer loop
      vertex 44.90999999642372 2 2
      vertex 45.04052618891001 2.0085551366209984 2
      vertex 45.90999999642372 6 2
    endloop
  endfacet
  facet normal 0 0 1
    outer loop
      vertex 45.04052618891001 2.0085551366209984 2
      vertex 45.168819047510624 2.0340741723775864 2
      vertex 45.90999999642372 6 2
    endloop
  endfacet
  facet normal 0 0 1
    outer loop
      vertex 45.168819047510624 2.0340741723775864 2
      vertex 45.29268343001604 2.0761204659938812 2
      vertex 45.90999999642372 6 2
    endloop
  endfacet
  facet normal 0 0 1
    outer loop
      vertex 45.29268343001604 2.0761204659938812 2
      vertex 45.40999999642372 2.1339745968580246 2
      vertex 45.90999999642372 6 2
    endloop
  endfacet
  facet normal 0 0 1
    outer loop
      vertex 45.40999999642372 2.1339745968580246 2
      vertex 45.5187614262104 2.2066466584801674 2
      vertex 45.90999999642372 6 2
    endloop
  endfacet
  facet normal 0 0 1
    outer loop
      vertex 45.5187614262104 2.2066466584801674 2
      vertex 45.61710678040981 2.2928932160139084 2
      vertex 45.90999999642372 6 2
    endloop
  endfacet
  facet normal 0 0 1
    outer loop
      vertex 45.61710678040981 2.2928932160139084 2
      vertex 45.703353337943554 2.391238570213318 2
      vertex 45.90999999642372 6 2
    endloop
  endfacet
  facet normal 0 0 1
    outer loop
      vertex 45.703353337943554 2.391238570213318 2
      vertex 45.77602540701628 2.5 2
      vertex 45.90999999642372 6 2
    endloop
  endfacet
  facet normal 0 0 1
    outer loop
      vertex 45.77602540701628 2.5 2
      vertex 45.83387953042984 2.6173165664076805 2
      vertex 45.90999999642372 6 2
    endloop
  endfacet
  facet normal 0 0 1
    outer loop
      vertex 45.83387953042984 2.6173165664076805 2
      vertex 45.875925824046135 2.741180956363678 2
      vertex 45.90999999642372 6 2
    endloop
  endfacet
  facet normal 0 0 1
    outer loop
      vertex 45.875925824046135 2.741180956363678 2
      vertex 45.90144485980272 2.869473807513714 2
      vertex 45.90999999642372 6 2
    endloop
  endfacet
  facet normal 0 0 1
    outer loop
      vertex 45.90144485980272 2.869473807513714 2
      vertex 45.90999999642372 3 2
      vertex 45.90999999642372 6 2
    endloop
  endfacet
  facet normal 0 0 1
    outer loop
      vertex 23.352952387243697 25.085185434277328 2
      vertex 44.90999999642372 2 2
      vertex 43.41 6 2
    endloop
  endfacet
  facet normal 0 0 -1
    outer loop
      vertex 44.90999999642372 0 0
      vertex 44.90999999642372 37.399999998509884 0
      vertex 45.30157857388258 0.025665417313575745 0
    endloop
  endfacet
  facet normal 0 0 -1
    outer loop
      vertex 45.30157857388258 0.025665417313575745 0
      vertex 45.30157857388258 37.37433458119631 0
      vertex 45.68645713478327 0.10222252458333969 0
    endloop
  endfacet
  facet normal 0 0 -1
    outer loop
      vertex 45.68645713478327 0.10222252458333969 0
      vertex 45.68645713478327 37.297777481377125 0
      vertex 46.05805029720068 0.22836140543222427 0
    endloop
  endfacet
  facet normal 0 0 -1
    outer loop
      vertex 46.05805029720068 0.22836140543222427 0
      vertex 46.05805029720068 37.17163860052824 0
      vertex 46.40999999642372 0.4019237905740738 0
    endloop
  endfacet
  facet normal 0 0 -1
    outer loop
      vertex 46.40999999642372 0.4019237905740738 0
      vertex 46.40999999642372 36.99807620793581 0
      vertex 46.73628428578377 0.6199399754405022 0
    endloop
  endfacet
  facet normal 0 0 -1
    outer loop
      vertex 46.73628428578377 0.6199399754405022 0
      vertex 46.73628428578377 36.78006002306938 0
      vertex 47.031320340931416 0.8786796554923058 0
    endloop
  endfacet
  facet normal 0 0 -1
    outer loop
      vertex 47.031320340931416 0.8786796554923058 0
      vertex 47.031320340931416 36.52132034301758 0
      vertex 47.29006002098322 1.1737157106399536 0
    endloop
  endfacet
  facet normal 0 0 -1
    outer loop
      vertex 47.29006002098322 1.1737157106399536 0
      vertex 47.29006002098322 36.22628428786993 0
      vertex 47.50807621330023 1.5 0
    endloop
  endfacet
  facet normal 0 0 -1
    outer loop
      vertex 47.50807621330023 1.5 0
      vertex 47.50807621330023 35.899999998509884 0
      vertex 47.68163859844208 1.8519496992230415 0
    endloop
  endfacet
  facet normal 0 0 -1
    outer loop
      vertex 47.68163859844208 1.8519496992230415 0
      vertex 47.68163859844208 35.54805029928684 0
      vertex 47.80777747929096 2.2235428616404533 0
    endloop
  endfacet
  facet normal 0 0 -1
    outer loop
      vertex 47.80777747929096 2.2235428616404533 0
      vertex 47.80777747929096 35.17645713686943 0
      vertex 47.884334586560726 2.6084214225411415 0
    endloop
  endfacet
  facet normal 0 0 -1
    outer loop
      vertex 47.884334586560726 2.6084214225411415 0
      vertex 47.884334586560726 34.79157857596874 0
      vertex 47.90999999642372 3 0
    endloop
  endfacet
  facet normal 1 0 0
    outer loop
      vertex 47.90999999642372 3 0
      vertex 47.90999999642372 34.399999998509884 0
      vertex 47.90999999642372 3 2
    endloop
  endfacet
  facet normal 1 0 0
    outer loop
      vertex 47.90999999642372 3 2
      vertex 47.90999999642372 34.399999998509884 0
      vertex 47.90999999642372 6 2
    endloop
  endfacet
  facet normal 0 0 1
    outer loop
      vertex 23.352952387243697 25.085185434277328 2
      vertex 43.41 6 2
      vertex 23.67368451944987 25.021387846565474 2
    endloop
  endfacet
  facet normal 0 0 1
    outer loop
      vertex 43.41 6 2
      vertex 24.647047612756303 25.085185434277328 2
      vertex 24.32631548055013 25.021387846565474 2
    endloop
  endfacet
  facet normal 0 0 1
    outer loop
      vertex 43.41 6 2
      vertex 24.956708580912725 25.19030116872178 2
      vertex 24.647047612756303 25.085185434277328 2
    endloop
  endfacet
  facet normal 0 0 1
    outer loop
      vertex 43.41 6 2
      vertex 25.25 25.334936490538905 2
      vertex 24.956708580912725 25.19030116872178 2
    endloop
  endfacet
  facet normal 0 0 1
    outer loop
      vertex 43.41 6 2
      vertex 25.5219035725218 25.516616649271914 2
      vertex 25.25 25.334936490538905 2
    endloop
  endfacet
  facet normal 0 0 1
    outer loop
      vertex 43.41 6 2
      vertex 25.76776695296637 25.73223304703363 2
      vertex 25.5219035725218 25.516616649271914 2
    endloop
  endfacet
  facet normal 0 0 1
    outer loop
      vertex 43.41 6 2
      vertex 25.983383350728086 25.9780964274782 2
      vertex 25.76776695296637 25.73223304703363 2
    endloop
  endfacet
  facet normal 0 0 1
    outer loop
      vertex 43.41 6 2
      vertex 26.165063509461095 26.25 2
      vertex 25.983383350728086 25.9780964274782 2
    endloop
  endfacet
  facet normal 0 0 1
    outer loop
      vertex 43.41 6 2
      vertex 26.30969883127822 26.543291419087275 2
      vertex 26.165063509461095 26.25 2
    endloop
  endfacet
  facet normal 0 0 1
    outer loop
      vertex 43.41 6 2
      vertex 26.414814565722672 26.852952387243697 2
      vertex 26.30969883127822 26.543291419087275 2
    endloop
  endfacet
  facet normal 0 0 1
    outer loop
      vertex 43.41 6 2
      vertex 26.478612153434526 27.17368451944987 2
      vertex 26.414814565722672 26.852952387243697 2
    endloop
  endfacet
  facet normal 0 0 1
    outer loop
      vertex 43.41 6 2
      vertex 26.5 27.5 2
      vertex 26.478612153434526 27.17368451944987 2
    endloop
  endfacet
  facet normal 0 0 -1
    outer loop
      vertex 3 37.399999998509884 0
      vertex 44.90999999642372 37.399999998509884 0
      vertex 44.90999999642372 0 0
    endloop
  endfacet
  facet normal 0 -1.6192313470226861e-16 1
    outer loop
      vertex 21 35.399999998509884 2.000000000000001
      vertex 24.647047612756303 29.914814565722672 2
      vertex 31 35.399999998509884 2.000000000000001
    endloop
  endfacet
  facet normal 0 1 0
    outer loop
      vertex 3 37.399999998509884 0
      vertex 31 37.399999998509884 2.000000000000001
      vertex 44.90999999642372 37.399999998509884 2
    endloop
  endfacet
  facet normal 0 0 1
    outer loop
      vertex 26.5 27.5 2
      vertex 43.41 31.4 2
      vertex 26.478612153434526 27.82631548055013 2
    endloop
  endfacet
  facet normal 0 0 1
    outer loop
      vertex 26.478612153434526 27.82631548055013 2
      vertex 43.41 31.4 2
      vertex 26.414814565722672 28.147047612756303 2
    endloop
  endfacet
  facet normal 0 0 1
    outer loop
      vertex 26.414814565722672 28.147047612756303 2
      vertex 43.41 31.4 2
      vertex 26.30969883127822 28.456708580912725 2
    endloop
  endfacet
  facet normal 0 0 1
    outer loop
      vertex 26.165063509461095 28.75 2
      vertex 26.30969883127822 28.456708580912725 2
      vertex 43.41 31.4 2
    endloop
  endfacet
  facet normal 0 0 1
    outer loop
      vertex 26.165063509461095 28.75 2
      vertex 43.41 31.4 2
      vertex 25.983383350728086 29.0219035725218 2
    endloop
  endfacet
  facet normal 0 0 1
    outer loop
      vertex 25.25 29.665063509461095 2
      vertex 25.5219035725218 29.483383350728086 2
      vertex 44.90999999642372 35.399999998509884 2
    endloop
  endfacet
  facet normal 0 0 1
    outer loop
      vertex 25.5219035725218 29.483383350728086 2
      vertex 25.76776695296637 29.26776695296637 2
      vertex 44.90999999642372 35.399999998509884 2
    endloop
  endfacet
  facet normal 0 0 1
    outer loop
      vertex 25.983383350728086 29.0219035725218 2
      vertex 44.90999999642372 35.399999998509884 2
      vertex 25.76776695296637 29.26776695296637 2
    endloop
  endfacet
  facet normal 0 0 1
    outer loop
      vertex 24.647047612756303 29.914814565722672 2
      vertex 24.956708580912725 29.80969883127822 2
      vertex 44.90999999642372 35.399999998509884 2
    endloop
  endfacet
  facet normal 0 0 1
    outer loop
      vertex 25.25 29.665063509461095 2
      vertex 44.90999999642372 35.399999998509884 2
      vertex 24.956708580912725 29.80969883127822 2
    endloop
  endfacet
  facet normal 0 1 0
    outer loop
      vertex 3 37.399999998509884 0
      vertex 44.90999999642372 37.399999998509884 2
      vertex 44.90999999642372 37.399999998509884 0
    endloop
  endfacet
  facet normal 6.385179151175248e-17 -2.358764032444137e-16 1
    outer loop
      vertex 24.647047612756303 29.914814565722672 2
      vertex 44.90999999642372 35.399999998509884 2
      vertex 31 35.399999998509884 2.000000000000001
    endloop
  endfacet
  facet normal 0 0 1
    outer loop
      vertex 43.41 6 2
      vertex 43.41 31.4 2
      vertex 26.5 27.5 2
    endloop
  endfacet
  facet normal 0 0 -1
    outer loop
      vertex 45.30157857388258 0.025665417313575745 0
      vertex 44.90999999642372 37.399999998509884 0
      vertex 45.30157857388258 37.37433458119631 0
    endloop
  endfacet
  facet normal 0 0 -1
    outer loop
      vertex 45.68645713478327 0.10222252458333969 0
      vertex 45.30157857388258 37.37433458119631 0
      vertex 45.68645713478327 37.297777481377125 0
    endloop
  endfacet
  facet normal 0 0 -1
    outer loop
      vertex 46.05805029720068 0.22836140543222427 0
      vertex 45.68645713478327 37.297777481377125 0
      vertex 46.05805029720068 37.17163860052824 0
    endloop
  endfacet
  facet normal 0 0 -1
    outer loop
      vertex 46.40999999642372 0.4019237905740738 0
      vertex 46.05805029720068 37.17163860052824 0
      vertex 46.40999999642372 36.99807620793581 0
    endloop
  endfacet
  facet normal 0 0 -1
    outer loop
      vertex 47.50807621330023 1.5 0
      vertex 47.29006002098322 36.22628428786993 0
      vertex 47.50807621330023 35.899999998509884 0
    endloop
  endfacet
  facet normal 0 0 -1
    outer loop
      vertex 47.90999999642372 3 0
      vertex 47.884334586560726 34.79157857596874 0
      vertex 47.90999999642372 34.399999998509884 0
    endloop
  endfacet
  facet normal 0 0 -1
    outer loop
      vertex 47.884334586560726 2.6084214225411415 0
      vertex 47.80777747929096 35.17645713686943 0
      vertex 47.884334586560726 34.79157857596874 0
    endloop
  endfacet
  facet normal 0 0 -1
    outer loop
      vertex 47.68163859844208 1.8519496992230415 0
      vertex 47.50807621330023 35.899999998509884 0
      vertex 47.68163859844208 35.54805029928684 0
    endloop
  endfacet
  facet normal 0 0 -1
    outer loop
      vertex 47.80777747929096 2.2235428616404533 0
      vertex 47.68163859844208 35.54805029928684 0
      vertex 47.80777747929096 35.17645713686943 0
    endloop
  endfacet
  facet normal 1 0 0
    outer loop
      vertex 47.90999999642372 6 2
      vertex 47.90999999642372 34.399999998509884 0
      vertex 47.90999999642372 31.4 2
    endloop
  endfacet
  facet normal 0 0 -1
    outer loop
      vertex 46.73628428578377 0.6199399754405022 0
      vertex 46.40999999642372 36.99807620793581 0
      vertex 46.73628428578377 36.78006002306938 0
    endloop
  endfacet
  facet normal 0 0 -1
    outer loop
      vertex 47.031320340931416 0.8786796554923058 0
      vertex 46.73628428578377 36.78006002306938 0
      vertex 47.031320340931416 36.52132034301758 0
    endloop
  endfacet
  facet normal 0 0 -1
    outer loop
      vertex 47.29006002098322 1.1737157106399536 0
      vertex 47.031320340931416 36.52132034301758 0
      vertex 47.29006002098322 36.22628428786993 0
    endloop
  endfacet
  facet normal 0 0 1
    outer loop
      vertex 25.983383350728086 29.0219035725218 2
      vertex 43.41 31.4 2
      vertex 44.90999999642372 35.399999998509884 2
    endloop
  endfacet
  facet normal 0 0 1
    outer loop
      vertex 43.41 31.4 2
      vertex 45.90999999642372 31.4 2
      vertex 45.90999999642372 34.399999998509884 2
    endloop
  endfacet
  facet normal 0 0 1
    outer loop
      vertex 43.41 31.4 2
      vertex 45.04052618891001 35.391444861888885 2
      vertex 44.90999999642372 35.399999998509884 2
    endloop
  endfacet
  facet normal 0 0 1
    outer loop
      vertex 43.41 31.4 2
      vertex 45.168819047510624 35.3659258261323 2
      vertex 45.04052618891001 35.391444861888885 2
    endloop
  endfacet
  facet normal 0 0 1
    outer loop
      vertex 43.41 31.4 2
      vertex 45.29268343001604 35.323879532516 2
      vertex 45.168819047510624 35.3659258261323 2
    endloop
  endfacet
  facet normal 0 0 1
    outer loop
      vertex 43.41 31.4 2
      vertex 45.40999999642372 35.26602540165186 2
      vertex 45.29268343001604 35.323879532516 2
    endloop
  endfacet
  facet normal 0 0 1
    outer loop
      vertex 43.41 31.4 2
      vertex 45.5187614262104 35.19335334002972 2
      vertex 45.40999999642372 35.26602540165186 2
    endloop
  endfacet
  facet normal 0 0 1
    outer loop
      vertex 43.41 31.4 2
      vertex 45.61710678040981 35.107106782495975 2
      vertex 45.5187614262104 35.19335334002972 2
    endloop
  endfacet
  facet normal 1 0 0
    outer loop
      vertex 47.90999999642372 31.4 2
      vertex 47.90999999642372 34.399999998509884 0
      vertex 47.90999999642372 34.399999998509884 2
    endloop
  endfacet
  facet normal 0.9978589242477586 0.06540311383340917 0
    outer loop
      vertex 47.90999999642372 34.399999998509884 0
      vertex 47.884334586560726 34.79157857596874 0
      vertex 47.90999999642372 34.399999998509884 2
    endloop
  endfacet
  facet normal 0.980785279639006 0.1950903258581441 0
    outer loop
      vertex 47.884334586560726 34.79157857596874 0
      vertex 47.80777747929096 35.17645713686943 0
      vertex 47.884334586560726 34.79157857596874 2
    endloop
  endfacet
  facet normal 0.9978589242477586 0.06540311383340917 0
    outer loop
      vertex 47.884334586560726 34.79157857596874 0
      vertex 47.884334586560726 34.79157857596874 2
      vertex 47.90999999642372 34.399999998509884 2
    endloop
  endfacet
  facet normal 0.980785279639006 0.1950903258581441 0
    outer loop
      vertex 47.884334586560726 34.79157857596874 2
      vertex 47.80777747929096 35.17645713686943 0
      vertex 47.80777747929096 35.17645713686943 2
    endloop
  endfacet
  facet normal 0 0 1
    outer loop
      vertex 43.41 31.4 2
      vertex 45.90999999642372 34.399999998509884 2
      vertex 45.61710678040981 35.107106782495975 2
    endloop
  endfacet
  facet normal 0 0 1
    outer loop
      vertex 45.90999999642372 34.399999998509884 2
      vertex 45.83387953042984 34.7826834321022 2
      vertex 45.77602540701628 34.899999998509884 2
    endloop
  endfacet
  facet normal 0 0 1
    outer loop
      vertex 45.90999999642372 34.399999998509884 2
      vertex 45.77602540701628 34.899999998509884 2
      vertex 45.703353337943554 35.008761428296566 2
    endloop
  endfacet
  facet normal 0 0 1
    outer loop
      vertex 45.90999999642372 34.399999998509884 2
      vertex 45.90144485980272 34.53052619099617 2
      vertex 45.875925824046135 34.658819042146206 2
    endloop
  endfacet
  facet normal 0 0 1
    outer loop
      vertex 45.90999999642372 34.399999998509884 2
      vertex 45.875925824046135 34.658819042146206 2
      vertex 45.83387953042984 34.7826834321022 2
    endloop
  endfacet
  facet normal 0 0 1
    outer loop
      vertex 45.90999999642372 34.399999998509884 2
      vertex 45.703353337943554 35.008761428296566 2
      vertex 45.61710678040981 35.107106782495975 2
    endloop
  endfacet
  facet normal 0.06540313273849395 0.9978589230086541 0
    outer loop
      vertex 44.90999999642372 37.399999998509884 0
      vertex 45.30157857388258 37.37433458119631 2
      vertex 45.30157857388258 37.37433458119631 0
    endloop
  endfacet
  facet normal 0.19509030759446716 0.9807852832718771 0
    outer loop
      vertex 45.30157857388258 37.37433458119631 0
      vertex 45.68645713478327 37.297777481377125 2
      vertex 45.68645713478327 37.297777481377125 0
    endloop
  endfacet
  facet normal 0.32143946370773846 0.9469301300366788 0
    outer loop
      vertex 45.68645713478327 37.297777481377125 0
      vertex 46.05805029720068 37.17163860052824 2
      vertex 46.05805029720068 37.17163860052824 0
    endloop
  endfacet
  facet normal 0.4422887070837332 0.8968727332159226 0
    outer loop
      vertex 46.40999999642372 36.99807620793581 0
      vertex 46.05805029720068 37.17163860052824 0
      vertex 46.40999999642372 36.99807620793581 2
    endloop
  endfacet
  facet normal 0.06540313273849395 0.9978589230086541 0
    outer loop
      vertex 44.90999999642372 37.399999998509884 0
      vertex 44.90999999642372 37.399999998509884 2
      vertex 45.30157857388258 37.37433458119631 2
    endloop
  endfacet
  facet normal 0.19509030759446716 0.9807852832718771 0
    outer loop
      vertex 45.30157857388258 37.37433458119631 0
      vertex 45.30157857388258 37.37433458119631 2
      vertex 45.68645713478327 37.297777481377125 2
    endloop
  endfacet
  facet normal 0.32143946370773846 0.9469301300366788 0
    outer loop
      vertex 45.68645713478327 37.297777481377125 0
      vertex 45.68645713478327 37.297777481377125 2
      vertex 46.05805029720068 37.17163860052824 2
    endloop
  endfacet
  facet normal 0.4422887070837332 0.8968727332159226 0
    outer loop
      vertex 46.05805029720068 37.17163860052824 0
      vertex 46.05805029720068 37.17163860052824 2
      vertex 46.40999999642372 36.99807620793581 2
    endloop
  endfacet
  facet normal 0.9469301300366788 0.32143946370773846 0
    outer loop
      vertex 47.80777747929096 35.17645713686943 0
      vertex 47.68163859844208 35.54805029928684 0
      vertex 47.80777747929096 35.17645713686943 2
    endloop
  endfacet
  facet normal 0.8314696119753574 0.5555702335092735 0
    outer loop
      vertex 47.50807621330023 35.899999998509884 0
      vertex 47.29006002098322 36.22628428786993 0
      vertex 47.50807621330023 35.899999998509884 2
    endloop
  endfacet
  facet normal 0.8968727407473451 0.4422886918115197 0
    outer loop
      vertex 47.68163859844208 35.54805029928684 0
      vertex 47.50807621330023 35.899999998509884 0
      vertex 47.68163859844208 35.54805029928684 2
    endloop
  endfacet
  facet normal 0.9469301300366788 0.32143946370773846 0
    outer loop
      vertex 47.68163859844208 35.54805029928684 0
      vertex 47.68163859844208 35.54805029928684 2
      vertex 47.80777747929096 35.17645713686943 2
    endloop
  endfacet
  facet normal 0.8314696119753574 0.5555702335092735 0
    outer loop
      vertex 47.29006002098322 36.22628428786993 0
      vertex 47.29006002098322 36.22628428786993 2
      vertex 47.50807621330023 35.899999998509884 2
    endloop
  endfacet
  facet normal 0.8968727407473451 0.4422886918115197 0
    outer loop
      vertex 47.50807621330023 35.899999998509884 0
      vertex 47.50807621330023 35.899999998509884 2
      vertex 47.68163859844208 35.54805029928684 2
    endloop
  endfacet
  facet normal 0.6593458207943228 0.7518398024852506 0
    outer loop
      vertex 46.73628428578377 36.78006002306938 0
      vertex 47.031320340931416 36.52132034301758 2
      vertex 47.031320340931416 36.52132034301758 0
    endloop
  endfacet
  facet normal 0.5555702203832521 0.8314696207458843 0
    outer loop
      vertex 46.40999999642372 36.99807620793581 0
      vertex 46.73628428578377 36.78006002306938 2
      vertex 46.73628428578377 36.78006002306938 0
    endloop
  endfacet
  facet normal 0.7518398024852506 0.6593458207943228 0
    outer loop
      vertex 47.29006002098322 36.22628428786993 0
      vertex 47.031320340931416 36.52132034301758 0
      vertex 47.29006002098322 36.22628428786993 2
    endloop
  endfacet
  facet normal 0.7518398024852506 0.6593458207943228 0
    outer loop
      vertex 47.031320340931416 36.52132034301758 0
      vertex 47.031320340931416 36.52132034301758 2
      vertex 47.29006002098322 36.22628428786993 2
    endloop
  endfacet
  facet normal 0.6593458207943228 0.7518398024852506 0
    outer loop
      vertex 46.73628428578377 36.78006002306938 0
      vertex 46.73628428578377 36.78006002306938 2
      vertex 47.031320340931416 36.52132034301758 2
    endloop
  endfacet
  facet normal 0.5555702203832521 0.8314696207458843 0
    outer loop
      vertex 46.40999999642372 36.99807620793581 0
      vertex 46.40999999642372 36.99807620793581 2
      vertex 46.73628428578377 36.78006002306938 2
    endloop
  endfacet
  facet normal -0.5555702330196011 -0.8314696123025459 0
    outer loop
      vertex 4.75 6.834936490538904 2
      vertex 4.75 6.834936490538904 8
      vertex 4.4780964274781985 7.016616649271912 2
    endloop
  endfacet
  facet normal -0.44228869021900263 -0.8968727415326876 -6.461436053434137e-19
    outer loop
      vertex 4.75 6.834936490538904 2
      vertex 5.043291419087275 6.690301168721783 2
      vertex 5.043291419087275 6.690301168721783 8
    endloop
  endfacet
  facet normal -0.32143946530315926 -0.9469301294951064 1.3613703507968243e-18
    outer loop
      vertex 5.043291419087275 6.690301168721783 2
      vertex 5.352952387243699 6.58518543427733 2
      vertex 5.352952387243699 6.58518543427733 8
    endloop
  endfacet
  facet normal -0.19509032201612833 -0.9807852804032304 5.82317438049824e-19
    outer loop
      vertex 5.352952387243699 6.58518543427733 2
      vertex 5.673684519449871 6.521387846565474 2
      vertex 5.673684519449871 6.521387846565474 8
    endloop
  endfacet
  facet normal -0.06540312923014452 -0.9978589232386034 -9.905971698364999e-20
    outer loop
      vertex 5.673684519449871 6.521387846565474 2
      vertex 6 6.5 2
      vertex 6 6.5 8
    endloop
  endfacet
  facet normal -0.8968727415326876 -0.44228869021900263 0
    outer loop
      vertex 3.690301168721783 8.043291419087275 2
      vertex 3.8349364905389036 7.75 2
      vertex 3.690301168721783 8.043291419087275 8
    endloop
  endfacet
  facet normal -0.7518398074789772 -0.6593458151000691 0
    outer loop
      vertex 4.016616649271912 7.4780964274781985 2
      vertex 4.232233047033631 7.232233047033631 2
      vertex 4.016616649271912 7.4780964274781985 8
    endloop
  endfacet
  facet normal -0.6593458151000691 -0.7518398074789772 -1.1009477945554662e-18
    outer loop
      vertex 4.232233047033631 7.232233047033631 2
      vertex 4.4780964274781985 7.016616649271912 2
      vertex 4.4780964274781985 7.016616649271912 8
    endloop
  endfacet
  facet normal -0.8314696123025459 -0.5555702330196011 1.5243210750437811e-18
    outer loop
      vertex 4.016616649271912 7.4780964274781985 2
      vertex 3.8349364905389036 7.75 8
      vertex 3.8349364905389036 7.75 2
    endloop
  endfacet
  facet normal -0.9469301294951059 -0.3214394653031605 -1.5325332297560331e-18
    outer loop
      vertex 3.690301168721783 8.043291419087275 2
      vertex 3.5851854342773293 8.352952387243699 8
      vertex 3.5851854342773293 8.352952387243699 2
    endloop
  endfacet
  facet normal -0.9807852804032304 -0.19509032201612833 5.82317438049824e-19
    outer loop
      vertex 3.5851854342773293 8.352952387243699 2
      vertex 3.521387846565474 8.673684519449871 8
      vertex 3.521387846565474 8.673684519449871 2
    endloop
  endfacet
  facet normal -0.9978589232386035 -0.06540312923014317 -6.655685051155108e-20
    outer loop
      vertex 3.521387846565474 8.673684519449871 2
      vertex 3.5 9 8
      vertex 3.5 9 2
    endloop
  endfacet
  facet normal -0.9978589232386035 0.06540312923014317 6.655685051155108e-20
    outer loop
      vertex 3.5 9 2
      vertex 3.521387846565474 9.326315480550129 8
      vertex 3.521387846565474 9.326315480550129 2
    endloop
  endfacet
  facet normal 0.06540312923014452 -0.9978589232386034 9.905971698364999e-20
    outer loop
      vertex 6 6.5 2
      vertex 6.326315480550129 6.521387846565474 2
      vertex 6.326315480550129 6.521387846565474 8
    endloop
  endfacet
  facet normal 0.19509032201612833 -0.9807852804032304 -5.82317438049824e-19
    outer loop
      vertex 6.326315480550129 6.521387846565474 2
      vertex 6.647047612756301 6.58518543427733 2
      vertex 6.647047612756301 6.58518543427733 8
    endloop
  endfacet
  facet normal 0.32143946530315926 -0.9469301294951064 -1.3613703507968243e-18
    outer loop
      vertex 6.647047612756301 6.58518543427733 2
      vertex 6.956708580912725 6.690301168721783 2
      vertex 6.956708580912725 6.690301168721783 8
    endloop
  endfacet
  facet normal 0.44228869021900263 -0.8968727415326876 6.461436053434137e-19
    outer loop
      vertex 6.956708580912725 6.690301168721783 2
      vertex 7.25 6.834936490538904 2
      vertex 7.25 6.834936490538904 8
    endloop
  endfacet
  facet normal 0.5555702330196011 -0.8314696123025459 -1.5243210750437811e-18
    outer loop
      vertex 7.25 6.834936490538904 2
      vertex 7.5219035725218015 7.016616649271912 2
      vertex 7.5219035725218015 7.016616649271912 8
    endloop
  endfacet
  facet normal 0.6593458151000691 -0.7518398074789772 1.1009477945554662e-18
    outer loop
      vertex 7.5219035725218015 7.016616649271912 2
      vertex 7.767766952966369 7.232233047033631 2
      vertex 7.767766952966369 7.232233047033631 8
    endloop
  endfacet
  facet normal 0.7518398074789772 -0.6593458151000691 0
    outer loop
      vertex 7.767766952966369 7.232233047033631 2
      vertex 7.983383350728088 7.4780964274781985 2
      vertex 7.767766952966369 7.232233047033631 8
    endloop
  endfacet
  facet normal 0.8314696123025472 -0.5555702330195992 0
    outer loop
      vertex 7.983383350728088 7.4780964274781985 2
      vertex 8.165063509461095 7.75 2
      vertex 7.983383350728088 7.4780964274781985 8
    endloop
  endfacet
  facet normal 0.8968727415326865 -0.4422886902190048 0
    outer loop
      vertex 8.165063509461095 7.75 2
      vertex 8.309698831278217 8.043291419087275 2
      vertex 8.165063509461095 7.75 8
    endloop
  endfacet
  facet normal 0.9469301294951064 -0.32143946530315926 0
    outer loop
      vertex 8.309698831278217 8.043291419087275 2
      vertex 8.41481456572267 8.352952387243699 2
      vertex 8.309698831278217 8.043291419087275 8
    endloop
  endfacet
  facet normal 0.9807852804032304 -0.19509032201612833 0
    outer loop
      vertex 8.41481456572267 8.352952387243699 2
      vertex 8.478612153434526 8.673684519449871 2
      vertex 8.41481456572267 8.352952387243699 8
    endloop
  endfacet
  facet normal 0.9978589232386034 -0.06540312923014452 0
    outer loop
      vertex 8.478612153434526 8.673684519449871 2
      vertex 8.5 9 2
      vertex 8.478612153434526 8.673684519449871 8
    endloop
  endfacet
  facet normal 0.9978589232386034 0.06540312923014452 0
    outer loop
      vertex 8.5 9 2
      vertex 8.478612153434526 9.326315480550129 2
      vertex 8.5 9 8
    endloop
  endfacet
  facet normal -0.5555702330196011 -0.8314696123025459 0
    outer loop
      vertex 4.4780964274781985 7.016616649271912 2
      vertex 4.75 6.834936490538904 8
      vertex 4.4780964274781985 7.016616649271912 8
    endloop
  endfacet
  facet normal -0.44228869021900263 -0.8968727415326876 0
    outer loop
      vertex 4.75 6.834936490538904 2
      vertex 5.043291419087275 6.690301168721783 8
      vertex 4.75 6.834936490538904 8
    endloop
  endfacet
  facet normal -0.32143946530315926 -0.9469301294951064 0
    outer loop
      vertex 5.043291419087275 6.690301168721783 2
      vertex 5.352952387243699 6.58518543427733 8
      vertex 5.043291419087275 6.690301168721783 8
    endloop
  endfacet
  facet normal -0.19509032201612833 -0.9807852804032304 0
    outer loop
      vertex 5.352952387243699 6.58518543427733 2
      vertex 5.673684519449871 6.521387846565474 8
      vertex 5.352952387243699 6.58518543427733 8
    endloop
  endfacet
  facet normal -0.06540312923014452 -0.9978589232386034 0
    outer loop
      vertex 5.673684519449871 6.521387846565474 2
      vertex 6 6.5 8
      vertex 5.673684519449871 6.521387846565474 8
    endloop
  endfacet
  facet normal -0.9469301294951059 -0.3214394653031605 0
    outer loop
      vertex 3.690301168721783 8.043291419087275 2
      vertex 3.690301168721783 8.043291419087275 8
      vertex 3.5851854342773293 8.352952387243699 8
    endloop
  endfacet
  facet normal -0.8314696123025459 -0.5555702330196011 0
    outer loop
      vertex 4.016616649271912 7.4780964274781985 2
      vertex 4.016616649271912 7.4780964274781985 8
      vertex 3.8349364905389036 7.75 8
    endloop
  endfacet
  facet normal -0.6593458151000691 -0.7518398074789772 0
    outer loop
      vertex 4.232233047033631 7.232233047033631 2
      vertex 4.4780964274781985 7.016616649271912 8
      vertex 4.232233047033631 7.232233047033631 8
    endloop
  endfacet
  facet normal -0.7518398074789772 -0.6593458151000691 0
    outer loop
      vertex 4.232233047033631 7.232233047033631 2
      vertex 4.232233047033631 7.232233047033631 8
      vertex 4.016616649271912 7.4780964274781985 8
    endloop
  endfacet
  facet normal -0.8968727415326876 -0.44228869021900263 0
    outer loop
      vertex 3.8349364905389036 7.75 2
      vertex 3.8349364905389036 7.75 8
      vertex 3.690301168721783 8.043291419087275 8
    endloop
  endfacet
  facet normal -0.9807852804032304 -0.19509032201612833 0
    outer loop
      vertex 3.5851854342773293 8.352952387243699 2
      vertex 3.5851854342773293 8.352952387243699 8
      vertex 3.521387846565474 8.673684519449871 8
    endloop
  endfacet
  facet normal -0.9978589232386035 -0.06540312923014317 0
    outer loop
      vertex 3.521387846565474 8.673684519449871 2
      vertex 3.521387846565474 8.673684519449871 8
      vertex 3.5 9 8
    endloop
  endfacet
  facet normal -0.9978589232386035 0.06540312923014317 0
    outer loop
      vertex 3.5 9 2
      vertex 3.5 9 8
      vertex 3.521387846565474 9.326315480550129 8
    endloop
  endfacet
  facet normal 0 0 1
    outer loop
      vertex 3.690301168721783 8.043291419087275 8
      vertex 3.8349364905389036 7.75 8
      vertex 3.690301168721783 9.956708580912725 8
    endloop
  endfacet
  facet normal 0 0 1
    outer loop
      vertex 3.690301168721783 8.043291419087275 8
      vertex 3.5851854342773293 9.647047612756301 8
      vertex 3.5851854342773293 8.352952387243699 8
    endloop
  endfacet
  facet normal 0 0 1
    outer loop
      vertex 3.5851854342773293 8.352952387243699 8
      vertex 3.521387846565474 9.326315480550129 8
      vertex 3.521387846565474 8.673684519449871 8
    endloop
  endfacet
  facet normal 0 0 1
    outer loop
      vertex 3.521387846565474 8.673684519449871 8
      vertex 3.521387846565474 9.326315480550129 8
      vertex 3.5 9 8
    endloop
  endfacet
  facet normal 0 0 1
    outer loop
      vertex 3.5851854342773293 8.352952387243699 8
      vertex 3.5851854342773293 9.647047612756301 8
      vertex 3.521387846565474 9.326315480550129 8
    endloop
  endfacet
  facet normal 0 0 1
    outer loop
      vertex 3.690301168721783 8.043291419087275 8
      vertex 3.690301168721783 9.956708580912725 8
      vertex 3.5851854342773293 9.647047612756301 8
    endloop
  endfacet
  facet normal 0 0 1
    outer loop
      vertex 4.016616649271912 7.4780964274781985 8
      vertex 4.232233047033631 7.232233047033631 8
      vertex 4.016616649271912 10.5219035725218 8
    endloop
  endfacet
  facet normal 0 0 1
    outer loop
      vertex 4.016616649271912 7.4780964274781985 8
      vertex 3.8349364905389036 10.25 8
      vertex 3.8349364905389036 7.75 8
    endloop
  endfacet
  facet normal 0 0 1
    outer loop
      vertex 4.232233047033631 7.232233047033631 8
      vertex 4.4780964274781985 7.016616649271912 8
      vertex 4.232233047033631 10.767766952966369 8
    endloop
  endfacet
  facet normal 0 0 1
    outer loop
      vertex 3.8349364905389036 7.75 8
      vertex 3.8349364905389036 10.25 8
      vertex 3.690301168721783 9.956708580912725 8
    endloop
  endfacet
  facet normal 0 0 1
    outer loop
      vertex 5.352952387243699 6.58518543427733 8
      vertex 5.673684519449871 6.521387846565474 8
      vertex 5.352952387243699 11.41481456572267 8
    endloop
  endfacet
  facet normal 0 0 1
    outer loop
      vertex 5.673684519449871 6.521387846565474 8
      vertex 6 6.5 8
      vertex 5.673684519449871 11.478612153434526 8
    endloop
  endfacet
  facet normal 0 0 1
    outer loop
      vertex 4.75 6.834936490538904 8
      vertex 4.4780964274781985 10.983383350728088 8
      vertex 4.4780964274781985 7.016616649271912 8
    endloop
  endfacet
  facet normal 0 0 1
    outer loop
      vertex 4.75 6.834936490538904 8
      vertex 5.043291419087275 6.690301168721783 8
      vertex 4.75 11.165063509461095 8
    endloop
  endfacet
  facet normal 0 0 1
    outer loop
      vertex 5.043291419087275 6.690301168721783 8
      vertex 5.352952387243699 6.58518543427733 8
      vertex 5.043291419087275 11.309698831278217 8
    endloop
  endfacet
  facet normal 0.06540312923014452 -0.9978589232386034 0
    outer loop
      vertex 6 6.5 2
      vertex 6.326315480550129 6.521387846565474 8
      vertex 6 6.5 8
    endloop
  endfacet
  facet normal 0.19509032201612833 -0.9807852804032304 0
    outer loop
      vertex 6.326315480550129 6.521387846565474 2
      vertex 6.647047612756301 6.58518543427733 8
      vertex 6.326315480550129 6.521387846565474 8
    endloop
  endfacet
  facet normal 0.32143946530315926 -0.9469301294951064 0
    outer loop
      vertex 6.647047612756301 6.58518543427733 2
      vertex 6.956708580912725 6.690301168721783 8
      vertex 6.647047612756301 6.58518543427733 8
    endloop
  endfacet
  facet normal 0.44228869021900263 -0.8968727415326876 0
    outer loop
      vertex 6.956708580912725 6.690301168721783 2
      vertex 7.25 6.834936490538904 8
      vertex 6.956708580912725 6.690301168721783 8
    endloop
  endfacet
  facet normal 0.5555702330196011 -0.8314696123025459 0
    outer loop
      vertex 7.25 6.834936490538904 2
      vertex 7.5219035725218015 7.016616649271912 8
      vertex 7.25 6.834936490538904 8
    endloop
  endfacet
  facet normal 0.6593458151000691 -0.7518398074789772 0
    outer loop
      vertex 7.5219035725218015 7.016616649271912 2
      vertex 7.767766952966369 7.232233047033631 8
      vertex 7.5219035725218015 7.016616649271912 8
    endloop
  endfacet
  facet normal 0.7518398074789772 -0.6593458151000691 0
    outer loop
      vertex 7.983383350728088 7.4780964274781985 2
      vertex 7.983383350728088 7.4780964274781985 8
      vertex 7.767766952966369 7.232233047033631 8
    endloop
  endfacet
  facet normal 0.8314696123025472 -0.5555702330195992 0
    outer loop
      vertex 8.165063509461095 7.75 2
      vertex 8.165063509461095 7.75 8
      vertex 7.983383350728088 7.4780964274781985 8
    endloop
  endfacet
  facet normal 0.8968727415326865 -0.4422886902190048 0
    outer loop
      vertex 8.309698831278217 8.043291419087275 2
      vertex 8.309698831278217 8.043291419087275 8
      vertex 8.165063509461095 7.75 8
    endloop
  endfacet
  facet normal 0.9469301294951064 -0.32143946530315926 0
    outer loop
      vertex 8.41481456572267 8.352952387243699 2
      vertex 8.41481456572267 8.352952387243699 8
      vertex 8.309698831278217 8.043291419087275 8
    endloop
  endfacet
  facet normal 0.9807852804032304 -0.19509032201612833 0
    outer loop
      vertex 8.478612153434526 8.673684519449871 2
      vertex 8.478612153434526 8.673684519449871 8
      vertex 8.41481456572267 8.352952387243699 8
    endloop
  endfacet
  facet normal 0.9978589232386034 -0.06540312923014452 0
    outer loop
      vertex 8.5 9 2
      vertex 8.5 9 8
      vertex 8.478612153434526 8.673684519449871 8
    endloop
  endfacet
  facet normal 0.9978589232386034 0.06540312923014452 0
    outer loop
      vertex 8.478612153434526 9.326315480550129 2
      vertex 8.478612153434526 9.326315480550129 8
      vertex 8.5 9 8
    endloop
  endfacet
  facet normal 0 0 1
    outer loop
      vertex 6 6.5 8
      vertex 6.326315480550129 6.521387846565474 8
      vertex 6 11.5 8
    endloop
  endfacet
  facet normal 0 0 1
    outer loop
      vertex 6.326315480550129 6.521387846565474 8
      vertex 6.647047612756301 6.58518543427733 8
      vertex 6.326315480550129 11.478612153434526 8
    endloop
  endfacet
  facet normal 0 0 1
    outer loop
      vertex 6.647047612756301 6.58518543427733 8
      vertex 6.956708580912725 6.690301168721783 8
      vertex 6.647047612756301 11.41481456572267 8
    endloop
  endfacet
  facet normal 0 0 1
    outer loop
      vertex 6.956708580912725 6.690301168721783 8
      vertex 7.25 6.834936490538904 8
      vertex 6.956708580912725 11.309698831278217 8
    endloop
  endfacet
  facet normal 0 0 1
    outer loop
      vertex 7.25 6.834936490538904 8
      vertex 7.5219035725218015 7.016616649271912 8
      vertex 7.25 11.165063509461095 8
    endloop
  endfacet
  facet normal 0 0 1
    outer loop
      vertex 7.5219035725218015 7.016616649271912 8
      vertex 7.767766952966369 7.232233047033631 8
      vertex 7.5219035725218015 10.983383350728088 8
    endloop
  endfacet
  facet normal 0 0 1
    outer loop
      vertex 7.767766952966369 7.232233047033631 8
      vertex 7.983383350728088 7.4780964274781985 8
      vertex 7.767766952966369 10.767766952966369 8
    endloop
  endfacet
  facet normal 0 0 1
    outer loop
      vertex 7.983383350728088 7.4780964274781985 8
      vertex 8.165063509461095 7.75 8
      vertex 7.983383350728088 10.5219035725218 8
    endloop
  endfacet
  facet normal 0 0 1
    outer loop
      vertex 8.165063509461095 7.75 8
      vertex 8.309698831278217 8.043291419087275 8
      vertex 8.165063509461095 10.25 8
    endloop
  endfacet
  facet normal 0 0 1
    outer loop
      vertex 8.309698831278217 8.043291419087275 8
      vertex 8.41481456572267 8.352952387243699 8
      vertex 8.309698831278217 9.956708580912725 8
    endloop
  endfacet
  facet normal 0 0 1
    outer loop
      vertex 8.41481456572267 8.352952387243699 8
      vertex 8.478612153434526 8.673684519449871 8
      vertex 8.41481456572267 9.647047612756301 8
    endloop
  endfacet
  facet normal 0 0 1
    outer loop
      vertex 8.478612153434526 8.673684519449871 8
      vertex 8.5 9 8
      vertex 8.478612153434526 9.326315480550129 8
    endloop
  endfacet
  facet normal 0 0 1
    outer loop
      vertex 8.41481456572267 8.352952387243699 8
      vertex 8.41481456572267 9.647047612756301 8
      vertex 8.309698831278217 9.956708580912725 8
    endloop
  endfacet
  facet normal 0 0 1
    outer loop
      vertex 8.478612153434526 8.673684519449871 8
      vertex 8.478612153434526 9.326315480550129 8
      vertex 8.41481456572267 9.647047612756301 8
    endloop
  endfacet
  facet normal -0.9807852804032304 0.19509032201612833 -5.82317438049824e-19
    outer loop
      vertex 3.521387846565474 9.326315480550129 2
      vertex 3.5851854342773293 9.647047612756301 8
      vertex 3.5851854342773293 9.647047612756301 2
    endloop
  endfacet
  facet normal -0.9469301294951059 0.3214394653031605 1.5325332297560331e-18
    outer loop
      vertex 3.5851854342773293 9.647047612756301 2
      vertex 3.690301168721783 9.956708580912725 8
      vertex 3.690301168721783 9.956708580912725 2
    endloop
  endfacet
  facet normal -0.8968727415326876 0.44228869021900263 6.461436053434137e-19
    outer loop
      vertex 3.690301168721783 9.956708580912725 2
      vertex 3.8349364905389036 10.25 8
      vertex 3.8349364905389036 10.25 2
    endloop
  endfacet
  facet normal -0.8314696123025451 0.5555702330196024 1.110138713178961e-18
    outer loop
      vertex 3.8349364905389036 10.25 2
      vertex 4.016616649271912 10.5219035725218 8
      vertex 4.016616649271912 10.5219035725218 2
    endloop
  endfacet
  facet normal -0.7518398074789784 0.6593458151000677 -3.1753575341629183e-19
    outer loop
      vertex 4.016616649271912 10.5219035725218 2
      vertex 4.232233047033631 10.767766952966369 8
      vertex 4.232233047033631 10.767766952966369 2
    endloop
  endfacet
  facet normal -0.6593458151000691 0.7518398074789772 0
    outer loop
      vertex 4.232233047033631 10.767766952966369 2
      vertex 4.232233047033631 10.767766952966369 8
      vertex 4.4780964274781985 10.983383350728088 2
    endloop
  endfacet
  facet normal -0.5555702330195992 0.8314696123025472 0
    outer loop
      vertex 4.4780964274781985 10.983383350728088 2
      vertex 4.4780964274781985 10.983383350728088 8
      vertex 4.75 11.165063509461095 2
    endloop
  endfacet
  facet normal -0.4422886902190048 0.8968727415326865 0
    outer loop
      vertex 4.75 11.165063509461095 2
      vertex 4.75 11.165063509461095 8
      vertex 5.043291419087275 11.309698831278217 2
    endloop
  endfacet
  facet normal -0.32143946530315926 0.9469301294951064 0
    outer loop
      vertex 5.043291419087275 11.309698831278217 2
      vertex 5.043291419087275 11.309698831278217 8
      vertex 5.352952387243699 11.41481456572267 2
    endloop
  endfacet
  facet normal -0.19509032201612833 0.9807852804032304 0
    outer loop
      vertex 5.352952387243699 11.41481456572267 2
      vertex 5.352952387243699 11.41481456572267 8
      vertex 5.673684519449871 11.478612153434526 2
    endloop
  endfacet
  facet normal -0.06540312923014452 0.9978589232386034 0
    outer loop
      vertex 5.673684519449871 11.478612153434526 2
      vertex 5.673684519449871 11.478612153434526 8
      vertex 6 11.5 2
    endloop
  endfacet
  facet normal 0.06540312923014452 0.9978589232386034 0
    outer loop
      vertex 6 11.5 2
      vertex 6 11.5 8
      vertex 6.326315480550129 11.478612153434526 2
    endloop
  endfacet
  facet normal 0.19509032201612833 0.9807852804032304 0
    outer loop
      vertex 6.326315480550129 11.478612153434526 2
      vertex 6.326315480550129 11.478612153434526 8
      vertex 6.647047612756301 11.41481456572267 2
    endloop
  endfacet
  facet normal 0.32143946530315926 0.9469301294951064 0
    outer loop
      vertex 6.647047612756301 11.41481456572267 2
      vertex 6.647047612756301 11.41481456572267 8
      vertex 6.956708580912725 11.309698831278217 2
    endloop
  endfacet
  facet normal 0.4422886902190048 0.8968727415326865 0
    outer loop
      vertex 6.956708580912725 11.309698831278217 2
      vertex 6.956708580912725 11.309698831278217 8
      vertex 7.25 11.165063509461095 2
    endloop
  endfacet
  facet normal 0.5555702330195992 0.8314696123025472 0
    outer loop
      vertex 7.25 11.165063509461095 2
      vertex 7.25 11.165063509461095 8
      vertex 7.5219035725218015 10.983383350728088 2
    endloop
  endfacet
  facet normal 0.8314696123025463 0.5555702330196005 0
    outer loop
      vertex 8.165063509461095 10.25 2
      vertex 7.983383350728088 10.5219035725218 2
      vertex 8.165063509461095 10.25 8
    endloop
  endfacet
  facet normal 0.9807852804032304 0.19509032201612833 0
    outer loop
      vertex 8.478612153434526 9.326315480550129 2
      vertex 8.41481456572267 9.647047612756301 2
      vertex 8.478612153434526 9.326315480550129 8
    endloop
  endfacet
  facet normal 0.9469301294951064 0.32143946530315926 0
    outer loop
      vertex 8.41481456572267 9.647047612756301 2
      vertex 8.309698831278217 9.956708580912725 2
      vertex 8.41481456572267 9.647047612756301 8
    endloop
  endfacet
  facet normal 0.8968727415326865 0.4422886902190048 9.7603118934752e-19
    outer loop
      vertex 8.165063509461095 10.25 2
      vertex 8.309698831278217 9.956708580912725 8
      vertex 8.309698831278217 9.956708580912725 2
    endloop
  endfacet
  facet normal 0.6593458151000691 0.7518398074789772 -1.1009477945554662e-18
    outer loop
      vertex 7.767766952966369 10.767766952966369 2
      vertex 7.5219035725218015 10.983383350728088 2
      vertex 7.5219035725218015 10.983383350728088 8
    endloop
  endfacet
  facet normal 0.7518398074789784 0.6593458151000677 3.1753575341629183e-19
    outer loop
      vertex 7.767766952966369 10.767766952966369 2
      vertex 7.983383350728088 10.5219035725218 8
      vertex 7.983383350728088 10.5219035725218 2
    endloop
  endfacet
  facet normal -0.9807852804032304 0.19509032201612833 0
    outer loop
      vertex 3.521387846565474 9.326315480550129 2
      vertex 3.521387846565474 9.326315480550129 8
      vertex 3.5851854342773293 9.647047612756301 8
    endloop
  endfacet
  facet normal -0.9469301294951059 0.3214394653031605 0
    outer loop
      vertex 3.5851854342773293 9.647047612756301 2
      vertex 3.5851854342773293 9.647047612756301 8
      vertex 3.690301168721783 9.956708580912725 8
    endloop
  endfacet
  facet normal -0.8968727415326876 0.44228869021900263 0
    outer loop
      vertex 3.690301168721783 9.956708580912725 2
      vertex 3.690301168721783 9.956708580912725 8
      vertex 3.8349364905389036 10.25 8
    endloop
  endfacet
  facet normal -0.8314696123025451 0.5555702330196024 0
    outer loop
      vertex 3.8349364905389036 10.25 2
      vertex 3.8349364905389036 10.25 8
      vertex 4.016616649271912 10.5219035725218 8
    endloop
  endfacet
  facet normal -0.7518398074789784 0.6593458151000677 0
    outer loop
      vertex 4.016616649271912 10.5219035725218 2
      vertex 4.016616649271912 10.5219035725218 8
      vertex 4.232233047033631 10.767766952966369 8
    endloop
  endfacet
  facet normal -0.6593458151000691 0.7518398074789772 0
    outer loop
      vertex 4.4780964274781985 10.983383350728088 2
      vertex 4.232233047033631 10.767766952966369 8
      vertex 4.4780964274781985 10.983383350728088 8
    endloop
  endfacet
  facet normal -0.5555702330195992 0.8314696123025472 0
    outer loop
      vertex 4.75 11.165063509461095 2
      vertex 4.4780964274781985 10.983383350728088 8
      vertex 4.75 11.165063509461095 8
    endloop
  endfacet
  facet normal -0.4422886902190048 0.8968727415326865 0
    outer loop
      vertex 5.043291419087275 11.309698831278217 2
      vertex 4.75 11.165063509461095 8
      vertex 5.043291419087275 11.309698831278217 8
    endloop
  endfacet
  facet normal -0.32143946530315926 0.9469301294951064 0
    outer loop
      vertex 5.352952387243699 11.41481456572267 2
      vertex 5.043291419087275 11.309698831278217 8
      vertex 5.352952387243699 11.41481456572267 8
    endloop
  endfacet
  facet normal -0.19509032201612833 0.9807852804032304 0
    outer loop
      vertex 5.673684519449871 11.478612153434526 2
      vertex 5.352952387243699 11.41481456572267 8
      vertex 5.673684519449871 11.478612153434526 8
    endloop
  endfacet
  facet normal -0.06540312923014452 0.9978589232386034 0
    outer loop
      vertex 6 11.5 2
      vertex 5.673684519449871 11.478612153434526 8
      vertex 6 11.5 8
    endloop
  endfacet
  facet normal 0 0 1
    outer loop
      vertex 4.016616649271912 7.4780964274781985 8
      vertex 4.016616649271912 10.5219035725218 8
      vertex 3.8349364905389036 10.25 8
    endloop
  endfacet
  facet normal 0 0 1
    outer loop
      vertex 4.232233047033631 7.232233047033631 8
      vertex 4.232233047033631 10.767766952966369 8
      vertex 4.016616649271912 10.5219035725218 8
    endloop
  endfacet
  facet normal 0 0 1
    outer loop
      vertex 4.4780964274781985 7.016616649271912 8
      vertex 4.4780964274781985 10.983383350728088 8
      vertex 4.232233047033631 10.767766952966369 8
    endloop
  endfacet
  facet normal 0 0 1
    outer loop
      vertex 4.75 6.834936490538904 8
      vertex 4.75 11.165063509461095 8
      vertex 4.4780964274781985 10.983383350728088 8
    endloop
  endfacet
  facet normal 0 0 1
    outer loop
      vertex 5.043291419087275 6.690301168721783 8
      vertex 5.043291419087275 11.309698831278217 8
      vertex 4.75 11.165063509461095 8
    endloop
  endfacet
  facet normal 0 0 1
    outer loop
      vertex 5.352952387243699 6.58518543427733 8
      vertex 5.352952387243699 11.41481456572267 8
      vertex 5.043291419087275 11.309698831278217 8
    endloop
  endfacet
  facet normal 0 0 1
    outer loop
      vertex 5.673684519449871 6.521387846565474 8
      vertex 5.673684519449871 11.478612153434526 8
      vertex 5.352952387243699 11.41481456572267 8
    endloop
  endfacet
  facet normal 0 0 1
    outer loop
      vertex 6 6.5 8
      vertex 6 11.5 8
      vertex 5.673684519449871 11.478612153434526 8
    endloop
  endfacet
  facet normal 0.06540312923014452 0.9978589232386034 0
    outer loop
      vertex 6.326315480550129 11.478612153434526 2
      vertex 6 11.5 8
      vertex 6.326315480550129 11.478612153434526 8
    endloop
  endfacet
  facet normal 0.19509032201612833 0.9807852804032304 0
    outer loop
      vertex 6.647047612756301 11.41481456572267 2
      vertex 6.326315480550129 11.478612153434526 8
      vertex 6.647047612756301 11.41481456572267 8
    endloop
  endfacet
  facet normal 0.5555702330195992 0.8314696123025472 0
    outer loop
      vertex 7.5219035725218015 10.983383350728088 2
      vertex 7.25 11.165063509461095 8
      vertex 7.5219035725218015 10.983383350728088 8
    endloop
  endfacet
  facet normal 0.32143946530315926 0.9469301294951064 0
    outer loop
      vertex 6.956708580912725 11.309698831278217 2
      vertex 6.647047612756301 11.41481456572267 8
      vertex 6.956708580912725 11.309698831278217 8
    endloop
  endfacet
  facet normal 0.4422886902190048 0.8968727415326865 0
    outer loop
      vertex 7.25 11.165063509461095 2
      vertex 6.956708580912725 11.309698831278217 8
      vertex 7.25 11.165063509461095 8
    endloop
  endfacet
  facet normal 0.8968727415326865 0.4422886902190048 0
    outer loop
      vertex 8.165063509461095 10.25 2
      vertex 8.165063509461095 10.25 8
      vertex 8.309698831278217 9.956708580912725 8
    endloop
  endfacet
  facet normal 0.8314696123025463 0.5555702330196005 0
    outer loop
      vertex 7.983383350728088 10.5219035725218 2
      vertex 7.983383350728088 10.5219035725218 8
      vertex 8.165063509461095 10.25 8
    endloop
  endfacet
  facet normal 0.9807852804032304 0.19509032201612833 5.82317438049824e-19
    outer loop
      vertex 8.478612153434526 9.326315480550129 8
      vertex 8.41481456572267 9.647047612756301 2
      vertex 8.41481456572267 9.647047612756301 8
    endloop
  endfacet
  facet normal 0.9469301294951064 0.32143946530315926 0
    outer loop
      vertex 8.309698831278217 9.956708580912725 2
      vertex 8.309698831278217 9.956708580912725 8
      vertex 8.41481456572267 9.647047612756301 8
    endloop
  endfacet
  facet normal 0.7518398074789784 0.6593458151000677 0
    outer loop
      vertex 7.767766952966369 10.767766952966369 2
      vertex 7.767766952966369 10.767766952966369 8
      vertex 7.983383350728088 10.5219035725218 8
    endloop
  endfacet
  facet normal 0.6593458151000691 0.7518398074789772 0
    outer loop
      vertex 7.767766952966369 10.767766952966369 2
      vertex 7.5219035725218015 10.983383350728088 8
      vertex 7.767766952966369 10.767766952966369 8
    endloop
  endfacet
  facet normal 0 0 1
    outer loop
      vertex 6.326315480550129 6.521387846565474 8
      vertex 6.326315480550129 11.478612153434526 8
      vertex 6 11.5 8
    endloop
  endfacet
  facet normal 0 0 1
    outer loop
      vertex 6.647047612756301 6.58518543427733 8
      vertex 6.647047612756301 11.41481456572267 8
      vertex 6.326315480550129 11.478612153434526 8
    endloop
  endfacet
  facet normal 0 0 1
    outer loop
      vertex 6.956708580912725 6.690301168721783 8
      vertex 6.956708580912725 11.309698831278217 8
      vertex 6.647047612756301 11.41481456572267 8
    endloop
  endfacet
  facet normal 0 0 1
    outer loop
      vertex 7.25 6.834936490538904 8
      vertex 7.25 11.165063509461095 8
      vertex 6.956708580912725 11.309698831278217 8
    endloop
  endfacet
  facet normal 0 0 1
    outer loop
      vertex 7.5219035725218015 7.016616649271912 8
      vertex 7.5219035725218015 10.983383350728088 8
      vertex 7.25 11.165063509461095 8
    endloop
  endfacet
  facet normal 0 0 1
    outer loop
      vertex 7.767766952966369 7.232233047033631 8
      vertex 7.767766952966369 10.767766952966369 8
      vertex 7.5219035725218015 10.983383350728088 8
    endloop
  endfacet
  facet normal 0 0 1
    outer loop
      vertex 7.983383350728088 7.4780964274781985 8
      vertex 7.983383350728088 10.5219035725218 8
      vertex 7.767766952966369 10.767766952966369 8
    endloop
  endfacet
  facet normal 0 0 1
    outer loop
      vertex 8.165063509461095 7.75 8
      vertex 8.165063509461095 10.25 8
      vertex 7.983383350728088 10.5219035725218 8
    endloop
  endfacet
  facet normal 0 0 1
    outer loop
      vertex 8.309698831278217 8.043291419087275 8
      vertex 8.309698831278217 9.956708580912725 8
      vertex 8.165063509461095 10.25 8
    endloop
  endfacet
  facet normal -0.7518398074789784 -0.6593458151000677 0
    outer loop
      vertex 4.016616649271912 26.878096427478198 2
      vertex 4.232233047033631 26.63223304703363 2
      vertex 4.016616649271912 26.878096427478198 8
    endloop
  endfacet
  facet normal -0.6593458151000661 -0.7518398074789798 0
    outer loop
      vertex 4.4780964274781985 26.416616649271912 2
      vertex 4.4780964274781985 26.416616649271912 8
      vertex 4.232233047033631 26.63223304703363 2
    endloop
  endfacet
  facet normal -0.8968727415326876 -0.44228869021900263 0
    outer loop
      vertex 3.690301168721783 27.443291419087274 2
      vertex 3.8349364905389036 27.15 2
      vertex 3.690301168721783 27.443291419087274 8
    endloop
  endfacet
  facet normal -0.9469301294951055 -0.32143946530316214 1.6843425689475981e-18
    outer loop
      vertex 3.690301168721783 27.443291419087274 2
      vertex 3.5851854342773293 27.752952387243695 8
      vertex 3.5851854342773293 27.752952387243695 2
    endloop
  endfacet
  facet normal -0.9807852804032307 -0.1950903220161273 -5.924371615173237e-19
    outer loop
      vertex 3.5851854342773293 27.752952387243695 2
      vertex 3.521387846565474 28.07368451944987 8
      vertex 3.521387846565474 28.07368451944987 2
    endloop
  endfacet
  facet normal -0.8314696123025451 -0.5555702330196024 -1.110138713178961e-18
    outer loop
      vertex 4.016616649271912 26.878096427478198 2
      vertex 3.8349364905389036 27.15 8
      vertex 3.8349364905389036 27.15 2
    endloop
  endfacet
  facet normal -0.555570233019603 -0.8314696123025447 -1.3177919787845434e-18
    outer loop
      vertex 4.4780964274781985 26.416616649271912 2
      vertex 4.75 26.234936490538903 2
      vertex 4.75 26.234936490538903 8
    endloop
  endfacet
  facet normal -0.4422886902190092 -0.8968727415326844 6.839068181383053e-19
    outer loop
      vertex 4.75 26.234936490538903 2
      vertex 5.043291419087275 26.09030116872178 2
      vertex 5.043291419087275 26.09030116872178 8
    endloop
  endfacet
  facet normal -0.19509032201612309 -0.9807852804032314 -8.060108394860079e-19
    outer loop
      vertex 5.352952387243699 25.985185434277327 2
      vertex 5.673684519449871 25.921387846565473 2
      vertex 5.673684519449871 25.921387846565473 8
    endloop
  endfacet
  facet normal -0.32143946530315926 -0.9469301294951064 1.3613703507968243e-18
    outer loop
      vertex 5.043291419087275 26.09030116872178 2
      vertex 5.352952387243699 25.985185434277327 2
      vertex 5.352952387243699 25.985185434277327 8
    endloop
  endfacet
  facet normal -0.06540312923014452 -0.9978589232386034 -9.905971698364999e-20
    outer loop
      vertex 5.673684519449871 25.921387846565473 2
      vertex 6 25.9 2
      vertex 6 25.9 8
    endloop
  endfacet
  facet normal 0.06540312923014452 -0.9978589232386034 9.905971698364999e-20
    outer loop
      vertex 6 25.9 2
      vertex 6.326315480550129 25.921387846565473 2
      vertex 6.326315480550129 25.921387846565473 8
    endloop
  endfacet
  facet normal 0.19509032201612309 -0.9807852804032314 8.060108394860079e-19
    outer loop
      vertex 6.326315480550129 25.921387846565473 2
      vertex 6.647047612756301 25.985185434277327 2
      vertex 6.647047612756301 25.985185434277327 8
    endloop
  endfacet
  facet normal 0.32143946530315926 -0.9469301294951064 -1.3613703507968243e-18
    outer loop
      vertex 6.647047612756301 25.985185434277327 2
      vertex 6.956708580912725 26.09030116872178 2
      vertex 6.956708580912725 26.09030116872178 8
    endloop
  endfacet
  facet normal 0.4422886902190092 -0.8968727415326844 -6.839068181383053e-19
    outer loop
      vertex 6.956708580912725 26.09030116872178 2
      vertex 7.25 26.234936490538903 2
      vertex 7.25 26.234936490538903 8
    endloop
  endfacet
  facet normal 0.555570233019603 -0.8314696123025447 1.3177919787845434e-18
    outer loop
      vertex 7.25 26.234936490538903 2
      vertex 7.5219035725218015 26.416616649271912 2
      vertex 7.5219035725218015 26.416616649271912 8
    endloop
  endfacet
  facet normal 0.6593458151000661 -0.7518398074789798 1.3095099536852035e-18
    outer loop
      vertex 7.5219035725218015 26.416616649271912 2
      vertex 7.767766952966369 26.63223304703363 2
      vertex 7.767766952966369 26.63223304703363 8
    endloop
  endfacet
  facet normal 0.7518398074789784 -0.6593458151000677 0
    outer loop
      vertex 7.767766952966369 26.63223304703363 2
      vertex 7.983383350728088 26.878096427478198 2
      vertex 7.767766952966369 26.63223304703363 8
    endloop
  endfacet
  facet normal 0.8314696123025463 -0.5555702330196005 0
    outer loop
      vertex 7.983383350728088 26.878096427478198 2
      vertex 8.165063509461095 27.15 2
      vertex 7.983383350728088 26.878096427478198 8
    endloop
  endfacet
  facet normal 0.8968727415326865 -0.4422886902190048 0
    outer loop
      vertex 8.165063509461095 27.15 2
      vertex 8.309698831278217 27.443291419087274 2
      vertex 8.165063509461095 27.15 8
    endloop
  endfacet
  facet normal 0.9469301294951059 -0.3214394653031609 0
    outer loop
      vertex 8.309698831278217 27.443291419087274 2
      vertex 8.41481456572267 27.752952387243695 2
      vertex 8.309698831278217 27.443291419087274 8
    endloop
  endfacet
  facet normal 0.9807852804032307 -0.1950903220161273 0
    outer loop
      vertex 8.41481456572267 27.752952387243695 2
      vertex 8.478612153434526 28.07368451944987 2
      vertex 8.41481456572267 27.752952387243695 8
    endloop
  endfacet
  facet normal -0.6593458151000661 -0.7518398074789798 0
    outer loop
      vertex 4.232233047033631 26.63223304703363 2
      vertex 4.4780964274781985 26.416616649271912 8
      vertex 4.232233047033631 26.63223304703363 8
    endloop
  endfacet
  facet normal -0.7518398074789784 -0.6593458151000677 0
    outer loop
      vertex 4.232233047033631 26.63223304703363 2
      vertex 4.232233047033631 26.63223304703363 8
      vertex 4.016616649271912 26.878096427478198 8
    endloop
  endfacet
  facet normal -0.9469301294951055 -0.32143946530316214 0
    outer loop
      vertex 3.690301168721783 27.443291419087274 2
      vertex 3.690301168721783 27.443291419087274 8
      vertex 3.5851854342773293 27.752952387243695 8
    endloop
  endfacet
  facet normal -0.9807852804032307 -0.1950903220161273 0
    outer loop
      vertex 3.5851854342773293 27.752952387243695 2
      vertex 3.5851854342773293 27.752952387243695 8
      vertex 3.521387846565474 28.07368451944987 8
    endloop
  endfacet
  facet normal -0.8314696123025451 -0.5555702330196024 0
    outer loop
      vertex 4.016616649271912 26.878096427478198 2
      vertex 4.016616649271912 26.878096427478198 8
      vertex 3.8349364905389036 27.15 8
    endloop
  endfacet
  facet normal -0.8968727415326876 -0.44228869021900263 0
    outer loop
      vertex 3.8349364905389036 27.15 2
      vertex 3.8349364905389036 27.15 8
      vertex 3.690301168721783 27.443291419087274 8
    endloop
  endfacet
  facet normal -0.4422886902190092 -0.8968727415326844 0
    outer loop
      vertex 4.75 26.234936490538903 2
      vertex 5.043291419087275 26.09030116872178 8
      vertex 4.75 26.234936490538903 8
    endloop
  endfacet
  facet normal -0.32143946530315926 -0.9469301294951064 0
    outer loop
      vertex 5.043291419087275 26.09030116872178 2
      vertex 5.352952387243699 25.985185434277327 8
      vertex 5.043291419087275 26.09030116872178 8
    endloop
  endfacet
  facet normal -0.555570233019603 -0.8314696123025447 0
    outer loop
      vertex 4.4780964274781985 26.416616649271912 2
      vertex 4.75 26.234936490538903 8
      vertex 4.4780964274781985 26.416616649271912 8
    endloop
  endfacet
  facet normal -0.19509032201612309 -0.9807852804032314 0
    outer loop
      vertex 5.352952387243699 25.985185434277327 2
      vertex 5.673684519449871 25.921387846565473 8
      vertex 5.352952387243699 25.985185434277327 8
    endloop
  endfacet
  facet normal -0.06540312923014452 -0.9978589232386034 0
    outer loop
      vertex 5.673684519449871 25.921387846565473 2
      vertex 6 25.9 8
      vertex 5.673684519449871 25.921387846565473 8
    endloop
  endfacet
  facet normal 0 0 1
    outer loop
      vertex 3.690301168721783 27.443291419087274 8
      vertex 3.8349364905389036 27.15 8
      vertex 3.690301168721783 29.356708580912724 8
    endloop
  endfacet
  facet normal 0 0 1
    outer loop
      vertex 4.016616649271912 26.878096427478198 8
      vertex 3.8349364905389036 29.65 8
      vertex 3.8349364905389036 27.15 8
    endloop
  endfacet
  facet normal 0 0 1
    outer loop
      vertex 4.016616649271912 26.878096427478198 8
      vertex 4.232233047033631 26.63223304703363 8
      vertex 4.016616649271912 29.9219035725218 8
    endloop
  endfacet
  facet normal 0 0 1
    outer loop
      vertex 4.4780964274781985 26.416616649271912 8
      vertex 4.232233047033631 30.167766952966367 8
      vertex 4.232233047033631 26.63223304703363 8
    endloop
  endfacet
  facet normal 0 0 1
    outer loop
      vertex 4.4780964274781985 26.416616649271912 8
      vertex 4.75 26.234936490538903 8
      vertex 4.4780964274781985 30.383383350728085 8
    endloop
  endfacet
  facet normal 0 0 1
    outer loop
      vertex 4.75 26.234936490538903 8
      vertex 5.043291419087275 26.09030116872178 8
      vertex 4.75 30.565063509461094 8
    endloop
  endfacet
  facet normal 0 0 1
    outer loop
      vertex 5.043291419087275 26.09030116872178 8
      vertex 5.352952387243699 25.985185434277327 8
      vertex 5.043291419087275 30.709698831278217 8
    endloop
  endfacet
  facet normal 0 0 1
    outer loop
      vertex 5.352952387243699 25.985185434277327 8
      vertex 5.673684519449871 25.921387846565473 8
      vertex 5.352952387243699 30.81481456572267 8
    endloop
  endfacet
  facet normal 0 0 1
    outer loop
      vertex 5.673684519449871 25.921387846565473 8
      vertex 6 25.9 8
      vertex 5.673684519449871 30.878612153434524 8
    endloop
  endfacet
  facet normal 0.06540312923014452 -0.9978589232386034 0
    outer loop
      vertex 6 25.9 2
      vertex 6.326315480550129 25.921387846565473 8
      vertex 6 25.9 8
    endloop
  endfacet
  facet normal 0.19509032201612309 -0.9807852804032314 0
    outer loop
      vertex 6.326315480550129 25.921387846565473 2
      vertex 6.647047612756301 25.985185434277327 8
      vertex 6.326315480550129 25.921387846565473 8
    endloop
  endfacet
  facet normal 0.32143946530315926 -0.9469301294951064 0
    outer loop
      vertex 6.647047612756301 25.985185434277327 2
      vertex 6.956708580912725 26.09030116872178 8
      vertex 6.647047612756301 25.985185434277327 8
    endloop
  endfacet
  facet normal 0.4422886902190092 -0.8968727415326844 0
    outer loop
      vertex 6.956708580912725 26.09030116872178 2
      vertex 7.25 26.234936490538903 8
      vertex 6.956708580912725 26.09030116872178 8
    endloop
  endfacet
  facet normal 0.555570233019603 -0.8314696123025447 0
    outer loop
      vertex 7.25 26.234936490538903 2
      vertex 7.5219035725218015 26.416616649271912 8
      vertex 7.25 26.234936490538903 8
    endloop
  endfacet
  facet normal 0.6593458151000661 -0.7518398074789798 0
    outer loop
      vertex 7.5219035725218015 26.416616649271912 2
      vertex 7.767766952966369 26.63223304703363 8
      vertex 7.5219035725218015 26.416616649271912 8
    endloop
  endfacet
  facet normal 0.7518398074789784 -0.6593458151000677 0
    outer loop
      vertex 7.983383350728088 26.878096427478198 2
      vertex 7.983383350728088 26.878096427478198 8
      vertex 7.767766952966369 26.63223304703363 8
    endloop
  endfacet
  facet normal 0.8314696123025463 -0.5555702330196005 0
    outer loop
      vertex 8.165063509461095 27.15 2
      vertex 8.165063509461095 27.15 8
      vertex 7.983383350728088 26.878096427478198 8
    endloop
  endfacet
  facet normal 0.8968727415326865 -0.4422886902190048 0
    outer loop
      vertex 8.309698831278217 27.443291419087274 2
      vertex 8.309698831278217 27.443291419087274 8
      vertex 8.165063509461095 27.15 8
    endloop
  endfacet
  facet normal 0.9469301294951059 -0.3214394653031609 0
    outer loop
      vertex 8.41481456572267 27.752952387243695 2
      vertex 8.41481456572267 27.752952387243695 8
      vertex 8.309698831278217 27.443291419087274 8
    endloop
  endfacet
  facet normal 0.9807852804032307 -0.1950903220161273 5.924371615173237e-19
    outer loop
      vertex 8.41481456572267 27.752952387243695 8
      vertex 8.478612153434526 28.07368451944987 2
      vertex 8.478612153434526 28.07368451944987 8
    endloop
  endfacet
  facet normal 0 0 1
    outer loop
      vertex 6 25.9 8
      vertex 6.326315480550129 25.921387846565473 8
      vertex 6 30.9 8
    endloop
  endfacet
  facet normal 0 0 1
    outer loop
      vertex 6.326315480550129 25.921387846565473 8
      vertex 6.647047612756301 25.985185434277327 8
      vertex 6.326315480550129 30.878612153434524 8
    endloop
  endfacet
  facet normal 0 0 1
    outer loop
      vertex 6.647047612756301 25.985185434277327 8
      vertex 6.956708580912725 26.09030116872178 8
      vertex 6.647047612756301 30.81481456572267 8
    endloop
  endfacet
  facet normal 0 0 1
    outer loop
      vertex 6.956708580912725 26.09030116872178 8
      vertex 7.25 26.234936490538903 8
      vertex 6.956708580912725 30.709698831278217 8
    endloop
  endfacet
  facet normal 0 0 1
    outer loop
      vertex 7.25 26.234936490538903 8
      vertex 7.5219035725218015 26.416616649271912 8
      vertex 7.25 30.565063509461094 8
    endloop
  endfacet
  facet normal 0 0 1
    outer loop
      vertex 7.5219035725218015 26.416616649271912 8
      vertex 7.767766952966369 26.63223304703363 8
      vertex 7.5219035725218015 30.383383350728085 8
    endloop
  endfacet
  facet normal 0 0 1
    outer loop
      vertex 7.767766952966369 26.63223304703363 8
      vertex 7.983383350728088 26.878096427478198 8
      vertex 7.767766952966369 30.167766952966367 8
    endloop
  endfacet
  facet normal 0 0 1
    outer loop
      vertex 7.983383350728088 26.878096427478198 8
      vertex 8.165063509461095 27.15 8
      vertex 7.983383350728088 29.9219035725218 8
    endloop
  endfacet
  facet normal -0.9978589232386035 -0.06540312923014317 -6.655685051155108e-20
    outer loop
      vertex 3.521387846565474 28.07368451944987 2
      vertex 3.5 28.4 8
      vertex 3.5 28.4 2
    endloop
  endfacet
  facet normal -0.9978589232386035 0.06540312923014317 6.655685051155108e-20
    outer loop
      vertex 3.5 28.4 2
      vertex 3.521387846565474 28.726315480550127 8
      vertex 3.521387846565474 28.726315480550127 2
    endloop
  endfacet
  facet normal -0.9807852804032307 0.1950903220161273 5.924371615173237e-19
    outer loop
      vertex 3.521387846565474 28.726315480550127 2
      vertex 3.5851854342773293 29.0470476127563 8
      vertex 3.5851854342773293 29.0470476127563 2
    endloop
  endfacet
  facet normal -0.9469301294951055 0.32143946530316214 -1.6843425689475981e-18
    outer loop
      vertex 3.5851854342773293 29.0470476127563 2
      vertex 3.690301168721783 29.356708580912724 8
      vertex 3.690301168721783 29.356708580912724 2
    endloop
  endfacet
  facet normal -0.8968727415326876 0.44228869021900263 6.461436053434137e-19
    outer loop
      vertex 3.690301168721783 29.356708580912724 2
      vertex 3.8349364905389036 29.65 8
      vertex 3.8349364905389036 29.65 2
    endloop
  endfacet
  facet normal -0.8314696123025451 0.5555702330196024 1.110138713178961e-18
    outer loop
      vertex 3.8349364905389036 29.65 2
      vertex 4.016616649271912 29.9219035725218 8
      vertex 4.016616649271912 29.9219035725218 2
    endloop
  endfacet
  facet normal -0.7518398074789784 0.6593458151000677 -3.1753575341629183e-19
    outer loop
      vertex 4.016616649271912 29.9219035725218 2
      vertex 4.232233047033631 30.167766952966367 8
      vertex 4.232233047033631 30.167766952966367 2
    endloop
  endfacet
  facet normal -0.6593458151000661 0.7518398074789798 0
    outer loop
      vertex 4.232233047033631 30.167766952966367 2
      vertex 4.232233047033631 30.167766952966367 8
      vertex 4.4780964274781985 30.383383350728085 2
    endloop
  endfacet
  facet normal -0.555570233019603 0.8314696123025447 0
    outer loop
      vertex 4.4780964274781985 30.383383350728085 2
      vertex 4.4780964274781985 30.383383350728085 8
      vertex 4.75 30.565063509461094 2
    endloop
  endfacet
  facet normal -0.4422886902190092 0.8968727415326844 0
    outer loop
      vertex 4.75 30.565063509461094 2
      vertex 4.75 30.565063509461094 8
      vertex 5.043291419087275 30.709698831278217 2
    endloop
  endfacet
  facet normal -0.32143946530315926 0.9469301294951064 0
    outer loop
      vertex 5.043291419087275 30.709698831278217 2
      vertex 5.043291419087275 30.709698831278217 8
      vertex 5.352952387243699 30.81481456572267 2
    endloop
  endfacet
  facet normal -0.19509032201612309 0.9807852804032314 0
    outer loop
      vertex 5.352952387243699 30.81481456572267 2
      vertex 5.352952387243699 30.81481456572267 8
      vertex 5.673684519449871 30.878612153434524 2
    endloop
  endfacet
  facet normal -0.06540312923014452 0.9978589232386034 0
    outer loop
      vertex 5.673684519449871 30.878612153434524 2
      vertex 5.673684519449871 30.878612153434524 8
      vertex 6 30.9 2
    endloop
  endfacet
  facet normal 0.9978589232386034 -0.06540312923014452 0
    outer loop
      vertex 8.478612153434526 28.07368451944987 2
      vertex 8.5 28.4 2
      vertex 8.478612153434526 28.07368451944987 8
    endloop
  endfacet
  facet normal 0.9978589232386034 0.06540312923014452 0
    outer loop
      vertex 8.5 28.4 2
      vertex 8.478612153434526 28.726315480550127 2
      vertex 8.5 28.4 8
    endloop
  endfacet
  facet normal 0.9807852804032307 0.1950903220161273 0
    outer loop
      vertex 8.478612153434526 28.726315480550127 2
      vertex 8.41481456572267 29.0470476127563 2
      vertex 8.478612153434526 28.726315480550127 8
    endloop
  endfacet
  facet normal 0.9469301294951059 0.3214394653031609 0
    outer loop
      vertex 8.41481456572267 29.0470476127563 2
      vertex 8.309698831278217 29.356708580912724 2
      vertex 8.41481456572267 29.0470476127563 8
    endloop
  endfacet
  facet normal 0.8314696123025463 0.5555702330196005 0
    outer loop
      vertex 8.165063509461095 29.65 2
      vertex 7.983383350728088 29.9219035725218 2
      vertex 8.165063509461095 29.65 8
    endloop
  endfacet
  facet normal 0.6593458151000661 0.7518398074789798 0
    outer loop
      vertex 7.5219035725218015 30.383383350728085 2
      vertex 7.5219035725218015 30.383383350728085 8
      vertex 7.767766952966369 30.167766952966367 2
    endloop
  endfacet
  facet normal 0.7518398074789784 0.6593458151000677 3.1753575341629183e-19
    outer loop
      vertex 7.767766952966369 30.167766952966367 2
      vertex 7.983383350728088 29.9219035725218 8
      vertex 7.983383350728088 29.9219035725218 2
    endloop
  endfacet
  facet normal 0.8968727415326865 0.4422886902190048 9.7603118934752e-19
    outer loop
      vertex 8.165063509461095 29.65 2
      vertex 8.309698831278217 29.356708580912724 8
      vertex 8.309698831278217 29.356708580912724 2
    endloop
  endfacet
  facet normal 0.06540312923014452 0.9978589232386034 0
    outer loop
      vertex 6 30.9 2
      vertex 6 30.9 8
      vertex 6.326315480550129 30.878612153434524 2
    endloop
  endfacet
  facet normal 0.19509032201612309 0.9807852804032314 0
    outer loop
      vertex 6.326315480550129 30.878612153434524 2
      vertex 6.326315480550129 30.878612153434524 8
      vertex 6.647047612756301 30.81481456572267 2
    endloop
  endfacet
  facet normal 0.4422886902190092 0.8968727415326844 0
    outer loop
      vertex 6.956708580912725 30.709698831278217 2
      vertex 6.956708580912725 30.709698831278217 8
      vertex 7.25 30.565063509461094 2
    endloop
  endfacet
  facet normal 0.32143946530315926 0.9469301294951064 0
    outer loop
      vertex 6.647047612756301 30.81481456572267 2
      vertex 6.647047612756301 30.81481456572267 8
      vertex 6.956708580912725 30.709698831278217 2
    endloop
  endfacet
  facet normal 0.555570233019603 0.8314696123025447 -1.3177919787845434e-18
    outer loop
      vertex 7.5219035725218015 30.383383350728085 2
      vertex 7.25 30.565063509461094 2
      vertex 7.25 30.565063509461094 8
    endloop
  endfacet
  facet normal -0.9978589232386035 -0.06540312923014317 0
    outer loop
      vertex 3.521387846565474 28.07368451944987 2
      vertex 3.521387846565474 28.07368451944987 8
      vertex 3.5 28.4 8
    endloop
  endfacet
  facet normal -0.9978589232386035 0.06540312923014317 0
    outer loop
      vertex 3.5 28.4 2
      vertex 3.5 28.4 8
      vertex 3.521387846565474 28.726315480550127 8
    endloop
  endfacet
  facet normal -0.9807852804032307 0.1950903220161273 0
    outer loop
      vertex 3.521387846565474 28.726315480550127 2
      vertex 3.521387846565474 28.726315480550127 8
      vertex 3.5851854342773293 29.0470476127563 8
    endloop
  endfacet
  facet normal -0.9469301294951055 0.32143946530316214 0
    outer loop
      vertex 3.5851854342773293 29.0470476127563 2
      vertex 3.5851854342773293 29.0470476127563 8
      vertex 3.690301168721783 29.356708580912724 8
    endloop
  endfacet
  facet normal -0.8968727415326876 0.44228869021900263 0
    outer loop
      vertex 3.690301168721783 29.356708580912724 2
      vertex 3.690301168721783 29.356708580912724 8
      vertex 3.8349364905389036 29.65 8
    endloop
  endfacet
  facet normal -0.8314696123025451 0.5555702330196024 0
    outer loop
      vertex 3.8349364905389036 29.65 2
      vertex 3.8349364905389036 29.65 8
      vertex 4.016616649271912 29.9219035725218 8
    endloop
  endfacet
  facet normal -0.7518398074789784 0.6593458151000677 0
    outer loop
      vertex 4.016616649271912 29.9219035725218 2
      vertex 4.016616649271912 29.9219035725218 8
      vertex 4.232233047033631 30.167766952966367 8
    endloop
  endfacet
  facet normal -0.6593458151000661 0.7518398074789798 0
    outer loop
      vertex 4.4780964274781985 30.383383350728085 2
      vertex 4.232233047033631 30.167766952966367 8
      vertex 4.4780964274781985 30.383383350728085 8
    endloop
  endfacet
  facet normal 0 0 1
    outer loop
      vertex 3.5851854342773293 27.752952387243695 8
      vertex 3.521387846565474 28.726315480550127 8
      vertex 3.521387846565474 28.07368451944987 8
    endloop
  endfacet
  facet normal 0 0 1
    outer loop
      vertex 3.690301168721783 27.443291419087274 8
      vertex 3.5851854342773293 29.0470476127563 8
      vertex 3.5851854342773293 27.752952387243695 8
    endloop
  endfacet
  facet normal 0 0 1
    outer loop
      vertex 3.521387846565474 28.07368451944987 8
      vertex 3.521387846565474 28.726315480550127 8
      vertex 3.5 28.4 8
    endloop
  endfacet
  facet normal 0 0 1
    outer loop
      vertex 3.5851854342773293 27.752952387243695 8
      vertex 3.5851854342773293 29.0470476127563 8
      vertex 3.521387846565474 28.726315480550127 8
    endloop
  endfacet
  facet normal 0 0 1
    outer loop
      vertex 3.690301168721783 27.443291419087274 8
      vertex 3.690301168721783 29.356708580912724 8
      vertex 3.5851854342773293 29.0470476127563 8
    endloop
  endfacet
  facet normal 0 0 1
    outer loop
      vertex 3.8349364905389036 27.15 8
      vertex 3.8349364905389036 29.65 8
      vertex 3.690301168721783 29.356708580912724 8
    endloop
  endfacet
  facet normal 0 0 1
    outer loop
      vertex 4.016616649271912 26.878096427478198 8
      vertex 4.016616649271912 29.9219035725218 8
      vertex 3.8349364905389036 29.65 8
    endloop
  endfacet
  facet normal 0 0 1
    outer loop
      vertex 4.232233047033631 26.63223304703363 8
      vertex 4.232233047033631 30.167766952966367 8
      vertex 4.016616649271912 29.9219035725218 8
    endloop
  endfacet
  facet normal 0 0 1
    outer loop
      vertex 4.4780964274781985 26.416616649271912 8
      vertex 4.4780964274781985 30.383383350728085 8
      vertex 4.232233047033631 30.167766952966367 8
    endloop
  endfacet
  facet normal 0 0 1
    outer loop
      vertex 4.75 26.234936490538903 8
      vertex 4.75 30.565063509461094 8
      vertex 4.4780964274781985 30.383383350728085 8
    endloop
  endfacet
  facet normal 0 0 1
    outer loop
      vertex 5.043291419087275 26.09030116872178 8
      vertex 5.043291419087275 30.709698831278217 8
      vertex 4.75 30.565063509461094 8
    endloop
  endfacet
  facet normal 0 0 1
    outer loop
      vertex 5.352952387243699 25.985185434277327 8
      vertex 5.352952387243699 30.81481456572267 8
      vertex 5.043291419087275 30.709698831278217 8
    endloop
  endfacet
  facet normal 0 0 1
    outer loop
      vertex 5.673684519449871 25.921387846565473 8
      vertex 5.673684519449871 30.878612153434524 8
      vertex 5.352952387243699 30.81481456572267 8
    endloop
  endfacet
  facet normal 0 0 1
    outer loop
      vertex 6 25.9 8
      vertex 6 30.9 8
      vertex 5.673684519449871 30.878612153434524 8
    endloop
  endfacet
  facet normal -0.555570233019603 0.8314696123025447 0
    outer loop
      vertex 4.75 30.565063509461094 2
      vertex 4.4780964274781985 30.383383350728085 8
      vertex 4.75 30.565063509461094 8
    endloop
  endfacet
  facet normal -0.4422886902190092 0.8968727415326844 0
    outer loop
      vertex 5.043291419087275 30.709698831278217 2
      vertex 4.75 30.565063509461094 8
      vertex 5.043291419087275 30.709698831278217 8
    endloop
  endfacet
  facet normal -0.32143946530315926 0.9469301294951064 0
    outer loop
      vertex 5.352952387243699 30.81481456572267 2
      vertex 5.043291419087275 30.709698831278217 8
      vertex 5.352952387243699 30.81481456572267 8
    endloop
  endfacet
  facet normal -0.19509032201612309 0.9807852804032314 0
    outer loop
      vertex 5.673684519449871 30.878612153434524 2
      vertex 5.352952387243699 30.81481456572267 8
      vertex 5.673684519449871 30.878612153434524 8
    endloop
  endfacet
  facet normal -0.06540312923014452 0.9978589232386034 0
    outer loop
      vertex 6 30.9 2
      vertex 5.673684519449871 30.878612153434524 8
      vertex 6 30.9 8
    endloop
  endfacet
  facet normal 0.9978589232386034 -0.06540312923014452 0
    outer loop
      vertex 8.5 28.4 2
      vertex 8.5 28.4 8
      vertex 8.478612153434526 28.07368451944987 8
    endloop
  endfacet
  facet normal 0.9978589232386034 0.06540312923014452 0
    outer loop
      vertex 8.478612153434526 28.726315480550127 2
      vertex 8.478612153434526 28.726315480550127 8
      vertex 8.5 28.4 8
    endloop
  endfacet
  facet normal 0.9807852804032307 0.1950903220161273 0
    outer loop
      vertex 8.41481456572267 29.0470476127563 2
      vertex 8.41481456572267 29.0470476127563 8
      vertex 8.478612153434526 28.726315480550127 8
    endloop
  endfacet
  facet normal 0.8968727415326865 0.4422886902190048 0
    outer loop
      vertex 8.165063509461095 29.65 2
      vertex 8.165063509461095 29.65 8
      vertex 8.309698831278217 29.356708580912724 8
    endloop
  endfacet
  facet normal 0.7518398074789784 0.6593458151000677 0
    outer loop
      vertex 7.767766952966369 30.167766952966367 2
      vertex 7.767766952966369 30.167766952966367 8
      vertex 7.983383350728088 29.9219035725218 8
    endloop
  endfacet
  facet normal 0.6593458151000661 0.7518398074789798 0
    outer loop
      vertex 7.767766952966369 30.167766952966367 2
      vertex 7.5219035725218015 30.383383350728085 8
      vertex 7.767766952966369 30.167766952966367 8
    endloop
  endfacet
  facet normal 0.8314696123025463 0.5555702330196005 0
    outer loop
      vertex 7.983383350728088 29.9219035725218 2
      vertex 7.983383350728088 29.9219035725218 8
      vertex 8.165063509461095 29.65 8
    endloop
  endfacet
  facet normal 0.9469301294951059 0.3214394653031609 0
    outer loop
      vertex 8.309698831278217 29.356708580912724 2
      vertex 8.309698831278217 29.356708580912724 8
      vertex 8.41481456572267 29.0470476127563 8
    endloop
  endfacet
  facet normal 0 0 1
    outer loop
      vertex 6.956708580912725 26.09030116872178 8
      vertex 6.956708580912725 30.709698831278217 8
      vertex 6.647047612756301 30.81481456572267 8
    endloop
  endfacet
  facet normal 0 0 1
    outer loop
      vertex 7.25 26.234936490538903 8
      vertex 7.25 30.565063509461094 8
      vertex 6.956708580912725 30.709698831278217 8
    endloop
  endfacet
  facet normal 0 0 1
    outer loop
      vertex 7.5219035725218015 26.416616649271912 8
      vertex 7.5219035725218015 30.383383350728085 8
      vertex 7.25 30.565063509461094 8
    endloop
  endfacet
  facet normal 0 0 1
    outer loop
      vertex 6.326315480550129 25.921387846565473 8
      vertex 6.326315480550129 30.878612153434524 8
      vertex 6 30.9 8
    endloop
  endfacet
  facet normal 0 0 1
    outer loop
      vertex 6.647047612756301 25.985185434277327 8
      vertex 6.647047612756301 30.81481456572267 8
      vertex 6.326315480550129 30.878612153434524 8
    endloop
  endfacet
  facet normal 0 0 1
    outer loop
      vertex 8.165063509461095 27.15 8
      vertex 8.309698831278217 27.443291419087274 8
      vertex 8.165063509461095 29.65 8
    endloop
  endfacet
  facet normal 0 0 1
    outer loop
      vertex 7.767766952966369 26.63223304703363 8
      vertex 7.767766952966369 30.167766952966367 8
      vertex 7.5219035725218015 30.383383350728085 8
    endloop
  endfacet
  facet normal 0 0 1
    outer loop
      vertex 8.165063509461095 27.15 8
      vertex 8.165063509461095 29.65 8
      vertex 7.983383350728088 29.9219035725218 8
    endloop
  endfacet
  facet normal 0 0 1
    outer loop
      vertex 7.983383350728088 26.878096427478198 8
      vertex 7.983383350728088 29.9219035725218 8
      vertex 7.767766952966369 30.167766952966367 8
    endloop
  endfacet
  facet normal 0 0 1
    outer loop
      vertex 8.309698831278217 27.443291419087274 8
      vertex 8.41481456572267 27.752952387243695 8
      vertex 8.309698831278217 29.356708580912724 8
    endloop
  endfacet
  facet normal 0 0 1
    outer loop
      vertex 8.41481456572267 27.752952387243695 8
      vertex 8.478612153434526 28.07368451944987 8
      vertex 8.41481456572267 29.0470476127563 8
    endloop
  endfacet
  facet normal 0 0 1
    outer loop
      vertex 8.478612153434526 28.07368451944987 8
      vertex 8.5 28.4 8
      vertex 8.478612153434526 28.726315480550127 8
    endloop
  endfacet
  facet normal 0 0 1
    outer loop
      vertex 8.478612153434526 28.07368451944987 8
      vertex 8.478612153434526 28.726315480550127 8
      vertex 8.41481456572267 29.0470476127563 8
    endloop
  endfacet
  facet normal 0 0 1
    outer loop
      vertex 8.41481456572267 27.752952387243695 8
      vertex 8.41481456572267 29.0470476127563 8
      vertex 8.309698831278217 29.356708580912724 8
    endloop
  endfacet
  facet normal 0 0 1
    outer loop
      vertex 8.309698831278217 27.443291419087274 8
      vertex 8.309698831278217 29.356708580912724 8
      vertex 8.165063509461095 29.65 8
    endloop
  endfacet
  facet normal 0.06540312923014452 0.9978589232386034 0
    outer loop
      vertex 6.326315480550129 30.878612153434524 2
      vertex 6 30.9 8
      vertex 6.326315480550129 30.878612153434524 8
    endloop
  endfacet
  facet normal 0.19509032201612309 0.9807852804032314 0
    outer loop
      vertex 6.647047612756301 30.81481456572267 2
      vertex 6.326315480550129 30.878612153434524 8
      vertex 6.647047612756301 30.81481456572267 8
    endloop
  endfacet
  facet normal 0.32143946530315926 0.9469301294951064 0
    outer loop
      vertex 6.956708580912725 30.709698831278217 2
      vertex 6.647047612756301 30.81481456572267 8
      vertex 6.956708580912725 30.709698831278217 8
    endloop
  endfacet
  facet normal 0.4422886902190092 0.8968727415326844 0
    outer loop
      vertex 7.25 30.565063509461094 2
      vertex 6.956708580912725 30.709698831278217 8
      vertex 7.25 30.565063509461094 8
    endloop
  endfacet
  facet normal 0.555570233019603 0.8314696123025447 0
    outer loop
      vertex 7.5219035725218015 30.383383350728085 2
      vertex 7.25 30.565063509461094 8
      vertex 7.5219035725218015 30.383383350728085 8
    endloop
  endfacet
  facet normal -0.6593458151000677 -0.7518398074789784 3.1753575341629183e-19
    outer loop
      vertex 22.23223304703363 8.232233047033631 2
      vertex 22.4780964274782 8.016616649271912 2
      vertex 22.4780964274782 8.016616649271912 8
    endloop
  endfacet
  facet normal -0.9469301294951064 -0.32143946530315926 1.3613703507968243e-18
    outer loop
      vertex 21.69030116872178 9.043291419087275 2
      vertex 21.585185434277328 9.352952387243699 8
      vertex 21.585185434277328 9.352952387243699 2
    endloop
  endfacet
  facet normal -0.8314696123025439 -0.5555702330196043 0
    outer loop
      vertex 21.834936490538905 8.75 2
      vertex 22.016616649271914 8.4780964274782 2
      vertex 21.834936490538905 8.75 8
    endloop
  endfacet
  facet normal -0.7518398074789809 -0.6593458151000646 0
    outer loop
      vertex 22.016616649271914 8.4780964274782 2
      vertex 22.23223304703363 8.232233047033631 2
      vertex 22.016616649271914 8.4780964274782 8
    endloop
  endfacet
  facet normal -0.8968727415326844 -0.4422886902190092 0
    outer loop
      vertex 21.69030116872178 9.043291419087275 2
      vertex 21.834936490538905 8.75 2
      vertex 21.69030116872178 9.043291419087275 8
    endloop
  endfacet
  facet normal -0.5555702330196024 -0.8314696123025451 0
    outer loop
      vertex 22.75 7.834936490538904 2
      vertex 22.75 7.834936490538904 8
      vertex 22.4780964274782 8.016616649271912 2
    endloop
  endfacet
  facet normal -0.44228869021900263 -0.8968727415326876 -6.461436053434137e-19
    outer loop
      vertex 22.75 7.834936490538904 2
      vertex 23.043291419087275 7.690301168721783 2
      vertex 23.043291419087275 7.690301168721783 8
    endloop
  endfacet
  facet normal -0.1950903220161273 -0.9807852804032307 -5.924371615173237e-19
    outer loop
      vertex 23.352952387243697 7.58518543427733 2
      vertex 23.67368451944987 7.521387846565474 2
      vertex 23.67368451944987 7.521387846565474 8
    endloop
  endfacet
  facet normal -0.06540312923014452 -0.9978589232386034 -9.905971698364999e-20
    outer loop
      vertex 23.67368451944987 7.521387846565474 2
      vertex 24 7.5 2
      vertex 24 7.5 8
    endloop
  endfacet
  facet normal -0.3214394653031609 -0.9469301294951059 1.0417721889089804e-18
    outer loop
      vertex 23.043291419087275 7.690301168721783 2
      vertex 23.352952387243697 7.58518543427733 2
      vertex 23.352952387243697 7.58518543427733 8
    endloop
  endfacet
  facet normal -0.6593458151000677 -0.7518398074789784 0
    outer loop
      vertex 22.23223304703363 8.232233047033631 2
      vertex 22.4780964274782 8.016616649271912 8
      vertex 22.23223304703363 8.232233047033631 8
    endloop
  endfacet
  facet normal -0.9469301294951064 -0.32143946530315926 0
    outer loop
      vertex 21.69030116872178 9.043291419087275 2
      vertex 21.69030116872178 9.043291419087275 8
      vertex 21.585185434277328 9.352952387243699 8
    endloop
  endfacet
  facet normal -0.8314696123025439 -0.5555702330196043 0
    outer loop
      vertex 22.016616649271914 8.4780964274782 2
      vertex 22.016616649271914 8.4780964274782 8
      vertex 21.834936490538905 8.75 8
    endloop
  endfacet
  facet normal -0.7518398074789809 -0.6593458151000646 0
    outer loop
      vertex 22.23223304703363 8.232233047033631 2
      vertex 22.23223304703363 8.232233047033631 8
      vertex 22.016616649271914 8.4780964274782 8
    endloop
  endfacet
  facet normal -0.8968727415326844 -0.4422886902190092 0
    outer loop
      vertex 21.834936490538905 8.75 2
      vertex 21.834936490538905 8.75 8
      vertex 21.69030116872178 9.043291419087275 8
    endloop
  endfacet
  facet normal -0.5555702330196024 -0.8314696123025451 0
    outer loop
      vertex 22.4780964274782 8.016616649271912 2
      vertex 22.75 7.834936490538904 8
      vertex 22.4780964274782 8.016616649271912 8
    endloop
  endfacet
  facet normal -0.44228869021900263 -0.8968727415326876 0
    outer loop
      vertex 22.75 7.834936490538904 2
      vertex 23.043291419087275 7.690301168721783 8
      vertex 22.75 7.834936490538904 8
    endloop
  endfacet
  facet normal -0.3214394653031609 -0.9469301294951059 0
    outer loop
      vertex 23.043291419087275 7.690301168721783 2
      vertex 23.352952387243697 7.58518543427733 8
      vertex 23.043291419087275 7.690301168721783 8
    endloop
  endfacet
  facet normal -0.1950903220161273 -0.9807852804032307 0
    outer loop
      vertex 23.352952387243697 7.58518543427733 2
      vertex 23.67368451944987 7.521387846565474 8
      vertex 23.352952387243697 7.58518543427733 8
    endloop
  endfacet
  facet normal -0.06540312923014452 -0.9978589232386034 0
    outer loop
      vertex 23.67368451944987 7.521387846565474 2
      vertex 24 7.5 8
      vertex 23.67368451944987 7.521387846565474 8
    endloop
  endfacet
  facet normal 0 0 1
    outer loop
      vertex 22.23223304703363 8.232233047033631 8
      vertex 22.4780964274782 8.016616649271912 8
      vertex 22.23223304703363 11.767766952966369 8
    endloop
  endfacet
  facet normal 0 0 1
    outer loop
      vertex 22.75 7.834936490538904 8
      vertex 22.4780964274782 11.983383350728088 8
      vertex 22.4780964274782 8.016616649271912 8
    endloop
  endfacet
  facet normal 0 0 1
    outer loop
      vertex 22.75 7.834936490538904 8
      vertex 23.043291419087275 7.690301168721783 8
      vertex 22.75 12.165063509461095 8
    endloop
  endfacet
  facet normal 0 0 1
    outer loop
      vertex 23.043291419087275 7.690301168721783 8
      vertex 23.352952387243697 7.58518543427733 8
      vertex 23.043291419087275 12.309698831278217 8
    endloop
  endfacet
  facet normal 0 0 1
    outer loop
      vertex 23.352952387243697 7.58518543427733 8
      vertex 23.67368451944987 7.521387846565474 8
      vertex 23.352952387243697 12.41481456572267 8
    endloop
  endfacet
  facet normal 0 0 1
    outer loop
      vertex 23.67368451944987 7.521387846565474 8
      vertex 24 7.5 8
      vertex 23.67368451944987 12.478612153434526 8
    endloop
  endfacet
  facet normal -0.9807852804032314 -0.19509032201612309 -8.060108394860079e-19
    outer loop
      vertex 21.585185434277328 9.352952387243699 2
      vertex 21.521387846565474 9.673684519449871 8
      vertex 21.521387846565474 9.673684519449871 2
    endloop
  endfacet
  facet normal -0.9978589232386034 -0.06540312923014452 -9.905971698364999e-20
    outer loop
      vertex 21.521387846565474 9.673684519449871 2
      vertex 21.5 10 8
      vertex 21.5 10 2
    endloop
  endfacet
  facet normal -0.9978589232386034 0.06540312923014452 9.905971698364999e-20
    outer loop
      vertex 21.5 10 2
      vertex 21.521387846565474 10.326315480550129 8
      vertex 21.521387846565474 10.326315480550129 2
    endloop
  endfacet
  facet normal -0.9807852804032314 0.19509032201612309 8.060108394860079e-19
    outer loop
      vertex 21.521387846565474 10.326315480550129 2
      vertex 21.585185434277328 10.647047612756301 8
      vertex 21.585185434277328 10.647047612756301 2
    endloop
  endfacet
  facet normal -0.9469301294951064 0.32143946530315926 -1.3613703507968243e-18
    outer loop
      vertex 21.585185434277328 10.647047612756301 2
      vertex 21.69030116872178 10.956708580912725 8
      vertex 21.69030116872178 10.956708580912725 2
    endloop
  endfacet
  facet normal -0.8968727415326844 0.4422886902190092 -6.839068181383053e-19
    outer loop
      vertex 21.69030116872178 10.956708580912725 2
      vertex 21.834936490538905 11.25 8
      vertex 21.834936490538905 11.25 2
    endloop
  endfacet
  facet normal -0.8314696123025439 0.5555702330196043 4.157778064157994e-19
    outer loop
      vertex 21.834936490538905 11.25 2
      vertex 22.016616649271914 11.5219035725218 8
      vertex 22.016616649271914 11.5219035725218 2
    endloop
  endfacet
  facet normal -0.7518398074789809 0.6593458151000646 -1.089735942873642e-19
    outer loop
      vertex 22.016616649271914 11.5219035725218 2
      vertex 22.23223304703363 11.767766952966369 8
      vertex 22.23223304703363 11.767766952966369 2
    endloop
  endfacet
  facet normal -0.6593458151000677 0.7518398074789784 0
    outer loop
      vertex 22.23223304703363 11.767766952966369 2
      vertex 22.23223304703363 11.767766952966369 8
      vertex 22.4780964274782 11.983383350728088 2
    endloop
  endfacet
  facet normal -0.5555702330196005 0.8314696123025463 0
    outer loop
      vertex 22.4780964274782 11.983383350728088 2
      vertex 22.4780964274782 11.983383350728088 8
      vertex 22.75 12.165063509461095 2
    endloop
  endfacet
  facet normal -0.4422886902190048 0.8968727415326865 0
    outer loop
      vertex 22.75 12.165063509461095 2
      vertex 22.75 12.165063509461095 8
      vertex 23.043291419087275 12.309698831278217 2
    endloop
  endfacet
  facet normal -0.3214394653031609 0.9469301294951059 0
    outer loop
      vertex 23.043291419087275 12.309698831278217 2
      vertex 23.043291419087275 12.309698831278217 8
      vertex 23.352952387243697 12.41481456572267 2
    endloop
  endfacet
  facet normal -0.1950903220161273 0.9807852804032307 0
    outer loop
      vertex 23.352952387243697 12.41481456572267 2
      vertex 23.352952387243697 12.41481456572267 8
      vertex 23.67368451944987 12.478612153434526 2
    endloop
  endfacet
  facet normal -0.06540312923014452 0.9978589232386034 0
    outer loop
      vertex 23.67368451944987 12.478612153434526 2
      vertex 23.67368451944987 12.478612153434526 8
      vertex 24 12.5 2
    endloop
  endfacet
  facet normal -0.9807852804032314 -0.19509032201612309 0
    outer loop
      vertex 21.585185434277328 9.352952387243699 2
      vertex 21.585185434277328 9.352952387243699 8
      vertex 21.521387846565474 9.673684519449871 8
    endloop
  endfacet
  facet normal -0.9978589232386034 -0.06540312923014452 0
    outer loop
      vertex 21.521387846565474 9.673684519449871 2
      vertex 21.521387846565474 9.673684519449871 8
      vertex 21.5 10 8
    endloop
  endfacet
  facet normal -0.9978589232386034 0.06540312923014452 0
    outer loop
      vertex 21.5 10 2
      vertex 21.5 10 8
      vertex 21.521387846565474 10.326315480550129 8
    endloop
  endfacet
  facet normal -0.9807852804032314 0.19509032201612309 0
    outer loop
      vertex 21.521387846565474 10.326315480550129 2
      vertex 21.521387846565474 10.326315480550129 8
      vertex 21.585185434277328 10.647047612756301 8
    endloop
  endfacet
  facet normal -0.9469301294951064 0.32143946530315926 0
    outer loop
      vertex 21.585185434277328 10.647047612756301 2
      vertex 21.585185434277328 10.647047612756301 8
      vertex 21.69030116872178 10.956708580912725 8
    endloop
  endfacet
  facet normal -0.8968727415326844 0.4422886902190092 0
    outer loop
      vertex 21.69030116872178 10.956708580912725 2
      vertex 21.69030116872178 10.956708580912725 8
      vertex 21.834936490538905 11.25 8
    endloop
  endfacet
  facet normal -0.8314696123025439 0.5555702330196043 0
    outer loop
      vertex 21.834936490538905 11.25 2
      vertex 21.834936490538905 11.25 8
      vertex 22.016616649271914 11.5219035725218 8
    endloop
  endfacet
  facet normal -0.7518398074789809 0.6593458151000646 0
    outer loop
      vertex 22.016616649271914 11.5219035725218 2
      vertex 22.016616649271914 11.5219035725218 8
      vertex 22.23223304703363 11.767766952966369 8
    endloop
  endfacet
  facet normal 0 0 1
    outer loop
      vertex 21.585185434277328 9.352952387243699 8
      vertex 21.521387846565474 10.326315480550129 8
      vertex 21.521387846565474 9.673684519449871 8
    endloop
  endfacet
  facet normal 0 0 1
    outer loop
      vertex 21.69030116872178 9.043291419087275 8
      vertex 21.585185434277328 10.647047612756301 8
      vertex 21.585185434277328 9.352952387243699 8
    endloop
  endfacet
  facet normal 0 0 1
    outer loop
      vertex 21.521387846565474 9.673684519449871 8
      vertex 21.521387846565474 10.326315480550129 8
      vertex 21.5 10 8
    endloop
  endfacet
  facet normal 0 0 1
    outer loop
      vertex 21.585185434277328 9.352952387243699 8
      vertex 21.585185434277328 10.647047612756301 8
      vertex 21.521387846565474 10.326315480550129 8
    endloop
  endfacet
  facet normal 0 0 1
    outer loop
      vertex 21.69030116872178 9.043291419087275 8
      vertex 21.69030116872178 10.956708580912725 8
      vertex 21.585185434277328 10.647047612756301 8
    endloop
  endfacet
  facet normal 0 0 1
    outer loop
      vertex 21.834936490538905 8.75 8
      vertex 22.016616649271914 8.4780964274782 8
      vertex 21.834936490538905 11.25 8
    endloop
  endfacet
  facet normal 0 0 1
    outer loop
      vertex 21.69030116872178 9.043291419087275 8
      vertex 21.834936490538905 8.75 8
      vertex 21.69030116872178 10.956708580912725 8
    endloop
  endfacet
  facet normal 0 0 1
    outer loop
      vertex 22.016616649271914 8.4780964274782 8
      vertex 22.23223304703363 8.232233047033631 8
      vertex 22.016616649271914 11.5219035725218 8
    endloop
  endfacet
  facet normal 0 0 1
    outer loop
      vertex 21.834936490538905 8.75 8
      vertex 21.834936490538905 11.25 8
      vertex 21.69030116872178 10.956708580912725 8
    endloop
  endfacet
  facet normal 0 0 1
    outer loop
      vertex 22.016616649271914 8.4780964274782 8
      vertex 22.016616649271914 11.5219035725218 8
      vertex 21.834936490538905 11.25 8
    endloop
  endfacet
  facet normal 0 0 1
    outer loop
      vertex 22.23223304703363 8.232233047033631 8
      vertex 22.23223304703363 11.767766952966369 8
      vertex 22.016616649271914 11.5219035725218 8
    endloop
  endfacet
  facet normal 0 0 1
    outer loop
      vertex 22.4780964274782 8.016616649271912 8
      vertex 22.4780964274782 11.983383350728088 8
      vertex 22.23223304703363 11.767766952966369 8
    endloop
  endfacet
  facet normal 0 0 1
    outer loop
      vertex 22.75 7.834936490538904 8
      vertex 22.75 12.165063509461095 8
      vertex 22.4780964274782 11.983383350728088 8
    endloop
  endfacet
  facet normal 0 0 1
    outer loop
      vertex 23.043291419087275 7.690301168721783 8
      vertex 23.043291419087275 12.309698831278217 8
      vertex 22.75 12.165063509461095 8
    endloop
  endfacet
  facet normal 0 0 1
    outer loop
      vertex 23.352952387243697 7.58518543427733 8
      vertex 23.352952387243697 12.41481456572267 8
      vertex 23.043291419087275 12.309698831278217 8
    endloop
  endfacet
  facet normal 0 0 1
    outer loop
      vertex 23.67368451944987 7.521387846565474 8
      vertex 23.67368451944987 12.478612153434526 8
      vertex 23.352952387243697 12.41481456572267 8
    endloop
  endfacet
  facet normal 0 0 1
    outer loop
      vertex 23.67368451944987 12.478612153434526 8
      vertex 24 7.5 8
      vertex 24 12.5 8
    endloop
  endfacet
  facet normal -0.6593458151000677 0.7518398074789784 0
    outer loop
      vertex 22.4780964274782 11.983383350728088 2
      vertex 22.23223304703363 11.767766952966369 8
      vertex 22.4780964274782 11.983383350728088 8
    endloop
  endfacet
  facet normal -0.5555702330196005 0.8314696123025463 0
    outer loop
      vertex 22.75 12.165063509461095 2
      vertex 22.4780964274782 11.983383350728088 8
      vertex 22.75 12.165063509461095 8
    endloop
  endfacet
  facet normal -0.4422886902190048 0.8968727415326865 0
    outer loop
      vertex 23.043291419087275 12.309698831278217 2
      vertex 22.75 12.165063509461095 8
      vertex 23.043291419087275 12.309698831278217 8
    endloop
  endfacet
  facet normal -0.3214394653031609 0.9469301294951059 0
    outer loop
      vertex 23.352952387243697 12.41481456572267 2
      vertex 23.043291419087275 12.309698831278217 8
      vertex 23.352952387243697 12.41481456572267 8
    endloop
  endfacet
  facet normal -0.1950903220161273 0.9807852804032307 0
    outer loop
      vertex 23.67368451944987 12.478612153434526 2
      vertex 23.352952387243697 12.41481456572267 8
      vertex 23.67368451944987 12.478612153434526 8
    endloop
  endfacet
  facet normal -0.06540312923014452 0.9978589232386034 9.905971698364999e-20
    outer loop
      vertex 23.67368451944987 12.478612153434526 8
      vertex 24 12.5 8
      vertex 24 12.5 2
    endloop
  endfacet
  facet normal 0.06540312923014452 -0.9978589232386034 9.905971698364999e-20
    outer loop
      vertex 24 7.5 2
      vertex 24.32631548055013 7.521387846565474 2
      vertex 24.32631548055013 7.521387846565474 8
    endloop
  endfacet
  facet normal 0.1950903220161273 -0.9807852804032307 5.924371615173237e-19
    outer loop
      vertex 24.32631548055013 7.521387846565474 2
      vertex 24.647047612756303 7.58518543427733 2
      vertex 24.647047612756303 7.58518543427733 8
    endloop
  endfacet
  facet normal 0.3214394653031609 -0.9469301294951059 -1.0417721889089804e-18
    outer loop
      vertex 24.647047612756303 7.58518543427733 2
      vertex 24.956708580912725 7.690301168721783 2
      vertex 24.956708580912725 7.690301168721783 8
    endloop
  endfacet
  facet normal 0.44228869021900263 -0.8968727415326876 6.461436053434137e-19
    outer loop
      vertex 24.956708580912725 7.690301168721783 2
      vertex 25.25 7.834936490538904 2
      vertex 25.25 7.834936490538904 8
    endloop
  endfacet
  facet normal 0.5555702330196024 -0.8314696123025451 1.110138713178961e-18
    outer loop
      vertex 25.25 7.834936490538904 2
      vertex 25.5219035725218 8.016616649271912 2
      vertex 25.5219035725218 8.016616649271912 8
    endloop
  endfacet
  facet normal 0.6593458151000677 -0.7518398074789784 -3.1753575341629183e-19
    outer loop
      vertex 25.5219035725218 8.016616649271912 2
      vertex 25.76776695296637 8.232233047033631 2
      vertex 25.76776695296637 8.232233047033631 8
    endloop
  endfacet
  facet normal 0.7518398074789809 -0.6593458151000646 0
    outer loop
      vertex 25.76776695296637 8.232233047033631 2
      vertex 25.983383350728086 8.4780964274782 2
      vertex 25.76776695296637 8.232233047033631 8
    endloop
  endfacet
  facet normal 0.8314696123025439 -0.5555702330196043 0
    outer loop
      vertex 25.983383350728086 8.4780964274782 2
      vertex 26.165063509461095 8.75 2
      vertex 25.983383350728086 8.4780964274782 8
    endloop
  endfacet
  facet normal 0.8968727415326844 -0.4422886902190092 0
    outer loop
      vertex 26.165063509461095 8.75 2
      vertex 26.30969883127822 9.043291419087275 2
      vertex 26.165063509461095 8.75 8
    endloop
  endfacet
  facet normal 0.9469301294951064 -0.32143946530315926 0
    outer loop
      vertex 26.30969883127822 9.043291419087275 2
      vertex 26.414814565722672 9.352952387243699 2
      vertex 26.30969883127822 9.043291419087275 8
    endloop
  endfacet
  facet normal 0.06540312923014452 -0.9978589232386034 0
    outer loop
      vertex 24 7.5 2
      vertex 24.32631548055013 7.521387846565474 8
      vertex 24 7.5 8
    endloop
  endfacet
  facet normal 0.1950903220161273 -0.9807852804032307 0
    outer loop
      vertex 24.32631548055013 7.521387846565474 2
      vertex 24.647047612756303 7.58518543427733 8
      vertex 24.32631548055013 7.521387846565474 8
    endloop
  endfacet
  facet normal 0.3214394653031609 -0.9469301294951059 0
    outer loop
      vertex 24.647047612756303 7.58518543427733 2
      vertex 24.956708580912725 7.690301168721783 8
      vertex 24.647047612756303 7.58518543427733 8
    endloop
  endfacet
  facet normal 0.44228869021900263 -0.8968727415326876 0
    outer loop
      vertex 24.956708580912725 7.690301168721783 2
      vertex 25.25 7.834936490538904 8
      vertex 24.956708580912725 7.690301168721783 8
    endloop
  endfacet
  facet normal 0.5555702330196024 -0.8314696123025451 0
    outer loop
      vertex 25.25 7.834936490538904 2
      vertex 25.5219035725218 8.016616649271912 8
      vertex 25.25 7.834936490538904 8
    endloop
  endfacet
  facet normal 0.6593458151000677 -0.7518398074789784 0
    outer loop
      vertex 25.5219035725218 8.016616649271912 2
      vertex 25.76776695296637 8.232233047033631 8
      vertex 25.5219035725218 8.016616649271912 8
    endloop
  endfacet
  facet normal 0.7518398074789809 -0.6593458151000646 0
    outer loop
      vertex 25.983383350728086 8.4780964274782 2
      vertex 25.983383350728086 8.4780964274782 8
      vertex 25.76776695296637 8.232233047033631 8
    endloop
  endfacet
  facet normal 0.8314696123025439 -0.5555702330196043 0
    outer loop
      vertex 26.165063509461095 8.75 2
      vertex 26.165063509461095 8.75 8
      vertex 25.983383350728086 8.4780964274782 8
    endloop
  endfacet
  facet normal 0.8968727415326844 -0.4422886902190092 0
    outer loop
      vertex 26.30969883127822 9.043291419087275 2
      vertex 26.30969883127822 9.043291419087275 8
      vertex 26.165063509461095 8.75 8
    endloop
  endfacet
  facet normal 0.9469301294951064 -0.32143946530315926 -1.3613703507968243e-18
    outer loop
      vertex 26.30969883127822 9.043291419087275 8
      vertex 26.414814565722672 9.352952387243699 2
      vertex 26.414814565722672 9.352952387243699 8
    endloop
  endfacet
  facet normal 0 0 1
    outer loop
      vertex 24 7.5 8
      vertex 24.32631548055013 7.521387846565474 8
      vertex 24 12.5 8
    endloop
  endfacet
  facet normal 0 0 1
    outer loop
      vertex 24.32631548055013 7.521387846565474 8
      vertex 24.647047612756303 7.58518543427733 8
      vertex 24.32631548055013 12.478612153434526 8
    endloop
  endfacet
  facet normal 0 0 1
    outer loop
      vertex 24.647047612756303 7.58518543427733 8
      vertex 24.956708580912725 7.690301168721783 8
      vertex 24.647047612756303 12.41481456572267 8
    endloop
  endfacet
  facet normal 0 0 1
    outer loop
      vertex 24.956708580912725 7.690301168721783 8
      vertex 25.25 7.834936490538904 8
      vertex 24.956708580912725 12.309698831278217 8
    endloop
  endfacet
  facet normal 0 0 1
    outer loop
      vertex 25.25 7.834936490538904 8
      vertex 25.5219035725218 8.016616649271912 8
      vertex 25.25 12.165063509461095 8
    endloop
  endfacet
  facet normal 0.9807852804032314 -0.19509032201612309 0
    outer loop
      vertex 26.414814565722672 9.352952387243699 2
      vertex 26.478612153434526 9.673684519449871 2
      vertex 26.414814565722672 9.352952387243699 8
    endloop
  endfacet
  facet normal 0.9978589232386034 -0.06540312923014452 0
    outer loop
      vertex 26.478612153434526 9.673684519449871 2
      vertex 26.5 10 2
      vertex 26.478612153434526 9.673684519449871 8
    endloop
  endfacet
  facet normal 0.9978589232386034 0.06540312923014452 0
    outer loop
      vertex 26.5 10 2
      vertex 26.478612153434526 10.326315480550129 2
      vertex 26.5 10 8
    endloop
  endfacet
  facet normal 0.9807852804032314 0.19509032201612309 0
    outer loop
      vertex 26.478612153434526 10.326315480550129 2
      vertex 26.414814565722672 10.647047612756301 2
      vertex 26.478612153434526 10.326315480550129 8
    endloop
  endfacet
  facet normal 0.8314696123025439 0.5555702330196043 0
    outer loop
      vertex 26.165063509461095 11.25 2
      vertex 25.983383350728086 11.5219035725218 2
      vertex 26.165063509461095 11.25 8
    endloop
  endfacet
  facet normal 0.7518398074789809 0.6593458151000646 0
    outer loop
      vertex 25.983383350728086 11.5219035725218 2
      vertex 25.76776695296637 11.767766952966369 2
      vertex 25.983383350728086 11.5219035725218 8
    endloop
  endfacet
  facet normal 0.9469301294951064 0.32143946530315926 0
    outer loop
      vertex 26.414814565722672 10.647047612756301 2
      vertex 26.30969883127822 10.956708580912725 2
      vertex 26.414814565722672 10.647047612756301 8
    endloop
  endfacet
  facet normal 0.8968727415326844 0.4422886902190092 6.839068181383053e-19
    outer loop
      vertex 26.165063509461095 11.25 2
      vertex 26.30969883127822 10.956708580912725 8
      vertex 26.30969883127822 10.956708580912725 2
    endloop
  endfacet
  facet normal 0.06540312923014452 0.9978589232386034 0
    outer loop
      vertex 24 12.5 2
      vertex 24 12.5 8
      vertex 24.32631548055013 12.478612153434526 2
    endloop
  endfacet
  facet normal 0.1950903220161273 0.9807852804032307 0
    outer loop
      vertex 24.32631548055013 12.478612153434526 2
      vertex 24.32631548055013 12.478612153434526 8
      vertex 24.647047612756303 12.41481456572267 2
    endloop
  endfacet
  facet normal 0.4422886902190048 0.8968727415326865 9.7603118934752e-19
    outer loop
      vertex 25.25 12.165063509461095 2
      vertex 24.956708580912725 12.309698831278217 2
      vertex 24.956708580912725 12.309698831278217 8
    endloop
  endfacet
  facet normal 0.5555702330196005 0.8314696123025463 0
    outer loop
      vertex 25.25 12.165063509461095 2
      vertex 25.25 12.165063509461095 8
      vertex 25.5219035725218 11.983383350728088 2
    endloop
  endfacet
  facet normal 0.3214394653031609 0.9469301294951059 0
    outer loop
      vertex 24.647047612756303 12.41481456572267 2
      vertex 24.647047612756303 12.41481456572267 8
      vertex 24.956708580912725 12.309698831278217 2
    endloop
  endfacet
  facet normal 0.6593458151000677 0.7518398074789784 3.1753575341629183e-19
    outer loop
      vertex 25.76776695296637 11.767766952966369 2
      vertex 25.5219035725218 11.983383350728088 2
      vertex 25.5219035725218 11.983383350728088 8
    endloop
  endfacet
  facet normal 0.9807852804032314 -0.19509032201612309 0
    outer loop
      vertex 26.478612153434526 9.673684519449871 2
      vertex 26.478612153434526 9.673684519449871 8
      vertex 26.414814565722672 9.352952387243699 8
    endloop
  endfacet
  facet normal 0.9978589232386034 -0.06540312923014452 0
    outer loop
      vertex 26.5 10 2
      vertex 26.5 10 8
      vertex 26.478612153434526 9.673684519449871 8
    endloop
  endfacet
  facet normal 0.9978589232386034 0.06540312923014452 0
    outer loop
      vertex 26.478612153434526 10.326315480550129 2
      vertex 26.478612153434526 10.326315480550129 8
      vertex 26.5 10 8
    endloop
  endfacet
  facet normal 0.7518398074789809 0.6593458151000646 0
    outer loop
      vertex 25.76776695296637 11.767766952966369 2
      vertex 25.76776695296637 11.767766952966369 8
      vertex 25.983383350728086 11.5219035725218 8
    endloop
  endfacet
  facet normal 0.8314696123025439 0.5555702330196043 0
    outer loop
      vertex 25.983383350728086 11.5219035725218 2
      vertex 25.983383350728086 11.5219035725218 8
      vertex 26.165063509461095 11.25 8
    endloop
  endfacet
  facet normal 0.9807852804032314 0.19509032201612309 0
    outer loop
      vertex 26.414814565722672 10.647047612756301 2
      vertex 26.414814565722672 10.647047612756301 8
      vertex 26.478612153434526 10.326315480550129 8
    endloop
  endfacet
  facet normal 0.9469301294951064 0.32143946530315926 0
    outer loop
      vertex 26.30969883127822 10.956708580912725 2
      vertex 26.30969883127822 10.956708580912725 8
      vertex 26.414814565722672 10.647047612756301 8
    endloop
  endfacet
  facet normal 0.8968727415326844 0.4422886902190092 0
    outer loop
      vertex 26.165063509461095 11.25 2
      vertex 26.165063509461095 11.25 8
      vertex 26.30969883127822 10.956708580912725 8
    endloop
  endfacet
  facet normal 0 0 1
    outer loop
      vertex 24.32631548055013 7.521387846565474 8
      vertex 24.32631548055013 12.478612153434526 8
      vertex 24 12.5 8
    endloop
  endfacet
  facet normal 0 0 1
    outer loop
      vertex 24.647047612756303 7.58518543427733 8
      vertex 24.647047612756303 12.41481456572267 8
      vertex 24.32631548055013 12.478612153434526 8
    endloop
  endfacet
  facet normal 0 0 1
    outer loop
      vertex 24.956708580912725 7.690301168721783 8
      vertex 24.956708580912725 12.309698831278217 8
      vertex 24.647047612756303 12.41481456572267 8
    endloop
  endfacet
  facet normal 0 0 1
    outer loop
      vertex 25.25 7.834936490538904 8
      vertex 25.25 12.165063509461095 8
      vertex 24.956708580912725 12.309698831278217 8
    endloop
  endfacet
  facet normal 0 0 1
    outer loop
      vertex 25.5219035725218 8.016616649271912 8
      vertex 25.5219035725218 11.983383350728088 8
      vertex 25.25 12.165063509461095 8
    endloop
  endfacet
  facet normal 0 0 1
    outer loop
      vertex 25.5219035725218 8.016616649271912 8
      vertex 25.76776695296637 8.232233047033631 8
      vertex 25.5219035725218 11.983383350728088 8
    endloop
  endfacet
  facet normal 0 0 1
    outer loop
      vertex 25.76776695296637 8.232233047033631 8
      vertex 25.983383350728086 8.4780964274782 8
      vertex 25.76776695296637 11.767766952966369 8
    endloop
  endfacet
  facet normal 0 0 1
    outer loop
      vertex 25.983383350728086 8.4780964274782 8
      vertex 26.165063509461095 8.75 8
      vertex 25.983383350728086 11.5219035725218 8
    endloop
  endfacet
  facet normal 0 0 1
    outer loop
      vertex 26.165063509461095 8.75 8
      vertex 26.165063509461095 11.25 8
      vertex 25.983383350728086 11.5219035725218 8
    endloop
  endfacet
  facet normal 0 0 1
    outer loop
      vertex 26.165063509461095 8.75 8
      vertex 26.30969883127822 9.043291419087275 8
      vertex 26.165063509461095 11.25 8
    endloop
  endfacet
  facet normal 0 0 1
    outer loop
      vertex 26.30969883127822 9.043291419087275 8
      vertex 26.414814565722672 9.352952387243699 8
      vertex 26.30969883127822 10.956708580912725 8
    endloop
  endfacet
  facet normal 0 0 1
    outer loop
      vertex 26.414814565722672 9.352952387243699 8
      vertex 26.478612153434526 9.673684519449871 8
      vertex 26.414814565722672 10.647047612756301 8
    endloop
  endfacet
  facet normal 0 0 1
    outer loop
      vertex 26.478612153434526 9.673684519449871 8
      vertex 26.5 10 8
      vertex 26.478612153434526 10.326315480550129 8
    endloop
  endfacet
  facet normal 0 0 1
    outer loop
      vertex 26.478612153434526 9.673684519449871 8
      vertex 26.478612153434526 10.326315480550129 8
      vertex 26.414814565722672 10.647047612756301 8
    endloop
  endfacet
  facet normal 0 0 1
    outer loop
      vertex 26.414814565722672 9.352952387243699 8
      vertex 26.414814565722672 10.647047612756301 8
      vertex 26.30969883127822 10.956708580912725 8
    endloop
  endfacet
  facet normal 0 0 1
    outer loop
      vertex 26.30969883127822 9.043291419087275 8
      vertex 26.30969883127822 10.956708580912725 8
      vertex 26.165063509461095 11.25 8
    endloop
  endfacet
  facet normal 0 0 1
    outer loop
      vertex 25.76776695296637 8.232233047033631 8
      vertex 25.76776695296637 11.767766952966369 8
      vertex 25.5219035725218 11.983383350728088 8
    endloop
  endfacet
  facet normal 0 0 1
    outer loop
      vertex 25.983383350728086 8.4780964274782 8
      vertex 25.983383350728086 11.5219035725218 8
      vertex 25.76776695296637 11.767766952966369 8
    endloop
  endfacet
  facet normal 0.06540312923014452 0.9978589232386034 0
    outer loop
      vertex 24.32631548055013 12.478612153434526 2
      vertex 24 12.5 8
      vertex 24.32631548055013 12.478612153434526 8
    endloop
  endfacet
  facet normal 0.1950903220161273 0.9807852804032307 0
    outer loop
      vertex 24.647047612756303 12.41481456572267 2
      vertex 24.32631548055013 12.478612153434526 8
      vertex 24.647047612756303 12.41481456572267 8
    endloop
  endfacet
  facet normal 0.4422886902190048 0.8968727415326865 0
    outer loop
      vertex 25.25 12.165063509461095 2
      vertex 24.956708580912725 12.309698831278217 8
      vertex 25.25 12.165063509461095 8
    endloop
  endfacet
  facet normal 0.5555702330196005 0.8314696123025463 0
    outer loop
      vertex 25.5219035725218 11.983383350728088 2
      vertex 25.25 12.165063509461095 8
      vertex 25.5219035725218 11.983383350728088 8
    endloop
  endfacet
  facet normal 0.3214394653031609 0.9469301294951059 0
    outer loop
      vertex 24.956708580912725 12.309698831278217 2
      vertex 24.647047612756303 12.41481456572267 8
      vertex 24.956708580912725 12.309698831278217 8
    endloop
  endfacet
  facet normal 0.6593458151000677 0.7518398074789784 0
    outer loop
      vertex 25.76776695296637 11.767766952966369 2
      vertex 25.5219035725218 11.983383350728088 8
      vertex 25.76776695296637 11.767766952966369 8
    endloop
  endfacet
  facet normal -0.6593458151000646 -0.7518398074789809 0
    outer loop
      vertex 22.4780964274782 25.516616649271914 2
      vertex 22.4780964274782 25.516616649271914 8
      vertex 22.23223304703363 25.73223304703363 2
    endloop
  endfacet
  facet normal -0.5555702330196043 -0.8314696123025439 0
    outer loop
      vertex 22.75 25.334936490538905 2
      vertex 22.75 25.334936490538905 8
      vertex 22.4780964274782 25.516616649271914 2
    endloop
  endfacet
  facet normal -0.4422886902190092 -0.8968727415326844 6.839068181383053e-19
    outer loop
      vertex 22.75 25.334936490538905 2
      vertex 23.043291419087275 25.19030116872178 2
      vertex 23.043291419087275 25.19030116872178 8
    endloop
  endfacet
  facet normal -0.3214394653031609 -0.9469301294951059 1.0417721889089804e-18
    outer loop
      vertex 23.043291419087275 25.19030116872178 2
      vertex 23.352952387243697 25.085185434277328 2
      vertex 23.352952387243697 25.085185434277328 8
    endloop
  endfacet
  facet normal -0.19509032201612206 -0.9807852804032317 -2.1252845875600759e-19
    outer loop
      vertex 23.352952387243697 25.085185434277328 2
      vertex 23.67368451944987 25.021387846565474 2
      vertex 23.67368451944987 25.021387846565474 8
    endloop
  endfacet
  facet normal -0.06540312923014452 -0.9978589232386034 -9.905971698364999e-20
    outer loop
      vertex 23.67368451944987 25.021387846565474 2
      vertex 24 25 2
      vertex 24 25 8
    endloop
  endfacet
  facet normal -0.9469301294951059 -0.3214394653031609 1.0417721889089804e-18
    outer loop
      vertex 21.69030116872178 26.543291419087275 2
      vertex 21.585185434277328 26.852952387243697 8
      vertex 21.585185434277328 26.852952387243697 2
    endloop
  endfacet
  facet normal -0.8314696123025439 -0.5555702330196043 -4.157778064157994e-19
    outer loop
      vertex 22.016616649271914 25.9780964274782 2
      vertex 21.834936490538905 26.25 8
      vertex 21.834936490538905 26.25 2
    endloop
  endfacet
  facet normal -0.7518398074789809 -0.6593458151000646 0
    outer loop
      vertex 22.016616649271914 25.9780964274782 2
      vertex 22.23223304703363 25.73223304703363 2
      vertex 22.016616649271914 25.9780964274782 8
    endloop
  endfacet
  facet normal -0.8968727415326844 -0.4422886902190092 0
    outer loop
      vertex 21.69030116872178 26.543291419087275 2
      vertex 21.834936490538905 26.25 2
      vertex 21.69030116872178 26.543291419087275 8
    endloop
  endfacet
  facet normal -0.9807852804032317 -0.19509032201612206 -2.1252845875600759e-19
    outer loop
      vertex 21.585185434277328 26.852952387243697 2
      vertex 21.521387846565474 27.17368451944987 8
      vertex 21.521387846565474 27.17368451944987 2
    endloop
  endfacet
  facet normal -0.9978589232386034 -0.06540312923014452 -9.905971698364999e-20
    outer loop
      vertex 21.521387846565474 27.17368451944987 2
      vertex 21.5 27.5 8
      vertex 21.5 27.5 2
    endloop
  endfacet
  facet normal -0.9978589232386034 0.06540312923014452 9.905971698364999e-20
    outer loop
      vertex 21.5 27.5 2
      vertex 21.521387846565474 27.82631548055013 8
      vertex 21.521387846565474 27.82631548055013 2
    endloop
  endfacet
  facet normal -0.9807852804032317 0.19509032201612206 2.1252845875600759e-19
    outer loop
      vertex 21.521387846565474 27.82631548055013 2
      vertex 21.585185434277328 28.147047612756303 8
      vertex 21.585185434277328 28.147047612756303 2
    endloop
  endfacet
  facet normal -0.6593458151000646 -0.7518398074789809 0
    outer loop
      vertex 22.23223304703363 25.73223304703363 2
      vertex 22.4780964274782 25.516616649271914 8
      vertex 22.23223304703363 25.73223304703363 8
    endloop
  endfacet
  facet normal -0.5555702330196043 -0.8314696123025439 0
    outer loop
      vertex 22.4780964274782 25.516616649271914 2
      vertex 22.75 25.334936490538905 8
      vertex 22.4780964274782 25.516616649271914 8
    endloop
  endfacet
  facet normal -0.4422886902190092 -0.8968727415326844 0
    outer loop
      vertex 22.75 25.334936490538905 2
      vertex 23.043291419087275 25.19030116872178 8
      vertex 22.75 25.334936490538905 8
    endloop
  endfacet
  facet normal -0.3214394653031609 -0.9469301294951059 0
    outer loop
      vertex 23.043291419087275 25.19030116872178 2
      vertex 23.352952387243697 25.085185434277328 8
      vertex 23.043291419087275 25.19030116872178 8
    endloop
  endfacet
  facet normal -0.19509032201612206 -0.9807852804032317 0
    outer loop
      vertex 23.352952387243697 25.085185434277328 2
      vertex 23.67368451944987 25.021387846565474 8
      vertex 23.352952387243697 25.085185434277328 8
    endloop
  endfacet
  facet normal -0.06540312923014452 -0.9978589232386034 0
    outer loop
      vertex 23.67368451944987 25.021387846565474 2
      vertex 24 25 8
      vertex 23.67368451944987 25.021387846565474 8
    endloop
  endfacet
  facet normal -0.9469301294951059 -0.3214394653031609 0
    outer loop
      vertex 21.69030116872178 26.543291419087275 2
      vertex 21.69030116872178 26.543291419087275 8
      vertex 21.585185434277328 26.852952387243697 8
    endloop
  endfacet
  facet normal -0.8314696123025439 -0.5555702330196043 0
    outer loop
      vertex 22.016616649271914 25.9780964274782 2
      vertex 22.016616649271914 25.9780964274782 8
      vertex 21.834936490538905 26.25 8
    endloop
  endfacet
  facet normal -0.7518398074789809 -0.6593458151000646 0
    outer loop
      vertex 22.23223304703363 25.73223304703363 2
      vertex 22.23223304703363 25.73223304703363 8
      vertex 22.016616649271914 25.9780964274782 8
    endloop
  endfacet
  facet normal -0.8968727415326844 -0.4422886902190092 0
    outer loop
      vertex 21.834936490538905 26.25 2
      vertex 21.834936490538905 26.25 8
      vertex 21.69030116872178 26.543291419087275 8
    endloop
  endfacet
  facet normal -0.9807852804032317 -0.19509032201612206 0
    outer loop
      vertex 21.585185434277328 26.852952387243697 2
      vertex 21.585185434277328 26.852952387243697 8
      vertex 21.521387846565474 27.17368451944987 8
    endloop
  endfacet
  facet normal -0.9978589232386034 -0.06540312923014452 0
    outer loop
      vertex 21.521387846565474 27.17368451944987 2
      vertex 21.521387846565474 27.17368451944987 8
      vertex 21.5 27.5 8
    endloop
  endfacet
  facet normal -0.9978589232386034 0.06540312923014452 0
    outer loop
      vertex 21.5 27.5 2
      vertex 21.5 27.5 8
      vertex 21.521387846565474 27.82631548055013 8
    endloop
  endfacet
  facet normal -0.9807852804032317 0.19509032201612206 0
    outer loop
      vertex 21.521387846565474 27.82631548055013 2
      vertex 21.521387846565474 27.82631548055013 8
      vertex 21.585185434277328 28.147047612756303 8
    endloop
  endfacet
  facet normal 0 0 1
    outer loop
      vertex 22.4780964274782 25.516616649271914 8
      vertex 22.23223304703363 29.26776695296637 8
      vertex 22.23223304703363 25.73223304703363 8
    endloop
  endfacet
  facet normal 0 0 1
    outer loop
      vertex 21.585185434277328 26.852952387243697 8
      vertex 21.521387846565474 27.82631548055013 8
      vertex 21.521387846565474 27.17368451944987 8
    endloop
  endfacet
  facet normal 0 0 1
    outer loop
      vertex 21.69030116872178 26.543291419087275 8
      vertex 21.585185434277328 28.147047612756303 8
      vertex 21.585185434277328 26.852952387243697 8
    endloop
  endfacet
  facet normal 0 0 1
    outer loop
      vertex 21.521387846565474 27.17368451944987 8
      vertex 21.521387846565474 27.82631548055013 8
      vertex 21.5 27.5 8
    endloop
  endfacet
  facet normal 0 0 1
    outer loop
      vertex 21.585185434277328 26.852952387243697 8
      vertex 21.585185434277328 28.147047612756303 8
      vertex 21.521387846565474 27.82631548055013 8
    endloop
  endfacet
  facet normal 0 0 1
    outer loop
      vertex 21.69030116872178 26.543291419087275 8
      vertex 21.69030116872178 28.456708580912725 8
      vertex 21.585185434277328 28.147047612756303 8
    endloop
  endfacet
  facet normal 0 0 1
    outer loop
      vertex 22.016616649271914 25.9780964274782 8
      vertex 21.834936490538905 28.75 8
      vertex 21.834936490538905 26.25 8
    endloop
  endfacet
  facet normal 0 0 1
    outer loop
      vertex 21.69030116872178 26.543291419087275 8
      vertex 21.834936490538905 26.25 8
      vertex 21.69030116872178 28.456708580912725 8
    endloop
  endfacet
  facet normal 0 0 1
    outer loop
      vertex 22.016616649271914 25.9780964274782 8
      vertex 22.23223304703363 25.73223304703363 8
      vertex 22.016616649271914 29.0219035725218 8
    endloop
  endfacet
  facet normal 0 0 1
    outer loop
      vertex 21.834936490538905 26.25 8
      vertex 21.834936490538905 28.75 8
      vertex 21.69030116872178 28.456708580912725 8
    endloop
  endfacet
  facet normal 0 0 1
    outer loop
      vertex 22.016616649271914 25.9780964274782 8
      vertex 22.016616649271914 29.0219035725218 8
      vertex 21.834936490538905 28.75 8
    endloop
  endfacet
  facet normal 0 0 1
    outer loop
      vertex 22.23223304703363 25.73223304703363 8
      vertex 22.23223304703363 29.26776695296637 8
      vertex 22.016616649271914 29.0219035725218 8
    endloop
  endfacet
  facet normal 0 0 1
    outer loop
      vertex 22.75 25.334936490538905 8
      vertex 22.4780964274782 29.483383350728086 8
      vertex 22.4780964274782 25.516616649271914 8
    endloop
  endfacet
  facet normal 0 0 1
    outer loop
      vertex 22.75 25.334936490538905 8
      vertex 23.043291419087275 25.19030116872178 8
      vertex 22.75 29.665063509461095 8
    endloop
  endfacet
  facet normal 0 0 1
    outer loop
      vertex 23.043291419087275 25.19030116872178 8
      vertex 23.352952387243697 25.085185434277328 8
      vertex 23.043291419087275 29.80969883127822 8
    endloop
  endfacet
  facet normal 0 0 1
    outer loop
      vertex 23.352952387243697 25.085185434277328 8
      vertex 23.67368451944987 25.021387846565474 8
      vertex 23.352952387243697 29.914814565722672 8
    endloop
  endfacet
  facet normal 0 0 1
    outer loop
      vertex 23.67368451944987 25.021387846565474 8
      vertex 24 25 8
      vertex 23.67368451944987 29.978612153434526 8
    endloop
  endfacet
  facet normal -0.9469301294951059 0.3214394653031609 -1.0417721889089804e-18
    outer loop
      vertex 21.585185434277328 28.147047612756303 2
      vertex 21.69030116872178 28.456708580912725 8
      vertex 21.69030116872178 28.456708580912725 2
    endloop
  endfacet
  facet normal -0.8968727415326844 0.4422886902190092 -6.839068181383053e-19
    outer loop
      vertex 21.69030116872178 28.456708580912725 2
      vertex 21.834936490538905 28.75 8
      vertex 21.834936490538905 28.75 2
    endloop
  endfacet
  facet normal -0.8314696123025439 0.5555702330196043 4.157778064157994e-19
    outer loop
      vertex 21.834936490538905 28.75 2
      vertex 22.016616649271914 29.0219035725218 8
      vertex 22.016616649271914 29.0219035725218 2
    endloop
  endfacet
  facet normal -0.7518398074789809 0.6593458151000646 -1.089735942873642e-19
    outer loop
      vertex 22.016616649271914 29.0219035725218 2
      vertex 22.23223304703363 29.26776695296637 8
      vertex 22.23223304703363 29.26776695296637 2
    endloop
  endfacet
  facet normal -0.6593458151000646 0.7518398074789809 0
    outer loop
      vertex 22.23223304703363 29.26776695296637 2
      vertex 22.23223304703363 29.26776695296637 8
      vertex 22.4780964274782 29.483383350728086 2
    endloop
  endfacet
  facet normal -0.5555702330196043 0.8314696123025439 0
    outer loop
      vertex 22.4780964274782 29.483383350728086 2
      vertex 22.4780964274782 29.483383350728086 8
      vertex 22.75 29.665063509461095 2
    endloop
  endfacet
  facet normal -0.4422886902190092 0.8968727415326844 0
    outer loop
      vertex 22.75 29.665063509461095 2
      vertex 22.75 29.665063509461095 8
      vertex 23.043291419087275 29.80969883127822 2
    endloop
  endfacet
  facet normal -0.3214394653031609 0.9469301294951059 0
    outer loop
      vertex 23.043291419087275 29.80969883127822 2
      vertex 23.043291419087275 29.80969883127822 8
      vertex 23.352952387243697 29.914814565722672 2
    endloop
  endfacet
  facet normal -0.19509032201612206 0.9807852804032317 0
    outer loop
      vertex 23.352952387243697 29.914814565722672 2
      vertex 23.352952387243697 29.914814565722672 8
      vertex 23.67368451944987 29.978612153434526 2
    endloop
  endfacet
  facet normal -0.06540312923014452 0.9978589232386034 0
    outer loop
      vertex 23.67368451944987 29.978612153434526 2
      vertex 23.67368451944987 29.978612153434526 8
      vertex 24 30 2
    endloop
  endfacet
  facet normal -0.9469301294951059 0.3214394653031609 0
    outer loop
      vertex 21.585185434277328 28.147047612756303 2
      vertex 21.585185434277328 28.147047612756303 8
      vertex 21.69030116872178 28.456708580912725 8
    endloop
  endfacet
  facet normal -0.8968727415326844 0.4422886902190092 0
    outer loop
      vertex 21.69030116872178 28.456708580912725 2
      vertex 21.69030116872178 28.456708580912725 8
      vertex 21.834936490538905 28.75 8
    endloop
  endfacet
  facet normal -0.8314696123025439 0.5555702330196043 0
    outer loop
      vertex 21.834936490538905 28.75 2
      vertex 21.834936490538905 28.75 8
      vertex 22.016616649271914 29.0219035725218 8
    endloop
  endfacet
  facet normal -0.7518398074789809 0.6593458151000646 0
    outer loop
      vertex 22.016616649271914 29.0219035725218 2
      vertex 22.016616649271914 29.0219035725218 8
      vertex 22.23223304703363 29.26776695296637 8
    endloop
  endfacet
  facet normal -0.6593458151000646 0.7518398074789809 0
    outer loop
      vertex 22.4780964274782 29.483383350728086 2
      vertex 22.23223304703363 29.26776695296637 8
      vertex 22.4780964274782 29.483383350728086 8
    endloop
  endfacet
  facet normal -0.5555702330196043 0.8314696123025439 0
    outer loop
      vertex 22.75 29.665063509461095 2
      vertex 22.4780964274782 29.483383350728086 8
      vertex 22.75 29.665063509461095 8
    endloop
  endfacet
  facet normal -0.4422886902190092 0.8968727415326844 0
    outer loop
      vertex 23.043291419087275 29.80969883127822 2
      vertex 22.75 29.665063509461095 8
      vertex 23.043291419087275 29.80969883127822 8
    endloop
  endfacet
  facet normal -0.3214394653031609 0.9469301294951059 0
    outer loop
      vertex 23.352952387243697 29.914814565722672 2
      vertex 23.043291419087275 29.80969883127822 8
      vertex 23.352952387243697 29.914814565722672 8
    endloop
  endfacet
  facet normal -0.19509032201612206 0.9807852804032317 0
    outer loop
      vertex 23.67368451944987 29.978612153434526 2
      vertex 23.352952387243697 29.914814565722672 8
      vertex 23.67368451944987 29.978612153434526 8
    endloop
  endfacet
  facet normal -0.06540312923014452 0.9978589232386034 9.905971698364999e-20
    outer loop
      vertex 23.67368451944987 29.978612153434526 8
      vertex 24 30 8
      vertex 24 30 2
    endloop
  endfacet
  facet normal 0 0 1
    outer loop
      vertex 22.4780964274782 25.516616649271914 8
      vertex 22.4780964274782 29.483383350728086 8
      vertex 22.23223304703363 29.26776695296637 8
    endloop
  endfacet
  facet normal 0 0 1
    outer loop
      vertex 22.75 25.334936490538905 8
      vertex 22.75 29.665063509461095 8
      vertex 22.4780964274782 29.483383350728086 8
    endloop
  endfacet
  facet normal 0 0 1
    outer loop
      vertex 23.043291419087275 25.19030116872178 8
      vertex 23.043291419087275 29.80969883127822 8
      vertex 22.75 29.665063509461095 8
    endloop
  endfacet
  facet normal 0 0 1
    outer loop
      vertex 23.352952387243697 25.085185434277328 8
      vertex 23.352952387243697 29.914814565722672 8
      vertex 23.043291419087275 29.80969883127822 8
    endloop
  endfacet
  facet normal 0 0 1
    outer loop
      vertex 23.67368451944987 25.021387846565474 8
      vertex 23.67368451944987 29.978612153434526 8
      vertex 23.352952387243697 29.914814565722672 8
    endloop
  endfacet
  facet normal 0 0 1
    outer loop
      vertex 23.67368451944987 29.978612153434526 8
      vertex 24 25 8
      vertex 24 30 8
    endloop
  endfacet
  facet normal 0.06540312923014452 -0.9978589232386034 9.905971698364999e-20
    outer loop
      vertex 24 25 2
      vertex 24.32631548055013 25.021387846565474 2
      vertex 24.32631548055013 25.021387846565474 8
    endloop
  endfacet
  facet normal 0.19509032201612206 -0.9807852804032317 2.1252845875600759e-19
    outer loop
      vertex 24.32631548055013 25.021387846565474 2
      vertex 24.647047612756303 25.085185434277328 2
      vertex 24.647047612756303 25.085185434277328 8
    endloop
  endfacet
  facet normal 0.3214394653031609 -0.9469301294951059 -1.0417721889089804e-18
    outer loop
      vertex 24.647047612756303 25.085185434277328 2
      vertex 24.956708580912725 25.19030116872178 2
      vertex 24.956708580912725 25.19030116872178 8
    endloop
  endfacet
  facet normal 0.4422886902190092 -0.8968727415326844 -6.839068181383053e-19
    outer loop
      vertex 24.956708580912725 25.19030116872178 2
      vertex 25.25 25.334936490538905 2
      vertex 25.25 25.334936490538905 8
    endloop
  endfacet
  facet normal 0.5555702330196043 -0.8314696123025439 4.157778064157994e-19
    outer loop
      vertex 25.25 25.334936490538905 2
      vertex 25.5219035725218 25.516616649271914 2
      vertex 25.5219035725218 25.516616649271914 8
    endloop
  endfacet
  facet normal 0.6593458151000646 -0.7518398074789809 -1.089735942873642e-19
    outer loop
      vertex 25.5219035725218 25.516616649271914 2
      vertex 25.76776695296637 25.73223304703363 2
      vertex 25.76776695296637 25.73223304703363 8
    endloop
  endfacet
  facet normal 0.7518398074789809 -0.6593458151000646 0
    outer loop
      vertex 25.76776695296637 25.73223304703363 2
      vertex 25.983383350728086 25.9780964274782 2
      vertex 25.76776695296637 25.73223304703363 8
    endloop
  endfacet
  facet normal 0.8314696123025439 -0.5555702330196043 0
    outer loop
      vertex 25.983383350728086 25.9780964274782 2
      vertex 26.165063509461095 26.25 2
      vertex 25.983383350728086 25.9780964274782 8
    endloop
  endfacet
  facet normal 0.8968727415326844 -0.4422886902190092 0
    outer loop
      vertex 26.165063509461095 26.25 2
      vertex 26.30969883127822 26.543291419087275 2
      vertex 26.165063509461095 26.25 8
    endloop
  endfacet
  facet normal 0.9469301294951059 -0.3214394653031609 0
    outer loop
      vertex 26.30969883127822 26.543291419087275 2
      vertex 26.414814565722672 26.852952387243697 2
      vertex 26.30969883127822 26.543291419087275 8
    endloop
  endfacet
  facet normal 0.9807852804032317 -0.19509032201612206 0
    outer loop
      vertex 26.414814565722672 26.852952387243697 2
      vertex 26.478612153434526 27.17368451944987 2
      vertex 26.414814565722672 26.852952387243697 8
    endloop
  endfacet
  facet normal 0.9978589232386034 -0.06540312923014452 0
    outer loop
      vertex 26.478612153434526 27.17368451944987 2
      vertex 26.5 27.5 2
      vertex 26.478612153434526 27.17368451944987 8
    endloop
  endfacet
  facet normal 0.9978589232386034 0.06540312923014452 0
    outer loop
      vertex 26.5 27.5 2
      vertex 26.478612153434526 27.82631548055013 2
      vertex 26.5 27.5 8
    endloop
  endfacet
  facet normal 0.9807852804032317 0.19509032201612206 0
    outer loop
      vertex 26.478612153434526 27.82631548055013 2
      vertex 26.414814565722672 28.147047612756303 2
      vertex 26.478612153434526 27.82631548055013 8
    endloop
  endfacet
  facet normal 0.06540312923014452 -0.9978589232386034 0
    outer loop
      vertex 24 25 2
      vertex 24.32631548055013 25.021387846565474 8
      vertex 24 25 8
    endloop
  endfacet
  facet normal 0.19509032201612206 -0.9807852804032317 0
    outer loop
      vertex 24.32631548055013 25.021387846565474 2
      vertex 24.647047612756303 25.085185434277328 8
      vertex 24.32631548055013 25.021387846565474 8
    endloop
  endfacet
  facet normal 0.3214394653031609 -0.9469301294951059 0
    outer loop
      vertex 24.647047612756303 25.085185434277328 2
      vertex 24.956708580912725 25.19030116872178 8
      vertex 24.647047612756303 25.085185434277328 8
    endloop
  endfacet
  facet normal 0.4422886902190092 -0.8968727415326844 0
    outer loop
      vertex 24.956708580912725 25.19030116872178 2
      vertex 25.25 25.334936490538905 8
      vertex 24.956708580912725 25.19030116872178 8
    endloop
  endfacet
  facet normal 0.5555702330196043 -0.8314696123025439 0
    outer loop
      vertex 25.25 25.334936490538905 2
      vertex 25.5219035725218 25.516616649271914 8
      vertex 25.25 25.334936490538905 8
    endloop
  endfacet
  facet normal 0.6593458151000646 -0.7518398074789809 0
    outer loop
      vertex 25.5219035725218 25.516616649271914 2
      vertex 25.76776695296637 25.73223304703363 8
      vertex 25.5219035725218 25.516616649271914 8
    endloop
  endfacet
  facet normal 0.7518398074789809 -0.6593458151000646 0
    outer loop
      vertex 25.983383350728086 25.9780964274782 2
      vertex 25.983383350728086 25.9780964274782 8
      vertex 25.76776695296637 25.73223304703363 8
    endloop
  endfacet
  facet normal 0.8314696123025439 -0.5555702330196043 0
    outer loop
      vertex 26.165063509461095 26.25 2
      vertex 26.165063509461095 26.25 8
      vertex 25.983383350728086 25.9780964274782 8
    endloop
  endfacet
  facet normal 0.8968727415326844 -0.4422886902190092 0
    outer loop
      vertex 26.30969883127822 26.543291419087275 2
      vertex 26.30969883127822 26.543291419087275 8
      vertex 26.165063509461095 26.25 8
    endloop
  endfacet
  facet normal 0.9469301294951059 -0.3214394653031609 0
    outer loop
      vertex 26.414814565722672 26.852952387243697 2
      vertex 26.414814565722672 26.852952387243697 8
      vertex 26.30969883127822 26.543291419087275 8
    endloop
  endfacet
  facet normal 0.9807852804032317 -0.19509032201612206 0
    outer loop
      vertex 26.478612153434526 27.17368451944987 2
      vertex 26.478612153434526 27.17368451944987 8
      vertex 26.414814565722672 26.852952387243697 8
    endloop
  endfacet
  facet normal 0.9978589232386034 -0.06540312923014452 0
    outer loop
      vertex 26.5 27.5 2
      vertex 26.5 27.5 8
      vertex 26.478612153434526 27.17368451944987 8
    endloop
  endfacet
  facet normal 0.9978589232386034 0.06540312923014452 0
    outer loop
      vertex 26.478612153434526 27.82631548055013 2
      vertex 26.478612153434526 27.82631548055013 8
      vertex 26.5 27.5 8
    endloop
  endfacet
  facet normal 0.9807852804032317 0.19509032201612206 -2.1252845875600759e-19
    outer loop
      vertex 26.478612153434526 27.82631548055013 8
      vertex 26.414814565722672 28.147047612756303 2
      vertex 26.414814565722672 28.147047612756303 8
    endloop
  endfacet
  facet normal 0 0 1
    outer loop
      vertex 24 25 8
      vertex 24.32631548055013 25.021387846565474 8
      vertex 24 30 8
    endloop
  endfacet
  facet normal 0 0 1
    outer loop
      vertex 24.32631548055013 25.021387846565474 8
      vertex 24.647047612756303 25.085185434277328 8
      vertex 24.32631548055013 29.978612153434526 8
    endloop
  endfacet
  facet normal 0 0 1
    outer loop
      vertex 24.647047612756303 25.085185434277328 8
      vertex 24.956708580912725 25.19030116872178 8
      vertex 24.647047612756303 29.914814565722672 8
    endloop
  endfacet
  facet normal 0 0 1
    outer loop
      vertex 24.956708580912725 25.19030116872178 8
      vertex 25.25 25.334936490538905 8
      vertex 24.956708580912725 29.80969883127822 8
    endloop
  endfacet
  facet normal 0 0 1
    outer loop
      vertex 25.25 25.334936490538905 8
      vertex 25.5219035725218 25.516616649271914 8
      vertex 25.25 29.665063509461095 8
    endloop
  endfacet
  facet normal 0 0 1
    outer loop
      vertex 25.5219035725218 25.516616649271914 8
      vertex 25.76776695296637 25.73223304703363 8
      vertex 25.5219035725218 29.483383350728086 8
    endloop
  endfacet
  facet normal 0 0 1
    outer loop
      vertex 25.76776695296637 25.73223304703363 8
      vertex 25.983383350728086 25.9780964274782 8
      vertex 25.76776695296637 29.26776695296637 8
    endloop
  endfacet
  facet normal 0 0 1
    outer loop
      vertex 25.983383350728086 25.9780964274782 8
      vertex 26.165063509461095 26.25 8
      vertex 25.983383350728086 29.0219035725218 8
    endloop
  endfacet
  facet normal 0 0 1
    outer loop
      vertex 26.165063509461095 26.25 8
      vertex 26.165063509461095 28.75 8
      vertex 25.983383350728086 29.0219035725218 8
    endloop
  endfacet
  facet normal 0 0 1
    outer loop
      vertex 26.165063509461095 26.25 8
      vertex 26.30969883127822 26.543291419087275 8
      vertex 26.165063509461095 28.75 8
    endloop
  endfacet
  facet normal 0 0 1
    outer loop
      vertex 26.30969883127822 26.543291419087275 8
      vertex 26.414814565722672 26.852952387243697 8
      vertex 26.30969883127822 28.456708580912725 8
    endloop
  endfacet
  facet normal 0 0 1
    outer loop
      vertex 26.414814565722672 26.852952387243697 8
      vertex 26.478612153434526 27.17368451944987 8
      vertex 26.414814565722672 28.147047612756303 8
    endloop
  endfacet
  facet normal 0 0 1
    outer loop
      vertex 26.478612153434526 27.17368451944987 8
      vertex 26.5 27.5 8
      vertex 26.478612153434526 27.82631548055013 8
    endloop
  endfacet
  facet normal 0 0 1
    outer loop
      vertex 26.478612153434526 27.17368451944987 8
      vertex 26.478612153434526 27.82631548055013 8
      vertex 26.414814565722672 28.147047612756303 8
    endloop
  endfacet
  facet normal 0 0 1
    outer loop
      vertex 26.414814565722672 26.852952387243697 8
      vertex 26.414814565722672 28.147047612756303 8
      vertex 26.30969883127822 28.456708580912725 8
    endloop
  endfacet
  facet normal 0 0 1
    outer loop
      vertex 26.30969883127822 26.543291419087275 8
      vertex 26.30969883127822 28.456708580912725 8
      vertex 26.165063509461095 28.75 8
    endloop
  endfacet
  facet normal 0.06540312923014452 0.9978589232386034 0
    outer loop
      vertex 24 30 2
      vertex 24 30 8
      vertex 24.32631548055013 29.978612153434526 2
    endloop
  endfacet
  facet normal 0.19509032201612206 0.9807852804032317 0
    outer loop
      vertex 24.32631548055013 29.978612153434526 2
      vertex 24.32631548055013 29.978612153434526 8
      vertex 24.647047612756303 29.914814565722672 2
    endloop
  endfacet
  facet normal 0.4422886902190092 0.8968727415326844 6.839068181383053e-19
    outer loop
      vertex 25.25 29.665063509461095 2
      vertex 24.956708580912725 29.80969883127822 2
      vertex 24.956708580912725 29.80969883127822 8
    endloop
  endfacet
  facet normal 0.5555702330196043 0.8314696123025439 0
    outer loop
      vertex 25.25 29.665063509461095 2
      vertex 25.25 29.665063509461095 8
      vertex 25.5219035725218 29.483383350728086 2
    endloop
  endfacet
  facet normal 0.3214394653031609 0.9469301294951059 0
    outer loop
      vertex 24.647047612756303 29.914814565722672 2
      vertex 24.647047612756303 29.914814565722672 8
      vertex 24.956708580912725 29.80969883127822 2
    endloop
  endfacet
  facet normal 0.8314696123025439 0.5555702330196043 0
    outer loop
      vertex 26.165063509461095 28.75 2
      vertex 25.983383350728086 29.0219035725218 2
      vertex 26.165063509461095 28.75 8
    endloop
  endfacet
  facet normal 0.7518398074789809 0.6593458151000646 0
    outer loop
      vertex 25.983383350728086 29.0219035725218 2
      vertex 25.76776695296637 29.26776695296637 2
      vertex 25.983383350728086 29.0219035725218 8
    endloop
  endfacet
  facet normal 0.9469301294951059 0.3214394653031609 0
    outer loop
      vertex 26.414814565722672 28.147047612756303 2
      vertex 26.30969883127822 28.456708580912725 2
      vertex 26.414814565722672 28.147047612756303 8
    endloop
  endfacet
  facet normal 0.8968727415326844 0.4422886902190092 6.839068181383053e-19
    outer loop
      vertex 26.165063509461095 28.75 2
      vertex 26.30969883127822 28.456708580912725 8
      vertex 26.30969883127822 28.456708580912725 2
    endloop
  endfacet
  facet normal 0.6593458151000646 0.7518398074789809 0
    outer loop
      vertex 25.5219035725218 29.483383350728086 2
      vertex 25.5219035725218 29.483383350728086 8
      vertex 25.76776695296637 29.26776695296637 2
    endloop
  endfacet
  facet normal 0.06540312923014452 0.9978589232386034 0
    outer loop
      vertex 24.32631548055013 29.978612153434526 2
      vertex 24 30 8
      vertex 24.32631548055013 29.978612153434526 8
    endloop
  endfacet
  facet normal 0.19509032201612206 0.9807852804032317 0
    outer loop
      vertex 24.647047612756303 29.914814565722672 2
      vertex 24.32631548055013 29.978612153434526 8
      vertex 24.647047612756303 29.914814565722672 8
    endloop
  endfacet
  facet normal 0.4422886902190092 0.8968727415326844 0
    outer loop
      vertex 25.25 29.665063509461095 2
      vertex 24.956708580912725 29.80969883127822 8
      vertex 25.25 29.665063509461095 8
    endloop
  endfacet
  facet normal 0.5555702330196043 0.8314696123025439 0
    outer loop
      vertex 25.5219035725218 29.483383350728086 2
      vertex 25.25 29.665063509461095 8
      vertex 25.5219035725218 29.483383350728086 8
    endloop
  endfacet
  facet normal 0.3214394653031609 0.9469301294951059 0
    outer loop
      vertex 24.956708580912725 29.80969883127822 2
      vertex 24.647047612756303 29.914814565722672 8
      vertex 24.956708580912725 29.80969883127822 8
    endloop
  endfacet
  facet normal 0.7518398074789809 0.6593458151000646 0
    outer loop
      vertex 25.76776695296637 29.26776695296637 2
      vertex 25.76776695296637 29.26776695296637 8
      vertex 25.983383350728086 29.0219035725218 8
    endloop
  endfacet
  facet normal 0.8314696123025439 0.5555702330196043 0
    outer loop
      vertex 25.983383350728086 29.0219035725218 2
      vertex 25.983383350728086 29.0219035725218 8
      vertex 26.165063509461095 28.75 8
    endloop
  endfacet
  facet normal 0.9469301294951059 0.3214394653031609 0
    outer loop
      vertex 26.30969883127822 28.456708580912725 2
      vertex 26.30969883127822 28.456708580912725 8
      vertex 26.414814565722672 28.147047612756303 8
    endloop
  endfacet
  facet normal 0.8968727415326844 0.4422886902190092 0
    outer loop
      vertex 26.165063509461095 28.75 2
      vertex 26.165063509461095 28.75 8
      vertex 26.30969883127822 28.456708580912725 8
    endloop
  endfacet
  facet normal 0.6593458151000646 0.7518398074789809 0
    outer loop
      vertex 25.76776695296637 29.26776695296637 2
      vertex 25.5219035725218 29.483383350728086 8
      vertex 25.76776695296637 29.26776695296637 8
    endloop
  endfacet
  facet normal 0 0 1
    outer loop
      vertex 24.32631548055013 25.021387846565474 8
      vertex 24.32631548055013 29.978612153434526 8
      vertex 24 30 8
    endloop
  endfacet
  facet normal 0 0 1
    outer loop
      vertex 24.647047612756303 25.085185434277328 8
      vertex 24.647047612756303 29.914814565722672 8
      vertex 24.32631548055013 29.978612153434526 8
    endloop
  endfacet
  facet normal 0 0 1
    outer loop
      vertex 24.956708580912725 25.19030116872178 8
      vertex 24.956708580912725 29.80969883127822 8
      vertex 24.647047612756303 29.914814565722672 8
    endloop
  endfacet
  facet normal 0 0 1
    outer loop
      vertex 25.25 25.334936490538905 8
      vertex 25.25 29.665063509461095 8
      vertex 24.956708580912725 29.80969883127822 8
    endloop
  endfacet
  facet normal 0 0 1
    outer loop
      vertex 25.5219035725218 25.516616649271914 8
      vertex 25.5219035725218 29.483383350728086 8
      vertex 25.25 29.665063509461095 8
    endloop
  endfacet
  facet normal 0 0 1
    outer loop
      vertex 25.76776695296637 25.73223304703363 8
      vertex 25.76776695296637 29.26776695296637 8
      vertex 25.5219035725218 29.483383350728086 8
    endloop
  endfacet
  facet normal 0 0 1
    outer loop
      vertex 25.983383350728086 25.9780964274782 8
      vertex 25.983383350728086 29.0219035725218 8
      vertex 25.76776695296637 29.26776695296637 8
    endloop
  endfacet
  facet normal 0 -1 0
    outer loop
      vertex 43.41 6 2
      vertex 45.90999999642372 6 2
      vertex 45.90999999642372 6 8
    endloop
  endfacet
  facet normal 0 -1 0
    outer loop
      vertex 47.91 6 2
      vertex 47.91 6 8
      vertex 47.90999999642372 6 2
    endloop
  endfacet
  facet normal 0 -1 0
    outer loop
      vertex 43.41 6 2
      vertex 45.90999999642372 6 8
      vertex 43.41 6 8
    endloop
  endfacet
  facet normal 0 -1 0
    outer loop
      vertex 47.90999999642372 6 2
      vertex 47.91 6 8
      vertex 47.90999999642372 6 8
    endloop
  endfacet
  facet normal 0 0 -1
    outer loop
      vertex 47.91 6 2
      vertex 47.90999999642372 6 2
      vertex 47.90999999642372 31.4 2
    endloop
  endfacet
  facet normal 1 0 0
    outer loop
      vertex 47.91 6 2
      vertex 47.91 31.4 2
      vertex 47.91 6 8
    endloop
  endfacet
  facet normal -1 0 0
    outer loop
      vertex 43.41 6 2
      vertex 43.41 6 8
      vertex 43.41 31.4 8
    endloop
  endfacet
  facet normal 0 0 1
    outer loop
      vertex 43.41 6 8
      vertex 45.90999999642372 6 8
      vertex 45.90999999642372 31.4 8
    endloop
  endfacet
  facet normal 0 0 1
    outer loop
      vertex 47.91 6 8
      vertex 47.91 31.4 8
      vertex 47.90999999642372 6 8
    endloop
  endfacet
  facet normal 0 0 -1
    outer loop
      vertex 47.91 6 2
      vertex 47.90999999642372 31.4 2
      vertex 47.91 31.4 2
    endloop
  endfacet
  facet normal -1 0 0
    outer loop
      vertex 43.41 6 2
      vertex 43.41 31.4 8
      vertex 43.41 31.4 2
    endloop
  endfacet
  facet normal 0 0 1
    outer loop
      vertex 43.41 6 8
      vertex 45.90999999642372 31.4 8
      vertex 43.41 31.4 8
    endloop
  endfacet
  facet normal 1 0 0
    outer loop
      vertex 47.91 6 8
      vertex 47.91 31.4 2
      vertex 47.91 31.4 8
    endloop
  endfacet
  facet normal 0 0 1
    outer loop
      vertex 47.90999999642372 6 8
      vertex 47.91 31.4 8
      vertex 47.90999999642372 31.4 8
    endloop
  endfacet
  facet normal 0 1 0
    outer loop
      vertex 43.41 31.4 2
      vertex 43.41 31.4 8
      vertex 45.90999999642372 31.4 2
    endloop
  endfacet
  facet normal 0 1 0
    outer loop
      vertex 47.91 31.4 2
      vertex 47.90999999642372 31.4 2
      vertex 47.90999999642372 31.4 8
    endloop
  endfacet
  facet normal 0 1 0
    outer loop
      vertex 45.90999999642372 31.4 2
      vertex 43.41 31.4 8
      vertex 45.90999999642372 31.4 8
    endloop
  endfacet
  facet normal 0 1 0
    outer loop
      vertex 47.91 31.4 2
      vertex 47.90999999642372 31.4 8
      vertex 47.91 31.4 8
    endloop
  endfacet
  facet normal 0 0 1
    outer loop
      vertex 0 26 9.6
      vertex 0 11 9.6
      vertex 2 11 9.6
    endloop
  endfacet
  facet normal 0 1 0
    outer loop
      vertex 2 11 23.3
      vertex 2 11 9.6
      vertex 0 11 9.6
    endloop
  endfacet
  facet normal 0 1 0
    outer loop
      vertex 2 11 23.3
      vertex 0 11 9.6
      vertex 0 11 23.3
    endloop
  endfacet
  facet normal 0 0 1
    outer loop
      vertex 2 11 9.6
      vertex 2 26 9.6
      vertex 0 26 9.6
    endloop
  endfacet
  facet normal 0 -1 0
    outer loop
      vertex 0 26 23.3
      vertex 0 26 9.6
      vertex 2 26 9.6
    endloop
  endfacet
  facet normal 0 -1 0
    outer loop
      vertex 0 26 23.3
      vertex 2 26 9.6
      vertex 2 26 23.3
    endloop
  endfacet
  facet normal 0 0 1
    outer loop
      vertex 45.90999999642372 11 9.6
      vertex 47.90999999642372 11 9.6
      vertex 45.90999999642372 26 9.6
    endloop
  endfacet
  facet normal 0 1 0
    outer loop
      vertex 47.90999999642372 11 23.3
      vertex 47.90999999642372 11 9.6
      vertex 45.90999999642372 11 9.6
    endloop
  endfacet
  facet normal 0 1 0
    outer loop
      vertex 45.90999999642372 11 23.3
      vertex 47.90999999642372 11 23.3
      vertex 45.90999999642372 11 9.6
    endloop
  endfacet
  facet normal 0 0 1
    outer loop
      vertex 47.90999999642372 11 9.6
      vertex 47.90999999642372 26 9.6
      vertex 45.90999999642372 26 9.6
    endloop
  endfacet
  facet normal 0 -1 0
    outer loop
      vertex 45.90999999642372 26 23.3
      vertex 45.90999999642372 26 9.6
      vertex 47.90999999642372 26 9.6
    endloop
  endfacet
  facet normal 0 -1 0
    outer loop
      vertex 45.90999999642372 26 23.3
      vertex 47.90999999642372 26 9.6
      vertex 47.90999999642372 26 23.3
    endloop
  endfacet
  facet normal -1 0 0
    outer loop
      vertex 6 5.2 10.9
      vertex 6 5.2 12.41
      vertex 6 6.6 10.9
    endloop
  endfacet
  facet normal 0 -1 0
    outer loop
      vertex 6 5.2 10.9
      vertex 9.5 5.2 10.9
      vertex 6 5.2 12.41
    endloop
  endfacet
  facet normal 0 1 0
    outer loop
      vertex 6 6.6 10.9
      vertex 6 6.6 10.91
      vertex 9.5 6.6 10.91
    endloop
  endfacet
  facet normal -1 0 0
    outer loop
      vertex 6 6.6 10.9
      vertex 6 6 12.41
      vertex 6 6.6 10.91
    endloop
  endfacet
  facet normal 0 0.9284766908852593 0.3713906763541035
    outer loop
      vertex 6 6.6 10.91
      vertex 6 6 12.41
      vertex 9.5 6.6 10.91
    endloop
  endfacet
  facet normal 0 1 0
    outer loop
      vertex 6 6.6 10.9
      vertex 9.5 6.6 10.91
      vertex 9.5 6.6 10.9
    endloop
  endfacet
  facet normal 1 0 0
    outer loop
      vertex 9.5 5.2 10.9
      vertex 9.5 6.6 10.9
      vertex 9.5 5.2 12.41
    endloop
  endfacet
  facet normal 1 0 0
    outer loop
      vertex 9.5 6.6 10.9
      vertex 9.5 6.6 10.91
      vertex 9.5 6 12.41
    endloop
  endfacet
  facet normal 0 0 1
    outer loop
      vertex 6 5.2 12.41
      vertex 9.5 6 12.41
      vertex 6 6 12.41
    endloop
  endfacet
  facet normal -1 0 0
    outer loop
      vertex 6 6.6 10.9
      vertex 6 5.2 12.41
      vertex 6 6 12.41
    endloop
  endfacet
  facet normal 0 -1 0
    outer loop
      vertex 9.5 5.2 10.9
      vertex 9.5 5.2 12.41
      vertex 6 5.2 12.41
    endloop
  endfacet
  facet normal 0 0 1
    outer loop
      vertex 6 5.2 12.41
      vertex 9.5 5.2 12.41
      vertex 9.5 6 12.41
    endloop
  endfacet
  facet normal 0 0.9284766908852593 0.3713906763541035
    outer loop
      vertex 9.5 6.6 10.91
      vertex 6 6 12.41
      vertex 9.5 6 12.41
    endloop
  endfacet
  facet normal 1 0 0
    outer loop
      vertex 9.5 6.6 10.9
      vertex 9.5 6 12.41
      vertex 9.5 5.2 12.41
    endloop
  endfacet
  facet normal -1 0 0
    outer loop
      vertex 12.5 5.2 10.9
      vertex 12.5 5.2 12.41
      vertex 12.5 6.6 10.9
    endloop
  endfacet
  facet normal -1 0 0
    outer loop
      vertex 12.5 6.6 10.9
      vertex 12.5 6 12.41
      vertex 12.5 6.6 10.91
    endloop
  endfacet
  facet normal 0 -1 0
    outer loop
      vertex 12.5 5.2 10.9
      vertex 16 5.2 10.9
      vertex 12.5 5.2 12.41
    endloop
  endfacet
  facet normal 0 1 0
    outer loop
      vertex 12.5 6.6 10.9
      vertex 12.5 6.6 10.91
      vertex 16 6.6 10.91
    endloop
  endfacet
  facet normal 0 1 0
    outer loop
      vertex 12.5 6.6 10.9
      vertex 16 6.6 10.91
      vertex 16 6.6 10.9
    endloop
  endfacet
  facet normal 0 0.9284766908852593 0.3713906763541035
    outer loop
      vertex 12.5 6.6 10.91
      vertex 12.5 6 12.41
      vertex 16 6.6 10.91
    endloop
  endfacet
  facet normal 1 0 0
    outer loop
      vertex 16 5.2 10.9
      vertex 16 6.6 10.9
      vertex 16 5.2 12.41
    endloop
  endfacet
  facet normal 1 0 0
    outer loop
      vertex 16 6.6 10.9
      vertex 16 6.6 10.91
      vertex 16 6 12.41
    endloop
  endfacet
  facet normal -1 0 0
    outer loop
      vertex 12.5 6.6 10.9
      vertex 12.5 5.2 12.41
      vertex 12.5 6 12.41
    endloop
  endfacet
  facet normal 0 -1 0
    outer loop
      vertex 16 5.2 10.9
      vertex 16 5.2 12.41
      vertex 12.5 5.2 12.41
    endloop
  endfacet
  facet normal 0 0 1
    outer loop
      vertex 12.5 5.2 12.41
      vertex 16 6 12.41
      vertex 12.5 6 12.41
    endloop
  endfacet
  facet normal 0 0 1
    outer loop
      vertex 12.5 5.2 12.41
      vertex 16 5.2 12.41
      vertex 16 6 12.41
    endloop
  endfacet
  facet normal 0 0.9284766908852593 0.3713906763541035
    outer loop
      vertex 16 6.6 10.91
      vertex 12.5 6 12.41
      vertex 16 6 12.41
    endloop
  endfacet
  facet normal 1 0 0
    outer loop
      vertex 16 6.6 10.9
      vertex 16 6 12.41
      vertex 16 5.2 12.41
    endloop
  endfacet
  facet normal -1 0 0
    outer loop
      vertex 21 5.2 10.9
      vertex 21 5.2 12.41
      vertex 21 6.6 10.9
    endloop
  endfacet
  facet normal 0 -1 0
    outer loop
      vertex 21 5.2 10.9
      vertex 24.5 5.2 10.9
      vertex 21 5.2 12.41
    endloop
  endfacet
  facet normal 0 1 0
    outer loop
      vertex 21 6.6 10.9
      vertex 21 6.6 10.91
      vertex 24.5 6.6 10.91
    endloop
  endfacet
  facet normal -1 0 0
    outer loop
      vertex 21 6.6 10.9
      vertex 21 6 12.41
      vertex 21 6.6 10.91
    endloop
  endfacet
  facet normal 0 0.9284766908852593 0.3713906763541035
    outer loop
      vertex 21 6.6 10.91
      vertex 21 6 12.41
      vertex 24.5 6.6 10.91
    endloop
  endfacet
  facet normal 0 1 0
    outer loop
      vertex 21 6.6 10.9
      vertex 24.5 6.6 10.91
      vertex 24.5 6.6 10.9
    endloop
  endfacet
  facet normal 0 0 1
    outer loop
      vertex 21 5.2 12.41
      vertex 24.5 6 12.41
      vertex 21 6 12.41
    endloop
  endfacet
  facet normal -1 0 0
    outer loop
      vertex 21 6.6 10.9
      vertex 21 5.2 12.41
      vertex 21 6 12.41
    endloop
  endfacet
  facet normal 0 -1 0
    outer loop
      vertex 21 5.2 12.41
      vertex 24.5 5.2 10.9
      vertex 24.5 5.2 12.41
    endloop
  endfacet
  facet normal 0 0 1
    outer loop
      vertex 21 5.2 12.41
      vertex 24.5 5.2 12.41
      vertex 24.5 6 12.41
    endloop
  endfacet
  facet normal 0 0.9284766908852593 0.3713906763541035
    outer loop
      vertex 21 6 12.41
      vertex 24.5 6 12.41
      vertex 24.5 6.6 10.91
    endloop
  endfacet
  facet normal 1 0 0
    outer loop
      vertex 24.5 5.2 10.9
      vertex 24.5 6.6 10.9
      vertex 24.5 5.2 12.41
    endloop
  endfacet
  facet normal 1 0 0
    outer loop
      vertex 24.5 6.6 10.9
      vertex 24.5 6.6 10.91
      vertex 24.5 6 12.41
    endloop
  endfacet
  facet normal 1 0 0
    outer loop
      vertex 24.5 6.6 10.9
      vertex 24.5 6 12.41
      vertex 24.5 5.2 12.41
    endloop
  endfacet
  facet normal -1 0 0
    outer loop
      vertex 27.5 5.2 10.9
      vertex 27.5 5.2 12.41
      vertex 27.5 6.6 10.9
    endloop
  endfacet
  facet normal -1 0 0
    outer loop
      vertex 27.5 6.6 10.9
      vertex 27.5 6 12.41
      vertex 27.5 6.6 10.91
    endloop
  endfacet
  facet normal 0 -1 0
    outer loop
      vertex 27.5 5.2 10.9
      vertex 31 5.2 10.9
      vertex 27.5 5.2 12.41
    endloop
  endfacet
  facet normal 0 1 0
    outer loop
      vertex 27.5 6.6 10.9
      vertex 27.5 6.6 10.91
      vertex 31 6.6 10.91
    endloop
  endfacet
  facet normal 0 1 0
    outer loop
      vertex 27.5 6.6 10.9
      vertex 31 6.6 10.91
      vertex 31 6.6 10.9
    endloop
  endfacet
  facet normal 0 0.9284766908852593 0.3713906763541035
    outer loop
      vertex 27.5 6.6 10.91
      vertex 27.5 6 12.41
      vertex 31 6.6 10.91
    endloop
  endfacet
  facet normal 1 0 0
    outer loop
      vertex 31 5.2 10.9
      vertex 31 6.6 10.9
      vertex 31 5.2 12.41
    endloop
  endfacet
  facet normal 1 0 0
    outer loop
      vertex 31 6.6 10.9
      vertex 31 6.6 10.91
      vertex 31 6 12.41
    endloop
  endfacet
  facet normal -1 0 0
    outer loop
      vertex 27.5 6.6 10.9
      vertex 27.5 5.2 12.41
      vertex 27.5 6 12.41
    endloop
  endfacet
  facet normal 0 -1 0
    outer loop
      vertex 31 5.2 10.9
      vertex 31 5.2 12.41
      vertex 27.5 5.2 12.41
    endloop
  endfacet
  facet normal 0 0 1
    outer loop
      vertex 27.5 5.2 12.41
      vertex 31 6 12.41
      vertex 27.5 6 12.41
    endloop
  endfacet
  facet normal 0 0 1
    outer loop
      vertex 27.5 5.2 12.41
      vertex 31 5.2 12.41
      vertex 31 6 12.41
    endloop
  endfacet
  facet normal 0 0.9284766908852593 0.3713906763541035
    outer loop
      vertex 31 6.6 10.91
      vertex 27.5 6 12.41
      vertex 31 6 12.41
    endloop
  endfacet
  facet normal 1 0 0
    outer loop
      vertex 31 6.6 10.9
      vertex 31 6 12.41
      vertex 31 5.2 12.41
    endloop
  endfacet
  facet normal -1 0 0
    outer loop
      vertex 12.5 30.799999999999997 10.9
      vertex 12.5 30.799999999999997 10.91
      vertex 12.5 31.4 12.41
    endloop
  endfacet
  facet normal -1 0 0
    outer loop
      vertex 12.5 30.799999999999997 10.9
      vertex 12.5 32.199999999999996 12.41
      vertex 12.5 32.199999999999996 10.9
    endloop
  endfacet
  facet normal 0 -1 0
    outer loop
      vertex 12.5 30.799999999999997 10.9
      vertex 16 30.799999999999997 10.9
      vertex 12.5 30.799999999999997 10.91
    endloop
  endfacet
  facet normal 0 -1 0
    outer loop
      vertex 12.5 30.799999999999997 10.91
      vertex 16 30.799999999999997 10.9
      vertex 16 30.799999999999997 10.91
    endloop
  endfacet
  facet normal 0 -0.9284766908852591 0.3713906763541045
    outer loop
      vertex 12.5 30.799999999999997 10.91
      vertex 16 30.799999999999997 10.91
      vertex 16 31.4 12.41
    endloop
  endfacet
  facet normal 0 1 0
    outer loop
      vertex 12.5 32.199999999999996 10.9
      vertex 16 32.199999999999996 12.41
      vertex 16 32.199999999999996 10.9
    endloop
  endfacet
  facet normal 1 0 0
    outer loop
      vertex 16 30.799999999999997 10.9
      vertex 16 31.4 12.41
      vertex 16 30.799999999999997 10.91
    endloop
  endfacet
  facet normal 1 0 0
    outer loop
      vertex 16 30.799999999999997 10.9
      vertex 16 32.199999999999996 10.9
      vertex 16 32.199999999999996 12.41
    endloop
  endfacet
  facet normal -1 0 0
    outer loop
      vertex 12.5 30.799999999999997 10.9
      vertex 12.5 31.4 12.41
      vertex 12.5 32.199999999999996 12.41
    endloop
  endfacet
  facet normal 0 -0.9284766908852591 0.3713906763541045
    outer loop
      vertex 12.5 30.799999999999997 10.91
      vertex 16 31.4 12.41
      vertex 12.5 31.4 12.41
    endloop
  endfacet
  facet normal 0 1 0
    outer loop
      vertex 12.5 32.199999999999996 10.9
      vertex 12.5 32.199999999999996 12.41
      vertex 16 32.199999999999996 12.41
    endloop
  endfacet
  facet normal 0 0 1
    outer loop
      vertex 12.5 31.4 12.41
      vertex 16 32.199999999999996 12.41
      vertex 12.5 32.199999999999996 12.41
    endloop
  endfacet
  facet normal 0 0 1
    outer loop
      vertex 12.5 31.4 12.41
      vertex 16 31.4 12.41
      vertex 16 32.199999999999996 12.41
    endloop
  endfacet
  facet normal 1 0 0
    outer loop
      vertex 16 30.799999999999997 10.9
      vertex 16 32.199999999999996 12.41
      vertex 16 31.4 12.41
    endloop
  endfacet
  facet normal 0 -1 0
    outer loop
      vertex 6 30.799999999999997 10.9
      vertex 9.5 30.799999999999997 10.9
      vertex 6 30.799999999999997 10.91
    endloop
  endfacet
  facet normal -1 0 0
    outer loop
      vertex 6 30.799999999999997 10.9
      vertex 6 30.799999999999997 10.91
      vertex 6 31.4 12.41
    endloop
  endfacet
  facet normal -1 0 0
    outer loop
      vertex 6 30.799999999999997 10.9
      vertex 6 32.199999999999996 12.41
      vertex 6 32.199999999999996 10.9
    endloop
  endfacet
  facet normal 0 -1 0
    outer loop
      vertex 6 30.799999999999997 10.91
      vertex 9.5 30.799999999999997 10.9
      vertex 9.5 30.799999999999997 10.91
    endloop
  endfacet
  facet normal 0 -0.9284766908852591 0.3713906763541045
    outer loop
      vertex 6 30.799999999999997 10.91
      vertex 9.5 30.799999999999997 10.91
      vertex 9.5 31.4 12.41
    endloop
  endfacet
  facet normal 0 1 0
    outer loop
      vertex 6 32.199999999999996 10.9
      vertex 9.5 32.199999999999996 12.41
      vertex 9.5 32.199999999999996 10.9
    endloop
  endfacet
  facet normal 1 0 0
    outer loop
      vertex 9.5 30.799999999999997 10.9
      vertex 9.5 31.4 12.41
      vertex 9.5 30.799999999999997 10.91
    endloop
  endfacet
  facet normal 1 0 0
    outer loop
      vertex 9.5 30.799999999999997 10.9
      vertex 9.5 32.199999999999996 10.9
      vertex 9.5 32.199999999999996 12.41
    endloop
  endfacet
  facet normal -1 0 0
    outer loop
      vertex 6 30.799999999999997 10.9
      vertex 6 31.4 12.41
      vertex 6 32.199999999999996 12.41
    endloop
  endfacet
  facet normal 0 -0.9284766908852591 0.3713906763541045
    outer loop
      vertex 6 30.799999999999997 10.91
      vertex 9.5 31.4 12.41
      vertex 6 31.4 12.41
    endloop
  endfacet
  facet normal 0 1 0
    outer loop
      vertex 6 32.199999999999996 10.9
      vertex 6 32.199999999999996 12.41
      vertex 9.5 32.199999999999996 12.41
    endloop
  endfacet
  facet normal 0 0 1
    outer loop
      vertex 6 31.4 12.41
      vertex 9.5 32.199999999999996 12.41
      vertex 6 32.199999999999996 12.41
    endloop
  endfacet
  facet normal 0 0 1
    outer loop
      vertex 6 31.4 12.41
      vertex 9.5 31.4 12.41
      vertex 9.5 32.199999999999996 12.41
    endloop
  endfacet
  facet normal 1 0 0
    outer loop
      vertex 9.5 30.799999999999997 10.9
      vertex 9.5 32.199999999999996 12.41
      vertex 9.5 31.4 12.41
    endloop
  endfacet
  facet normal -1 0 0
    outer loop
      vertex 27.5 30.799999999999997 10.9
      vertex 27.5 30.799999999999997 10.91
      vertex 27.5 31.4 12.41
    endloop
  endfacet
  facet normal -1 0 0
    outer loop
      vertex 27.5 30.799999999999997 10.9
      vertex 27.5 32.199999999999996 12.41
      vertex 27.5 32.199999999999996 10.9
    endloop
  endfacet
  facet normal 0 -1 0
    outer loop
      vertex 27.5 30.799999999999997 10.9
      vertex 31 30.799999999999997 10.9
      vertex 27.5 30.799999999999997 10.91
    endloop
  endfacet
  facet normal 0 -1 0
    outer loop
      vertex 27.5 30.799999999999997 10.91
      vertex 31 30.799999999999997 10.9
      vertex 31 30.799999999999997 10.91
    endloop
  endfacet
  facet normal 0 -0.9284766908852591 0.3713906763541045
    outer loop
      vertex 27.5 30.799999999999997 10.91
      vertex 31 30.799999999999997 10.91
      vertex 31 31.4 12.41
    endloop
  endfacet
  facet normal 0 1 0
    outer loop
      vertex 27.5 32.199999999999996 10.9
      vertex 31 32.199999999999996 12.41
      vertex 31 32.199999999999996 10.9
    endloop
  endfacet
  facet normal 1 0 0
    outer loop
      vertex 31 30.799999999999997 10.9
      vertex 31 31.4 12.41
      vertex 31 30.799999999999997 10.91
    endloop
  endfacet
  facet normal 1 0 0
    outer loop
      vertex 31 30.799999999999997 10.9
      vertex 31 32.199999999999996 10.9
      vertex 31 32.199999999999996 12.41
    endloop
  endfacet
  facet normal -1 0 0
    outer loop
      vertex 27.5 30.799999999999997 10.9
      vertex 27.5 31.4 12.41
      vertex 27.5 32.199999999999996 12.41
    endloop
  endfacet
  facet normal 0 -0.9284766908852591 0.3713906763541045
    outer loop
      vertex 27.5 30.799999999999997 10.91
      vertex 31 31.4 12.41
      vertex 27.5 31.4 12.41
    endloop
  endfacet
  facet normal 0 1 0
    outer loop
      vertex 27.5 32.199999999999996 10.9
      vertex 27.5 32.199999999999996 12.41
      vertex 31 32.199999999999996 12.41
    endloop
  endfacet
  facet normal 0 0 1
    outer loop
      vertex 27.5 31.4 12.41
      vertex 31 32.199999999999996 12.41
      vertex 27.5 32.199999999999996 12.41
    endloop
  endfacet
  facet normal 0 0 1
    outer loop
      vertex 27.5 31.4 12.41
      vertex 31 31.4 12.41
      vertex 31 32.199999999999996 12.41
    endloop
  endfacet
  facet normal 1 0 0
    outer loop
      vertex 31 30.799999999999997 10.9
      vertex 31 32.199999999999996 12.41
      vertex 31 31.4 12.41
    endloop
  endfacet
  facet normal 0 -1 0
    outer loop
      vertex 21 30.799999999999997 10.9
      vertex 24.5 30.799999999999997 10.9
      vertex 21 30.799999999999997 10.91
    endloop
  endfacet
  facet normal -1 0 0
    outer loop
      vertex 21 30.799999999999997 10.9
      vertex 21 30.799999999999997 10.91
      vertex 21 31.4 12.41
    endloop
  endfacet
  facet normal -1 0 0
    outer loop
      vertex 21 30.799999999999997 10.9
      vertex 21 32.199999999999996 12.41
      vertex 21 32.199999999999996 10.9
    endloop
  endfacet
  facet normal 0 -1 0
    outer loop
      vertex 21 30.799999999999997 10.91
      vertex 24.5 30.799999999999997 10.9
      vertex 24.5 30.799999999999997 10.91
    endloop
  endfacet
  facet normal 0 -0.9284766908852591 0.3713906763541045
    outer loop
      vertex 21 30.799999999999997 10.91
      vertex 24.5 30.799999999999997 10.91
      vertex 24.5 31.4 12.41
    endloop
  endfacet
  facet normal 0 1 0
    outer loop
      vertex 21 32.199999999999996 10.9
      vertex 24.5 32.199999999999996 12.41
      vertex 24.5 32.199999999999996 10.9
    endloop
  endfacet
  facet normal -1 0 0
    outer loop
      vertex 21 30.799999999999997 10.9
      vertex 21 31.4 12.41
      vertex 21 32.199999999999996 12.41
    endloop
  endfacet
  facet normal 0 -0.9284766908852591 0.3713906763541045
    outer loop
      vertex 21 30.799999999999997 10.91
      vertex 24.5 31.4 12.41
      vertex 21 31.4 12.41
    endloop
  endfacet
  facet normal 0 1 0
    outer loop
      vertex 21 32.199999999999996 10.9
      vertex 21 32.199999999999996 12.41
      vertex 24.5 32.199999999999996 12.41
    endloop
  endfacet
  facet normal 0 0 1
    outer loop
      vertex 21 31.4 12.41
      vertex 24.5 32.199999999999996 12.41
      vertex 21 32.199999999999996 12.41
    endloop
  endfacet
  facet normal 0 0 1
    outer loop
      vertex 21 31.4 12.41
      vertex 24.5 31.4 12.41
      vertex 24.5 32.199999999999996 12.41
    endloop
  endfacet
  facet normal 1 0 0
    outer loop
      vertex 24.5 30.799999999999997 10.9
      vertex 24.5 31.4 12.41
      vertex 24.5 30.799999999999997 10.91
    endloop
  endfacet
  facet normal 1 0 0
    outer loop
      vertex 24.5 30.799999999999997 10.9
      vertex 24.5 32.199999999999996 10.9
      vertex 24.5 32.199999999999996 12.41
    endloop
  endfacet
  facet normal 1 0 0
    outer loop
      vertex 24.5 30.799999999999997 10.9
      vertex 24.5 32.199999999999996 12.41
      vertex 24.5 31.4 12.41
    endloop
  endfacet
  facet normal 0 0 -1
    outer loop
      vertex 6 5.7 8.5
      vertex 6 6 8.5
      vertex 9.5 6 8.5
    endloop
  endfacet
  facet normal 0 0 -1
    outer loop
      vertex 6 5.7 8.5
      vertex 9.5 6 8.5
      vertex 9.5 5.7 8.5
    endloop
  endfacet
  facet normal -1 0 0
    outer loop
      vertex 6 5.7 8.5
      vertex 6 5.7 9.9
      vertex 6 6 9.9
    endloop
  endfacet
  facet normal -1 0 0
    outer loop
      vertex 6 5.7 8.5
      vertex 6 6 9.9
      vertex 6 6 8.5
    endloop
  endfacet
  facet normal 0 1 0
    outer loop
      vertex 6 6 8.5
      vertex 6 6 9.9
      vertex 9.5 6 8.5
    endloop
  endfacet
  facet normal 0 1 0
    outer loop
      vertex 9.5 6 8.5
      vertex 6 6 9.9
      vertex 9.5 6 9.9
    endloop
  endfacet
  facet normal 1 0 0
    outer loop
      vertex 9.5 5.7 8.5
      vertex 9.5 6 8.5
      vertex 9.5 5.7 9.9
    endloop
  endfacet
  facet normal 1 0 0
    outer loop
      vertex 9.5 6 8.5
      vertex 9.5 6 9.9
      vertex 9.5 5.7 9.9
    endloop
  endfacet
  facet normal 0 0 -1
    outer loop
      vertex 12.5 5.7 8.5
      vertex 16 6 8.5
      vertex 16 5.7 8.5
    endloop
  endfacet
  facet normal 0 0 -1
    outer loop
      vertex 12.5 5.7 8.5
      vertex 12.5 6 8.5
      vertex 16 6 8.5
    endloop
  endfacet
  facet normal -1 0 0
    outer loop
      vertex 12.5 5.7 8.5
      vertex 12.5 5.7 9.9
      vertex 12.5 6 9.9
    endloop
  endfacet
  facet normal -1 0 0
    outer loop
      vertex 12.5 5.7 8.5
      vertex 12.5 6 9.9
      vertex 12.5 6 8.5
    endloop
  endfacet
  facet normal 0 1 0
    outer loop
      vertex 12.5 6 8.5
      vertex 12.5 6 9.9
      vertex 16 6 8.5
    endloop
  endfacet
  facet normal 0 1 0
    outer loop
      vertex 16 6 8.5
      vertex 12.5 6 9.9
      vertex 16 6 9.9
    endloop
  endfacet
  facet normal 1 0 0
    outer loop
      vertex 16 5.7 8.5
      vertex 16 6 8.5
      vertex 16 5.7 9.9
    endloop
  endfacet
  facet normal 1 0 0
    outer loop
      vertex 16 6 8.5
      vertex 16 6 9.9
      vertex 16 5.7 9.9
    endloop
  endfacet
  facet normal 0 0 -1
    outer loop
      vertex 21 5.7 8.5
      vertex 21 6 8.5
      vertex 24.5 6 8.5
    endloop
  endfacet
  facet normal 0 0 -1
    outer loop
      vertex 21 5.7 8.5
      vertex 24.5 6 8.5
      vertex 24.5 5.7 8.5
    endloop
  endfacet
  facet normal -1 0 0
    outer loop
      vertex 21 5.7 8.5
      vertex 21 5.7 9.9
      vertex 21 6 9.9
    endloop
  endfacet
  facet normal -1 0 0
    outer loop
      vertex 21 5.7 8.5
      vertex 21 6 9.9
      vertex 21 6 8.5
    endloop
  endfacet
  facet normal 0 1 0
    outer loop
      vertex 21 6 8.5
      vertex 21 6 9.9
      vertex 24.5 6 8.5
    endloop
  endfacet
  facet normal 0 1 0
    outer loop
      vertex 21 6 9.9
      vertex 24.5 6 9.9
      vertex 24.5 6 8.5
    endloop
  endfacet
  facet normal 1 0 0
    outer loop
      vertex 24.5 5.7 8.5
      vertex 24.5 6 8.5
      vertex 24.5 5.7 9.9
    endloop
  endfacet
  facet normal 1 0 0
    outer loop
      vertex 24.5 6 8.5
      vertex 24.5 6 9.9
      vertex 24.5 5.7 9.9
    endloop
  endfacet
  facet normal 0 0 -1
    outer loop
      vertex 27.5 5.7 8.5
      vertex 31 6 8.5
      vertex 31 5.7 8.5
    endloop
  endfacet
  facet normal 0 0 -1
    outer loop
      vertex 27.5 5.7 8.5
      vertex 27.5 6 8.5
      vertex 31 6 8.5
    endloop
  endfacet
  facet normal -1 0 0
    outer loop
      vertex 27.5 5.7 8.5
      vertex 27.5 5.7 9.9
      vertex 27.5 6 9.9
    endloop
  endfacet
  facet normal -1 0 0
    outer loop
      vertex 27.5 5.7 8.5
      vertex 27.5 6 9.9
      vertex 27.5 6 8.5
    endloop
  endfacet
  facet normal 0 1 0
    outer loop
      vertex 27.5 6 8.5
      vertex 27.5 6 9.9
      vertex 31 6 8.5
    endloop
  endfacet
  facet normal 0 1 0
    outer loop
      vertex 27.5 6 9.9
      vertex 31 6 9.9
      vertex 31 6 8.5
    endloop
  endfacet
  facet normal 1 0 0
    outer loop
      vertex 31 5.7 8.5
      vertex 31 6 8.5
      vertex 31 5.7 9.9
    endloop
  endfacet
  facet normal 1 0 0
    outer loop
      vertex 31 6 8.5
      vertex 31 6 9.9
      vertex 31 5.7 9.9
    endloop
  endfacet
  facet normal 0 0 -1
    outer loop
      vertex 12.5 31.4 8.5
      vertex 16 31.7 8.5
      vertex 16 31.4 8.5
    endloop
  endfacet
  facet normal 0 0 -1
    outer loop
      vertex 12.5 31.4 8.5
      vertex 12.5 31.7 8.5
      vertex 16 31.7 8.5
    endloop
  endfacet
  facet normal -1 0 0
    outer loop
      vertex 12.5 31.4 8.5
      vertex 12.5 31.4 9.9
      vertex 12.5 31.7 9.9
    endloop
  endfacet
  facet normal -1 0 0
    outer loop
      vertex 12.5 31.4 8.5
      vertex 12.5 31.7 9.9
      vertex 12.5 31.7 8.5
    endloop
  endfacet
  facet normal 0 -1 0
    outer loop
      vertex 12.5 31.4 8.5
      vertex 16 31.4 9.9
      vertex 12.5 31.4 9.9
    endloop
  endfacet
  facet normal 0 -1 0
    outer loop
      vertex 12.5 31.4 8.5
      vertex 16 31.4 8.5
      vertex 16 31.4 9.9
    endloop
  endfacet
  facet normal 1 0 0
    outer loop
      vertex 16 31.4 8.5
      vertex 16 31.7 8.5
      vertex 16 31.4 9.9
    endloop
  endfacet
  facet normal 1 0 0
    outer loop
      vertex 16 31.7 8.5
      vertex 16 31.7 9.9
      vertex 16 31.4 9.9
    endloop
  endfacet
  facet normal 0 0 -1
    outer loop
      vertex 6 31.4 8.5
      vertex 6 31.7 8.5
      vertex 9.5 31.7 8.5
    endloop
  endfacet
  facet normal 0 0 -1
    outer loop
      vertex 6 31.4 8.5
      vertex 9.5 31.7 8.5
      vertex 9.5 31.4 8.5
    endloop
  endfacet
  facet normal -1 0 0
    outer loop
      vertex 6 31.4 8.5
      vertex 6 31.4 9.9
      vertex 6 31.7 9.9
    endloop
  endfacet
  facet normal 0 -1 0
    outer loop
      vertex 6 31.4 8.5
      vertex 9.5 31.4 9.9
      vertex 6 31.4 9.9
    endloop
  endfacet
  facet normal -1 0 0
    outer loop
      vertex 6 31.4 8.5
      vertex 6 31.7 9.9
      vertex 6 31.7 8.5
    endloop
  endfacet
  facet normal 0 -1 0
    outer loop
      vertex 6 31.4 8.5
      vertex 9.5 31.4 8.5
      vertex 9.5 31.4 9.9
    endloop
  endfacet
  facet normal 1 0 0
    outer loop
      vertex 9.5 31.4 8.5
      vertex 9.5 31.7 8.5
      vertex 9.5 31.4 9.9
    endloop
  endfacet
  facet normal 1 0 0
    outer loop
      vertex 9.5 31.7 8.5
      vertex 9.5 31.7 9.9
      vertex 9.5 31.4 9.9
    endloop
  endfacet
  facet normal 0 0 -1
    outer loop
      vertex 27.5 31.4 8.5
      vertex 31 31.7 8.5
      vertex 31 31.4 8.5
    endloop
  endfacet
  facet normal 0 0 -1
    outer loop
      vertex 27.5 31.4 8.5
      vertex 27.5 31.7 8.5
      vertex 31 31.7 8.5
    endloop
  endfacet
  facet normal -1 0 0
    outer loop
      vertex 27.5 31.4 8.5
      vertex 27.5 31.4 9.9
      vertex 27.5 31.7 9.9
    endloop
  endfacet
  facet normal -1 0 0
    outer loop
      vertex 27.5 31.4 8.5
      vertex 27.5 31.7 9.9
      vertex 27.5 31.7 8.5
    endloop
  endfacet
  facet normal 0 -1 0
    outer loop
      vertex 27.5 31.4 8.5
      vertex 31 31.4 9.9
      vertex 27.5 31.4 9.9
    endloop
  endfacet
  facet normal 0 -1 0
    outer loop
      vertex 27.5 31.4 8.5
      vertex 31 31.4 8.5
      vertex 31 31.4 9.9
    endloop
  endfacet
  facet normal 1 0 0
    outer loop
      vertex 31 31.4 8.5
      vertex 31 31.7 8.5
      vertex 31 31.4 9.9
    endloop
  endfacet
  facet normal 1 0 0
    outer loop
      vertex 31 31.7 8.5
      vertex 31 31.7 9.9
      vertex 31 31.4 9.9
    endloop
  endfacet
  facet normal 0 0 -1
    outer loop
      vertex 21 31.4 8.5
      vertex 21 31.7 8.5
      vertex 24.5 31.7 8.5
    endloop
  endfacet
  facet normal 0 0 -1
    outer loop
      vertex 21 31.4 8.5
      vertex 24.5 31.7 8.5
      vertex 24.5 31.4 8.5
    endloop
  endfacet
  facet normal -1 0 0
    outer loop
      vertex 21 31.4 8.5
      vertex 21 31.4 9.9
      vertex 21 31.7 9.9
    endloop
  endfacet
  facet normal 0 -1 0
    outer loop
      vertex 21 31.4 8.5
      vertex 24.5 31.4 9.9
      vertex 21 31.4 9.9
    endloop
  endfacet
  facet normal -1 0 0
    outer loop
      vertex 21 31.4 8.5
      vertex 21 31.7 9.9
      vertex 21 31.7 8.5
    endloop
  endfacet
  facet normal 0 -1 0
    outer loop
      vertex 21 31.4 8.5
      vertex 24.5 31.4 8.5
      vertex 24.5 31.4 9.9
    endloop
  endfacet
  facet normal 1 0 0
    outer loop
      vertex 24.5 31.4 8.5
      vertex 24.5 31.7 8.5
      vertex 24.5 31.4 9.9
    endloop
  endfacet
  facet normal 1 0 0
    outer loop
      vertex 24.5 31.7 8.5
      vertex 24.5 31.7 9.9
      vertex 24.5 31.4 9.9
    endloop
  endfacet
  facet normal 0 0 -1
    outer loop
      vertex 6 6 9.9
      vertex 6 6.6 9.9
      vertex 9.5 6 9.9
    endloop
  endfacet
  facet normal 0 0 -1
    outer loop
      vertex 6 6.6 9.9
      vertex 9.5 6.6 9.9
      vertex 9.5 6 9.9
    endloop
  endfacet
  facet normal -1 0 0
    outer loop
      vertex 6 5.2 9.9
      vertex 6 6.6 10.9
      vertex 6 5.7 9.9
    endloop
  endfacet
  facet normal -1 0 0
    outer loop
      vertex 6 5.2 9.9
      vertex 6 5.2 10.9
      vertex 6 6.6 10.9
    endloop
  endfacet
  facet normal 0 -1 0
    outer loop
      vertex 6 5.2 9.9
      vertex 9.5 5.2 10.9
      vertex 6 5.2 10.9
    endloop
  endfacet
  facet normal -1 0 0
    outer loop
      vertex 6 5.7 9.9
      vertex 6 6.6 10.9
      vertex 6 6 9.9
    endloop
  endfacet
  facet normal -1 0 0
    outer loop
      vertex 6 6 9.9
      vertex 6 6.6 10.9
      vertex 6 6.6 9.9
    endloop
  endfacet
  facet normal 0 1 0
    outer loop
      vertex 6 6.6 9.9
      vertex 6 6.6 10.9
      vertex 9.5 6.6 9.9
    endloop
  endfacet
  facet normal 0 -1 0
    outer loop
      vertex 6 5.2 9.9
      vertex 9.5 5.2 9.9
      vertex 9.5 5.2 10.9
    endloop
  endfacet
  facet normal 0 1 0
    outer loop
      vertex 6 6.6 10.9
      vertex 9.5 6.6 10.9
      vertex 9.5 6.6 9.9
    endloop
  endfacet
  facet normal 1 0 0
    outer loop
      vertex 9.5 5.2 9.9
      vertex 9.5 5.7 9.9
      vertex 9.5 5.2 10.9
    endloop
  endfacet
  facet normal 1 0 0
    outer loop
      vertex 9.5 5.7 9.9
      vertex 9.5 6 9.9
      vertex 9.5 5.2 10.9
    endloop
  endfacet
  facet normal 1 0 0
    outer loop
      vertex 9.5 6 9.9
      vertex 9.5 6.6 9.9
      vertex 9.5 5.2 10.9
    endloop
  endfacet
  facet normal 1 0 0
    outer loop
      vertex 9.5 6.6 9.9
      vertex 9.5 6.6 10.9
      vertex 9.5 5.2 10.9
    endloop
  endfacet
  facet normal 0 0 -1
    outer loop
      vertex 12.5 6 9.9
      vertex 12.5 6.6 9.9
      vertex 16 6 9.9
    endloop
  endfacet
  facet normal 0 0 -1
    outer loop
      vertex 12.5 6.6 9.9
      vertex 16 6.6 9.9
      vertex 16 6 9.9
    endloop
  endfacet
  facet normal -1 0 0
    outer loop
      vertex 12.5 5.2 9.9
      vertex 12.5 6.6 10.9
      vertex 12.5 5.7 9.9
    endloop
  endfacet
  facet normal -1 0 0
    outer loop
      vertex 12.5 5.2 9.9
      vertex 12.5 5.2 10.9
      vertex 12.5 6.6 10.9
    endloop
  endfacet
  facet normal -1 0 0
    outer loop
      vertex 12.5 5.7 9.9
      vertex 12.5 6.6 10.9
      vertex 12.5 6 9.9
    endloop
  endfacet
  facet normal -1 0 0
    outer loop
      vertex 12.5 6 9.9
      vertex 12.5 6.6 10.9
      vertex 12.5 6.6 9.9
    endloop
  endfacet
  facet normal 0 -1 0
    outer loop
      vertex 12.5 5.2 9.9
      vertex 16 5.2 10.9
      vertex 12.5 5.2 10.9
    endloop
  endfacet
  facet normal 0 -1 0
    outer loop
      vertex 12.5 5.2 9.9
      vertex 16 5.2 9.9
      vertex 16 5.2 10.9
    endloop
  endfacet
  facet normal 0 1 0
    outer loop
      vertex 12.5 6.6 9.9
      vertex 12.5 6.6 10.9
      vertex 16 6.6 9.9
    endloop
  endfacet
  facet normal 0 1 0
    outer loop
      vertex 12.5 6.6 10.9
      vertex 16 6.6 10.9
      vertex 16 6.6 9.9
    endloop
  endfacet
  facet normal 1 0 0
    outer loop
      vertex 16 5.2 9.9
      vertex 16 5.7 9.9
      vertex 16 5.2 10.9
    endloop
  endfacet
  facet normal 1 0 0
    outer loop
      vertex 16 5.7 9.9
      vertex 16 6 9.9
      vertex 16 5.2 10.9
    endloop
  endfacet
  facet normal 1 0 0
    outer loop
      vertex 16 6 9.9
      vertex 16 6.6 9.9
      vertex 16 5.2 10.9
    endloop
  endfacet
  facet normal 1 0 0
    outer loop
      vertex 16 6.6 9.9
      vertex 16 6.6 10.9
      vertex 16 5.2 10.9
    endloop
  endfacet
  facet normal 0 0 -1
    outer loop
      vertex 21 6 9.9
      vertex 21 6.6 9.9
      vertex 24.5 6 9.9
    endloop
  endfacet
  facet normal 0 0 -1
    outer loop
      vertex 21 6.6 9.9
      vertex 24.5 6.6 9.9
      vertex 24.5 6 9.9
    endloop
  endfacet
  facet normal -1 0 0
    outer loop
      vertex 21 5.2 9.9
      vertex 21 6.6 10.9
      vertex 21 5.7 9.9
    endloop
  endfacet
  facet normal -1 0 0
    outer loop
      vertex 21 5.2 9.9
      vertex 21 5.2 10.9
      vertex 21 6.6 10.9
    endloop
  endfacet
  facet normal 0 -1 0
    outer loop
      vertex 21 5.2 9.9
      vertex 24.5 5.2 10.9
      vertex 21 5.2 10.9
    endloop
  endfacet
  facet normal -1 0 0
    outer loop
      vertex 21 5.7 9.9
      vertex 21 6.6 10.9
      vertex 21 6 9.9
    endloop
  endfacet
  facet normal -1 0 0
    outer loop
      vertex 21 6 9.9
      vertex 21 6.6 10.9
      vertex 21 6.6 9.9
    endloop
  endfacet
  facet normal 0 1 0
    outer loop
      vertex 21 6.6 9.9
      vertex 21 6.6 10.9
      vertex 24.5 6.6 9.9
    endloop
  endfacet
  facet normal 0 -1 0
    outer loop
      vertex 21 5.2 9.9
      vertex 24.5 5.2 9.9
      vertex 24.5 5.2 10.9
    endloop
  endfacet
  facet normal 0 1 0
    outer loop
      vertex 21 6.6 10.9
      vertex 24.5 6.6 10.9
      vertex 24.5 6.6 9.9
    endloop
  endfacet
  facet normal 1 0 0
    outer loop
      vertex 24.5 5.2 9.9
      vertex 24.5 5.7 9.9
      vertex 24.5 5.2 10.9
    endloop
  endfacet
  facet normal 1 0 0
    outer loop
      vertex 24.5 5.7 9.9
      vertex 24.5 6 9.9
      vertex 24.5 5.2 10.9
    endloop
  endfacet
  facet normal 1 0 0
    outer loop
      vertex 24.5 6 9.9
      vertex 24.5 6.6 9.9
      vertex 24.5 5.2 10.9
    endloop
  endfacet
  facet normal 1 0 0
    outer loop
      vertex 24.5 6.6 9.9
      vertex 24.5 6.6 10.9
      vertex 24.5 5.2 10.9
    endloop
  endfacet
  facet normal 0 0 -1
    outer loop
      vertex 27.5 6 9.9
      vertex 27.5 6.6 9.9
      vertex 31 6 9.9
    endloop
  endfacet
  facet normal 0 0 -1
    outer loop
      vertex 27.5 6.6 9.9
      vertex 31 6.6 9.9
      vertex 31 6 9.9
    endloop
  endfacet
  facet normal -1 0 0
    outer loop
      vertex 27.5 5.2 9.9
      vertex 27.5 6.6 10.9
      vertex 27.5 5.7 9.9
    endloop
  endfacet
  facet normal -1 0 0
    outer loop
      vertex 27.5 5.2 9.9
      vertex 27.5 5.2 10.9
      vertex 27.5 6.6 10.9
    endloop
  endfacet
  facet normal -1 0 0
    outer loop
      vertex 27.5 5.7 9.9
      vertex 27.5 6.6 10.9
      vertex 27.5 6 9.9
    endloop
  endfacet
  facet normal -1 0 0
    outer loop
      vertex 27.5 6 9.9
      vertex 27.5 6.6 10.9
      vertex 27.5 6.6 9.9
    endloop
  endfacet
  facet normal 0 -1 0
    outer loop
      vertex 27.5 5.2 9.9
      vertex 31 5.2 10.9
      vertex 27.5 5.2 10.9
    endloop
  endfacet
  facet normal 0 -1 0
    outer loop
      vertex 27.5 5.2 9.9
      vertex 31 5.2 9.9
      vertex 31 5.2 10.9
    endloop
  endfacet
  facet normal 0 1 0
    outer loop
      vertex 27.5 6.6 9.9
      vertex 27.5 6.6 10.9
      vertex 31 6.6 9.9
    endloop
  endfacet
  facet normal 0 1 0
    outer loop
      vertex 27.5 6.6 10.9
      vertex 31 6.6 10.9
      vertex 31 6.6 9.9
    endloop
  endfacet
  facet normal 1 0 0
    outer loop
      vertex 31 5.2 9.9
      vertex 31 5.7 9.9
      vertex 31 5.2 10.9
    endloop
  endfacet
  facet normal 1 0 0
    outer loop
      vertex 31 5.7 9.9
      vertex 31 6 9.9
      vertex 31 5.2 10.9
    endloop
  endfacet
  facet normal 1 0 0
    outer loop
      vertex 31 6 9.9
      vertex 31 6.6 9.9
      vertex 31 5.2 10.9
    endloop
  endfacet
  facet normal 1 0 0
    outer loop
      vertex 31 6.6 9.9
      vertex 31 6.6 10.9
      vertex 31 5.2 10.9
    endloop
  endfacet
  facet normal 0 0 -1
    outer loop
      vertex 12.5 30.799999999999997 9.9
      vertex 12.5 31.4 9.9
      vertex 16 30.799999999999997 9.9
    endloop
  endfacet
  facet normal 0 0 -1
    outer loop
      vertex 12.5 31.4 9.9
      vertex 16 31.4 9.9
      vertex 16 30.799999999999997 9.9
    endloop
  endfacet
  facet normal -1 0 0
    outer loop
      vertex 12.5 30.799999999999997 9.9
      vertex 12.5 32.199999999999996 10.9
      vertex 12.5 31.4 9.9
    endloop
  endfacet
  facet normal -1 0 0
    outer loop
      vertex 12.5 30.799999999999997 9.9
      vertex 12.5 30.799999999999997 10.9
      vertex 12.5 32.199999999999996 10.9
    endloop
  endfacet
  facet normal -1 0 0
    outer loop
      vertex 12.5 31.4 9.9
      vertex 12.5 32.199999999999996 10.9
      vertex 12.5 31.7 9.9
    endloop
  endfacet
  facet normal -1 0 0
    outer loop
      vertex 12.5 31.7 9.9
      vertex 12.5 32.199999999999996 10.9
      vertex 12.5 32.199999999999996 9.9
    endloop
  endfacet
  facet normal 0 -1 0
    outer loop
      vertex 12.5 30.799999999999997 9.9
      vertex 16 30.799999999999997 10.9
      vertex 12.5 30.799999999999997 10.9
    endloop
  endfacet
  facet normal 0 -1 0
    outer loop
      vertex 12.5 30.799999999999997 9.9
      vertex 16 30.799999999999997 9.9
      vertex 16 30.799999999999997 10.9
    endloop
  endfacet
  facet normal 0 1 0
    outer loop
      vertex 12.5 32.199999999999996 9.9
      vertex 12.5 32.199999999999996 10.9
      vertex 16 32.199999999999996 9.9
    endloop
  endfacet
  facet normal 0 1 0
    outer loop
      vertex 12.5 32.199999999999996 10.9
      vertex 16 32.199999999999996 10.9
      vertex 16 32.199999999999996 9.9
    endloop
  endfacet
  facet normal 1 0 0
    outer loop
      vertex 16 30.799999999999997 9.9
      vertex 16 31.4 9.9
      vertex 16 30.799999999999997 10.9
    endloop
  endfacet
  facet normal 1 0 0
    outer loop
      vertex 16 31.4 9.9
      vertex 16 31.7 9.9
      vertex 16 30.799999999999997 10.9
    endloop
  endfacet
  facet normal 1 0 0
    outer loop
      vertex 16 31.7 9.9
      vertex 16 32.199999999999996 9.9
      vertex 16 30.799999999999997 10.9
    endloop
  endfacet
  facet normal 1 0 0
    outer loop
      vertex 16 32.199999999999996 9.9
      vertex 16 32.199999999999996 10.9
      vertex 16 30.799999999999997 10.9
    endloop
  endfacet
  facet normal 0 0 -1
    outer loop
      vertex 6 30.799999999999997 9.9
      vertex 6 31.4 9.9
      vertex 9.5 30.799999999999997 9.9
    endloop
  endfacet
  facet normal 0 0 -1
    outer loop
      vertex 6 31.4 9.9
      vertex 9.5 31.4 9.9
      vertex 9.5 30.799999999999997 9.9
    endloop
  endfacet
  facet normal -1 0 0
    outer loop
      vertex 6 30.799999999999997 9.9
      vertex 6 32.199999999999996 10.9
      vertex 6 31.4 9.9
    endloop
  endfacet
  facet normal -1 0 0
    outer loop
      vertex 6 30.799999999999997 9.9
      vertex 6 30.799999999999997 10.9
      vertex 6 32.199999999999996 10.9
    endloop
  endfacet
  facet normal 0 -1 0
    outer loop
      vertex 6 30.799999999999997 9.9
      vertex 9.5 30.799999999999997 10.9
      vertex 6 30.799999999999997 10.9
    endloop
  endfacet
  facet normal -1 0 0
    outer loop
      vertex 6 31.4 9.9
      vertex 6 32.199999999999996 10.9
      vertex 6 31.7 9.9
    endloop
  endfacet
  facet normal -1 0 0
    outer loop
      vertex 6 31.7 9.9
      vertex 6 32.199999999999996 10.9
      vertex 6 32.199999999999996 9.9
    endloop
  endfacet
  facet normal 0 1 0
    outer loop
      vertex 6 32.199999999999996 9.9
      vertex 6 32.199999999999996 10.9
      vertex 9.5 32.199999999999996 9.9
    endloop
  endfacet
  facet normal 0 -1 0
    outer loop
      vertex 6 30.799999999999997 9.9
      vertex 9.5 30.799999999999997 9.9
      vertex 9.5 30.799999999999997 10.9
    endloop
  endfacet
  facet normal 0 1 0
    outer loop
      vertex 6 32.199999999999996 10.9
      vertex 9.5 32.199999999999996 10.9
      vertex 9.5 32.199999999999996 9.9
    endloop
  endfacet
  facet normal 1 0 0
    outer loop
      vertex 9.5 30.799999999999997 9.9
      vertex 9.5 31.4 9.9
      vertex 9.5 30.799999999999997 10.9
    endloop
  endfacet
  facet normal 1 0 0
    outer loop
      vertex 9.5 31.4 9.9
      vertex 9.5 31.7 9.9
      vertex 9.5 30.799999999999997 10.9
    endloop
  endfacet
  facet normal 1 0 0
    outer loop
      vertex 9.5 31.7 9.9
      vertex 9.5 32.199999999999996 9.9
      vertex 9.5 30.799999999999997 10.9
    endloop
  endfacet
  facet normal 1 0 0
    outer loop
      vertex 9.5 32.199999999999996 9.9
      vertex 9.5 32.199999999999996 10.9
      vertex 9.5 30.799999999999997 10.9
    endloop
  endfacet
  facet normal 0 0 -1
    outer loop
      vertex 27.5 30.799999999999997 9.9
      vertex 27.5 31.4 9.9
      vertex 31 30.799999999999997 9.9
    endloop
  endfacet
  facet normal 0 0 -1
    outer loop
      vertex 27.5 31.4 9.9
      vertex 31 31.4 9.9
      vertex 31 30.799999999999997 9.9
    endloop
  endfacet
  facet normal -1 0 0
    outer loop
      vertex 27.5 30.799999999999997 9.9
      vertex 27.5 32.199999999999996 10.9
      vertex 27.5 31.4 9.9
    endloop
  endfacet
  facet normal -1 0 0
    outer loop
      vertex 27.5 30.799999999999997 9.9
      vertex 27.5 30.799999999999997 10.9
      vertex 27.5 32.199999999999996 10.9
    endloop
  endfacet
  facet normal -1 0 0
    outer loop
      vertex 27.5 31.4 9.9
      vertex 27.5 32.199999999999996 10.9
      vertex 27.5 31.7 9.9
    endloop
  endfacet
  facet normal -1 0 0
    outer loop
      vertex 27.5 31.7 9.9
      vertex 27.5 32.199999999999996 10.9
      vertex 27.5 32.199999999999996 9.9
    endloop
  endfacet
  facet normal 0 -1 0
    outer loop
      vertex 27.5 30.799999999999997 9.9
      vertex 31 30.799999999999997 10.9
      vertex 27.5 30.799999999999997 10.9
    endloop
  endfacet
  facet normal 0 -1 0
    outer loop
      vertex 27.5 30.799999999999997 9.9
      vertex 31 30.799999999999997 9.9
      vertex 31 30.799999999999997 10.9
    endloop
  endfacet
  facet normal 0 1 0
    outer loop
      vertex 27.5 32.199999999999996 9.9
      vertex 27.5 32.199999999999996 10.9
      vertex 31 32.199999999999996 9.9
    endloop
  endfacet
  facet normal 0 1 0
    outer loop
      vertex 27.5 32.199999999999996 10.9
      vertex 31 32.199999999999996 10.9
      vertex 31 32.199999999999996 9.9
    endloop
  endfacet
  facet normal 1 0 0
    outer loop
      vertex 31 30.799999999999997 9.9
      vertex 31 31.4 9.9
      vertex 31 30.799999999999997 10.9
    endloop
  endfacet
  facet normal 1 0 0
    outer loop
      vertex 31 31.4 9.9
      vertex 31 31.7 9.9
      vertex 31 30.799999999999997 10.9
    endloop
  endfacet
  facet normal 1 0 0
    outer loop
      vertex 31 31.7 9.9
      vertex 31 32.199999999999996 9.9
      vertex 31 30.799999999999997 10.9
    endloop
  endfacet
  facet normal 1 0 0
    outer loop
      vertex 31 32.199999999999996 9.9
      vertex 31 32.199999999999996 10.9
      vertex 31 30.799999999999997 10.9
    endloop
  endfacet
  facet normal 0 0 -1
    outer loop
      vertex 21 30.799999999999997 9.9
      vertex 21 31.4 9.9
      vertex 24.5 30.799999999999997 9.9
    endloop
  endfacet
  facet normal 0 0 -1
    outer loop
      vertex 21 31.4 9.9
      vertex 24.5 31.4 9.9
      vertex 24.5 30.799999999999997 9.9
    endloop
  endfacet
  facet normal -1 0 0
    outer loop
      vertex 21 30.799999999999997 9.9
      vertex 21 32.199999999999996 10.9
      vertex 21 31.4 9.9
    endloop
  endfacet
  facet normal -1 0 0
    outer loop
      vertex 21 30.799999999999997 9.9
      vertex 21 30.799999999999997 10.9
      vertex 21 32.199999999999996 10.9
    endloop
  endfacet
  facet normal 0 -1 0
    outer loop
      vertex 21 30.799999999999997 9.9
      vertex 24.5 30.799999999999997 10.9
      vertex 21 30.799999999999997 10.9
    endloop
  endfacet
  facet normal -1 0 0
    outer loop
      vertex 21 31.4 9.9
      vertex 21 32.199999999999996 10.9
      vertex 21 31.7 9.9
    endloop
  endfacet
  facet normal -1 0 0
    outer loop
      vertex 21 31.7 9.9
      vertex 21 32.199999999999996 10.9
      vertex 21 32.199999999999996 9.9
    endloop
  endfacet
  facet normal 0 1 0
    outer loop
      vertex 21 32.199999999999996 9.9
      vertex 21 32.199999999999996 10.9
      vertex 24.5 32.199999999999996 9.9
    endloop
  endfacet
  facet normal 0 -1 0
    outer loop
      vertex 21 30.799999999999997 9.9
      vertex 24.5 30.799999999999997 9.9
      vertex 24.5 30.799999999999997 10.9
    endloop
  endfacet
  facet normal 0 1 0
    outer loop
      vertex 21 32.199999999999996 10.9
      vertex 24.5 32.199999999999996 10.9
      vertex 24.5 32.199999999999996 9.9
    endloop
  endfacet
  facet normal 1 0 0
    outer loop
      vertex 24.5 30.799999999999997 9.9
      vertex 24.5 31.4 9.9
      vertex 24.5 30.799999999999997 10.9
    endloop
  endfacet
  facet normal 1 0 0
    outer loop
      vertex 24.5 31.4 9.9
      vertex 24.5 31.7 9.9
      vertex 24.5 30.799999999999997 10.9
    endloop
  endfacet
  facet normal 1 0 0
    outer loop
      vertex 24.5 31.7 9.9
      vertex 24.5 32.199999999999996 9.9
      vertex 24.5 30.799999999999997 10.9
    endloop
  endfacet
  facet normal 1 0 0
    outer loop
      vertex 24.5 32.199999999999996 9.9
      vertex 24.5 32.199999999999996 10.9
      vertex 24.5 30.799999999999997 10.9
    endloop
  endfacet
  facet normal -1 0 0
    outer loop
      vertex 6 2 2.000000000000001
      vertex 6 2 2.8000000000000007
      vertex 6 5.2 2.790000000000001
    endloop
  endfacet
  facet normal -1 0 0
    outer loop
      vertex 6 2 2.000000000000001
      vertex 6 6 2.790000000000001
      vertex 6 6 2.000000000000001
    endloop
  endfacet
  facet normal -1 0 0
    outer loop
      vertex 6 2 2.000000000000001
      vertex 6 5.2 2.790000000000001
      vertex 6 6 2.790000000000001
    endloop
  endfacet
  facet normal -1 0 0
    outer loop
      vertex 6 2 2.8000000000000007
      vertex 6 5.2 2.8000000000000007
      vertex 6 5.2 2.790000000000001
    endloop
  endfacet
  facet normal 0 0 1
    outer loop
      vertex 6 2 2.8000000000000007
      vertex 16 2 2.8000000000000007
      vertex 6 5.2 2.8000000000000007
    endloop
  endfacet
  facet normal 0 0 -1
    outer loop
      vertex 6 2 2.000000000000001
      vertex 6 6 2.000000000000001
      vertex 16 6 2.000000000000001
    endloop
  endfacet
  facet normal 0 1 0
    outer loop
      vertex 6 6 2.000000000000001
      vertex 6 6 2.790000000000001
      vertex 16 6 2.790000000000001
    endloop
  endfacet
  facet normal 0 0 -1
    outer loop
      vertex 6 2 2.000000000000001
      vertex 16 6 2.000000000000001
      vertex 16 2 2.000000000000001
    endloop
  endfacet
  facet normal 0 0 1
    outer loop
      vertex 6 5.2 2.8000000000000007
      vertex 16 2 2.8000000000000007
      vertex 16 5.2 2.8000000000000007
    endloop
  endfacet
  facet normal 1 0 0
    outer loop
      vertex 16 2 2.000000000000001
      vertex 16 5.2 2.8000000000000007
      vertex 16 2 2.8000000000000007
    endloop
  endfacet
  facet normal 1 0 0
    outer loop
      vertex 16 2 2.000000000000001
      vertex 16 5.2 2.790000000000001
      vertex 16 5.2 2.8000000000000007
    endloop
  endfacet
  facet normal 1 0 0
    outer loop
      vertex 16 2 2.000000000000001
      vertex 16 6 2.000000000000001
      vertex 16 5.2 2.790000000000001
    endloop
  endfacet
  facet normal 0 1 0
    outer loop
      vertex 6 6 2.000000000000001
      vertex 16 6 2.790000000000001
      vertex 16 6 2.000000000000001
    endloop
  endfacet
  facet normal 1 0 0
    outer loop
      vertex 16 5.2 2.790000000000001
      vertex 16 6 2.000000000000001
      vertex 16 6 2.790000000000001
    endloop
  endfacet
  facet normal 1 0 0
    outer loop
      vertex 16 5.2 2.8000000000000007
      vertex 16 6 2.790000000000001
      vertex 16 6 2.8000000000000007
    endloop
  endfacet
  facet normal -1 0 0
    outer loop
      vertex 21 2 2.000000000000001
      vertex 21 2 2.8000000000000007
      vertex 21 5.2 2.790000000000001
    endloop
  endfacet
  facet normal -1 0 0
    outer loop
      vertex 21 2 2.000000000000001
      vertex 21 6 2.790000000000001
      vertex 21 6 2.000000000000001
    endloop
  endfacet
  facet normal -1 0 0
    outer loop
      vertex 21 2 2.000000000000001
      vertex 21 5.2 2.790000000000001
      vertex 21 6 2.790000000000001
    endloop
  endfacet
  facet normal -1 0 0
    outer loop
      vertex 21 2 2.8000000000000007
      vertex 21 5.2 2.8000000000000007
      vertex 21 5.2 2.790000000000001
    endloop
  endfacet
  facet normal 0 0 1
    outer loop
      vertex 21 2 2.8000000000000007
      vertex 31 2 2.8000000000000007
      vertex 21 5.2 2.8000000000000007
    endloop
  endfacet
  facet normal 0 0 -1
    outer loop
      vertex 21 2 2.000000000000001
      vertex 21 6 2.000000000000001
      vertex 31 6 2.000000000000001
    endloop
  endfacet
  facet normal 0 0 -1
    outer loop
      vertex 21 2 2.000000000000001
      vertex 31 6 2.000000000000001
      vertex 31 2 2.000000000000001
    endloop
  endfacet
  facet normal 0 0 1
    outer loop
      vertex 21 5.2 2.8000000000000007
      vertex 31 2 2.8000000000000007
      vertex 31 5.2 2.8000000000000007
    endloop
  endfacet
  facet normal 0 1 0
    outer loop
      vertex 21 6 2.000000000000001
      vertex 21 6 2.790000000000001
      vertex 31 6 2.790000000000001
    endloop
  endfacet
  facet normal 0 1 0
    outer loop
      vertex 21 6 2.000000000000001
      vertex 31 6 2.790000000000001
      vertex 31 6 2.000000000000001
    endloop
  endfacet
  facet normal 1 0 0
    outer loop
      vertex 31 2 2.000000000000001
      vertex 31 5.2 2.8000000000000007
      vertex 31 2 2.8000000000000007
    endloop
  endfacet
  facet normal 1 0 0
    outer loop
      vertex 31 2 2.000000000000001
      vertex 31 5.2 2.790000000000001
      vertex 31 5.2 2.8000000000000007
    endloop
  endfacet
  facet normal 1 0 0
    outer loop
      vertex 31 2 2.000000000000001
      vertex 31 6 2.000000000000001
      vertex 31 5.2 2.790000000000001
    endloop
  endfacet
  facet normal 1 0 0
    outer loop
      vertex 31 5.2 2.790000000000001
      vertex 31 6 2.000000000000001
      vertex 31 6 2.790000000000001
    endloop
  endfacet
  facet normal 1 0 0
    outer loop
      vertex 31 5.2 2.8000000000000007
      vertex 31 6 2.790000000000001
      vertex 31 6 2.8000000000000007
    endloop
  endfacet
  facet normal -1 0 0
    outer loop
      vertex 6 5.6 3.210000000000001
      vertex 6 5.6 7.090000000000002
      vertex 6 5.980952380952382 7.100000000000001
    endloop
  endfacet
  facet normal -1 0 0
    outer loop
      vertex 6 5.6 3.210000000000001
      vertex 6 6 7.090000000000002
      vertex 6 6 3.210000000000001
    endloop
  endfacet
  facet normal -1 0 0
    outer loop
      vertex 6 5.6 3.210000000000001
      vertex 6 5.980952380952382 7.100000000000001
      vertex 6 6 7.090000000000002
    endloop
  endfacet
  facet normal 0 -1 0
    outer loop
      vertex 6 5.6 3.210000000000001
      vertex 16 5.6 3.210000000000001
      vertex 6 5.6 7.090000000000002
    endloop
  endfacet
  facet normal 0 1 0
    outer loop
      vertex 6 6 3.210000000000001
      vertex 6 6 7.090000000000002
      vertex 16 6 7.090000000000002
    endloop
  endfacet
  facet normal -1 0 0
    outer loop
      vertex 6 5.6 7.090000000000002
      vertex 6 5.6 7.100000000000001
      vertex 6 5.980952380952382 7.100000000000001
    endloop
  endfacet
  facet normal 0 -1 0
    outer loop
      vertex 6 5.6 7.090000000000002
      vertex 16 5.6 3.210000000000001
      vertex 16 5.6 7.090000000000002
    endloop
  endfacet
  facet normal 0 1 0
    outer loop
      vertex 6 6 3.210000000000001
      vertex 16 6 7.090000000000002
      vertex 16 6 3.210000000000001
    endloop
  endfacet
  facet normal 1 0 0
    outer loop
      vertex 16 5.6 3.200000000000001
      vertex 16 6 3.200000000000001
      vertex 16 5.6 3.210000000000001
    endloop
  endfacet
  facet normal 1 0 0
    outer loop
      vertex 16 5.6 3.210000000000001
      vertex 16 6 3.200000000000001
      vertex 16 5.6 7.090000000000002
    endloop
  endfacet
  facet normal 1 0 0
    outer loop
      vertex 16 6 3.200000000000001
      vertex 16 6 3.210000000000001
      vertex 16 5.6 7.090000000000002
    endloop
  endfacet
  facet normal 1 0 0
    outer loop
      vertex 16 6 3.210000000000001
      vertex 16 6 7.090000000000002
      vertex 16 5.6 7.090000000000002
    endloop
  endfacet
  facet normal -1 0 0
    outer loop
      vertex 21 5.6 3.210000000000001
      vertex 21 5.6 7.090000000000002
      vertex 21 5.980952380952382 7.100000000000001
    endloop
  endfacet
  facet normal -1 0 0
    outer loop
      vertex 21 5.6 3.210000000000001
      vertex 21 6 7.090000000000002
      vertex 21 6 3.210000000000001
    endloop
  endfacet
  facet normal -1 0 0
    outer loop
      vertex 21 5.6 3.210000000000001
      vertex 21 5.980952380952382 7.100000000000001
      vertex 21 6 7.090000000000002
    endloop
  endfacet
  facet normal -1 0 0
    outer loop
      vertex 21 5.6 7.090000000000002
      vertex 21 5.6 7.100000000000001
      vertex 21 5.980952380952382 7.100000000000001
    endloop
  endfacet
  facet normal 0 -1 0
    outer loop
      vertex 21 5.6 3.210000000000001
      vertex 31 5.6 3.210000000000001
      vertex 21 5.6 7.090000000000002
    endloop
  endfacet
  facet normal 0 1 0
    outer loop
      vertex 21 6 3.210000000000001
      vertex 21 6 7.090000000000002
      vertex 31 6 7.090000000000002
    endloop
  endfacet
  facet normal 0 -1 0
    outer loop
      vertex 21 5.6 7.090000000000002
      vertex 31 5.6 3.210000000000001
      vertex 31 5.6 7.090000000000002
    endloop
  endfacet
  facet normal 0 1 0
    outer loop
      vertex 21 6 3.210000000000001
      vertex 31 6 7.090000000000002
      vertex 31 6 3.210000000000001
    endloop
  endfacet
  facet normal 1 0 0
    outer loop
      vertex 31 5.6 3.200000000000001
      vertex 31 6 3.200000000000001
      vertex 31 5.6 3.210000000000001
    endloop
  endfacet
  facet normal 1 0 0
    outer loop
      vertex 31 5.6 3.210000000000001
      vertex 31 6 3.200000000000001
      vertex 31 5.6 7.090000000000002
    endloop
  endfacet
  facet normal 1 0 0
    outer loop
      vertex 31 6 3.200000000000001
      vertex 31 6 3.210000000000001
      vertex 31 5.6 7.090000000000002
    endloop
  endfacet
  facet normal 1 0 0
    outer loop
      vertex 31 6 3.210000000000001
      vertex 31 6 7.090000000000002
      vertex 31 5.6 7.090000000000002
    endloop
  endfacet
  facet normal -1 0 0
    outer loop
      vertex 6 5.20952380952381 7.500000000000001
      vertex 6 5.2 7.510000000000002
      vertex 6 5.219047619047619 7.500000000000001
    endloop
  endfacet
  facet normal -1 0 0
    outer loop
      vertex 6 5.2 7.510000000000002
      vertex 6 6 8.5
      vertex 6 6 7.510000000000002
    endloop
  endfacet
  facet normal -1 0 0
    outer loop
      vertex 6 5.2 7.510000000000002
      vertex 6 5.2 8.5
      vertex 6 6 8.5
    endloop
  endfacet
  facet normal 0 -1 0
    outer loop
      vertex 6 5.2 7.510000000000002
      vertex 16 5.2 7.510000000000002
      vertex 6 5.2 8.5
    endloop
  endfacet
  facet normal 0 0 1
    outer loop
      vertex 6 5.2 8.5
      vertex 16 5.2 8.5
      vertex 6 6 8.5
    endloop
  endfacet
  facet normal 0 1 0
    outer loop
      vertex 6 6 7.510000000000002
      vertex 6 6 8.5
      vertex 16 6 8.5
    endloop
  endfacet
  facet normal 0 -1 0
    outer loop
      vertex 6 5.2 8.5
      vertex 16 5.2 7.510000000000002
      vertex 16 5.2 8.5
    endloop
  endfacet
  facet normal 0 0 1
    outer loop
      vertex 6 6 8.5
      vertex 16 5.2 8.5
      vertex 16 6 8.5
    endloop
  endfacet
  facet normal 0 1 0
    outer loop
      vertex 6 6 7.510000000000002
      vertex 16 6 8.5
      vertex 16 6 7.510000000000002
    endloop
  endfacet
  facet normal 1 0 0
    outer loop
      vertex 16 5.20952380952381 7.500000000000001
      vertex 16 5.2 8.5
      vertex 16 5.2 7.510000000000002
    endloop
  endfacet
  facet normal 1 0 0
    outer loop
      vertex 16 5.20952380952381 7.500000000000001
      vertex 16 6 7.500000000000001
      vertex 16 5.2 8.5
    endloop
  endfacet
  facet normal 1 0 0
    outer loop
      vertex 16 5.2 8.5
      vertex 16 6 7.500000000000001
      vertex 16 6 7.510000000000002
    endloop
  endfacet
  facet normal 1 0 0
    outer loop
      vertex 16 5.2 8.5
      vertex 16 6 7.510000000000002
      vertex 16 6 8.5
    endloop
  endfacet
  facet normal -1 0 0
    outer loop
      vertex 21 5.20952380952381 7.500000000000001
      vertex 21 5.2 7.510000000000002
      vertex 21 5.219047619047619 7.500000000000001
    endloop
  endfacet
  facet normal -1 0 0
    outer loop
      vertex 21 5.2 7.510000000000002
      vertex 21 6 8.5
      vertex 21 6 7.510000000000002
    endloop
  endfacet
  facet normal -1 0 0
    outer loop
      vertex 21 5.2 7.510000000000002
      vertex 21 5.2 8.5
      vertex 21 6 8.5
    endloop
  endfacet
  facet normal 0 -1 0
    outer loop
      vertex 21 5.2 7.510000000000002
      vertex 31 5.2 7.510000000000002
      vertex 21 5.2 8.5
    endloop
  endfacet
  facet normal 0 0 1
    outer loop
      vertex 21 5.2 8.5
      vertex 31 5.2 8.5
      vertex 21 6 8.5
    endloop
  endfacet
  facet normal 0 1 0
    outer loop
      vertex 21 6 7.510000000000002
      vertex 21 6 8.5
      vertex 31 6 8.5
    endloop
  endfacet
  facet normal 0 -1 0
    outer loop
      vertex 21 5.2 8.5
      vertex 31 5.2 7.510000000000002
      vertex 31 5.2 8.5
    endloop
  endfacet
  facet normal 0 0 1
    outer loop
      vertex 21 6 8.5
      vertex 31 5.2 8.5
      vertex 31 6 8.5
    endloop
  endfacet
  facet normal 0 1 0
    outer loop
      vertex 21 6 7.510000000000002
      vertex 31 6 8.5
      vertex 31 6 7.510000000000002
    endloop
  endfacet
  facet normal 1 0 0
    outer loop
      vertex 31 5.20952380952381 7.500000000000001
      vertex 31 5.2 8.5
      vertex 31 5.2 7.510000000000002
    endloop
  endfacet
  facet normal 1 0 0
    outer loop
      vertex 31 5.20952380952381 7.500000000000001
      vertex 31 6 7.500000000000001
      vertex 31 5.2 8.5
    endloop
  endfacet
  facet normal 1 0 0
    outer loop
      vertex 31 5.2 8.5
      vertex 31 6 7.500000000000001
      vertex 31 6 7.510000000000002
    endloop
  endfacet
  facet normal 1 0 0
    outer loop
      vertex 31 5.2 8.5
      vertex 31 6 7.510000000000002
      vertex 31 6 8.5
    endloop
  endfacet
  facet normal 0 0 -1
    outer loop
      vertex 6 5.2 8.5
      vertex 6 5.7 8.5
      vertex 9.5 5.7 8.5
    endloop
  endfacet
  facet normal 0 0 -1
    outer loop
      vertex 6 5.2 8.5
      vertex 9.5 5.7 8.5
      vertex 12.5 5.7 8.5
    endloop
  endfacet
  facet normal 0 0 -1
    outer loop
      vertex 6 5.2 8.5
      vertex 12.5 5.7 8.5
      vertex 16 5.7 8.5
    endloop
  endfacet
  facet normal -1 0 0
    outer loop
      vertex 6 5.2 8.5
      vertex 6 5.7 9.9
      vertex 6 5.7 8.5
    endloop
  endfacet
  facet normal -1 0 0
    outer loop
      vertex 6 5.2 8.5
      vertex 6 5.2 9.9
      vertex 6 5.7 9.9
    endloop
  endfacet
  facet normal 0 -1 0
    outer loop
      vertex 6 5.2 8.5
      vertex 9.5 5.2 9.9
      vertex 6 5.2 9.9
    endloop
  endfacet
  facet normal 0 -1 0
    outer loop
      vertex 6 5.2 8.5
      vertex 12.5 5.2 9.9
      vertex 9.5 5.2 9.9
    endloop
  endfacet
  facet normal 0 1 0
    outer loop
      vertex 9.5 5.7 8.5
      vertex 9.5 5.7 9.9
      vertex 12.5 5.7 9.9
    endloop
  endfacet
  facet normal 0 -1 0
    outer loop
      vertex 6 5.2 8.5
      vertex 16 5.2 9.9
      vertex 12.5 5.2 9.9
    endloop
  endfacet
  facet normal 0 1 0
    outer loop
      vertex 9.5 5.7 8.5
      vertex 12.5 5.7 9.9
      vertex 12.5 5.7 8.5
    endloop
  endfacet
  facet normal 0 0 1
    outer loop
      vertex 9.5 5.2 9.9
      vertex 12.5 5.2 9.9
      vertex 9.5 5.7 9.9
    endloop
  endfacet
  facet normal 0 0 1
    outer loop
      vertex 9.5 5.7 9.9
      vertex 12.5 5.2 9.9
      vertex 12.5 5.7 9.9
    endloop
  endfacet
  facet normal 0 0 -1
    outer loop
      vertex 6 5.2 8.5
      vertex 16 5.7 8.5
      vertex 16 5.2 8.5
    endloop
  endfacet
  facet normal 0 -1 0
    outer loop
      vertex 6 5.2 8.5
      vertex 16 5.2 8.5
      vertex 16 5.2 9.9
    endloop
  endfacet
  facet normal 1 0 0
    outer loop
      vertex 16 5.2 8.5
      vertex 16 5.7 8.5
      vertex 16 5.2 9.9
    endloop
  endfacet
  facet normal 1 0 0
    outer loop
      vertex 16 5.7 8.5
      vertex 16 5.7 9.9
      vertex 16 5.2 9.9
    endloop
  endfacet
  facet normal 0 0 -1
    outer loop
      vertex 21 5.2 8.5
      vertex 21 5.7 8.5
      vertex 24.5 5.7 8.5
    endloop
  endfacet
  facet normal -1 0 0
    outer loop
      vertex 21 5.2 8.5
      vertex 21 5.7 9.9
      vertex 21 5.7 8.5
    endloop
  endfacet
  facet normal -1 0 0
    outer loop
      vertex 21 5.2 8.5
      vertex 21 5.2 9.9
      vertex 21 5.7 9.9
    endloop
  endfacet
  facet normal 0 -1 0
    outer loop
      vertex 21 5.2 8.5
      vertex 24.5 5.2 9.9
      vertex 21 5.2 9.9
    endloop
  endfacet
  facet normal 0 0 -1
    outer loop
      vertex 21 5.2 8.5
      vertex 24.5 5.7 8.5
      vertex 27.5 5.7 8.5
    endloop
  endfacet
  facet normal 0 0 -1
    outer loop
      vertex 21 5.2 8.5
      vertex 27.5 5.7 8.5
      vertex 31 5.7 8.5
    endloop
  endfacet
  facet normal 0 0 -1
    outer loop
      vertex 21 5.2 8.5
      vertex 31 5.7 8.5
      vertex 31 5.2 8.5
    endloop
  endfacet
  facet normal 0 -1 0
    outer loop
      vertex 21 5.2 8.5
      vertex 27.5 5.2 9.9
      vertex 24.5 5.2 9.9
    endloop
  endfacet
  facet normal 0 1 0
    outer loop
      vertex 24.5 5.7 8.5
      vertex 24.5 5.7 9.9
      vertex 27.5 5.7 9.9
    endloop
  endfacet
  facet normal 0 -1 0
    outer loop
      vertex 21 5.2 8.5
      vertex 31 5.2 9.9
      vertex 27.5 5.2 9.9
    endloop
  endfacet
  facet normal 0 1 0
    outer loop
      vertex 24.5 5.7 8.5
      vertex 27.5 5.7 9.9
      vertex 27.5 5.7 8.5
    endloop
  endfacet
  facet normal 0 0 1
    outer loop
      vertex 24.5 5.2 9.9
      vertex 27.5 5.2 9.9
      vertex 24.5 5.7 9.9
    endloop
  endfacet
  facet normal 0 0 1
    outer loop
      vertex 24.5 5.7 9.9
      vertex 27.5 5.2 9.9
      vertex 27.5 5.7 9.9
    endloop
  endfacet
  facet normal 0 -1 0
    outer loop
      vertex 21 5.2 8.5
      vertex 31 5.2 8.5
      vertex 31 5.2 9.9
    endloop
  endfacet
  facet normal 1 0 0
    outer loop
      vertex 31 5.2 8.5
      vertex 31 5.7 8.5
      vertex 31 5.2 9.9
    endloop
  endfacet
  facet normal 1 0 0
    outer loop
      vertex 31 5.7 8.5
      vertex 31 5.7 9.9
      vertex 31 5.2 9.9
    endloop
  endfacet
  facet normal -1 0 0
    outer loop
      vertex 6 31.4 2.000000000000001
      vertex 6 31.4 2.790000000000001
      vertex 6 32.199999999999996 2.790000000000001
    endloop
  endfacet
  facet normal -1 0 0
    outer loop
      vertex 6 31.4 2.790000000000001
      vertex 6 31.4 2.8000000000000007
      vertex 6 32.199999999999996 2.8000000000000007
    endloop
  endfacet
  facet normal 0 -1 0
    outer loop
      vertex 6 31.4 2.000000000000001
      vertex 16 31.4 2.000000000000001
      vertex 6 31.4 2.790000000000001
    endloop
  endfacet
  facet normal -1 0 0
    outer loop
      vertex 6 31.4 2.000000000000001
      vertex 6 32.199999999999996 2.790000000000001
      vertex 6 35.399999998509884 2.000000000000001
    endloop
  endfacet
  facet normal -1 0 0
    outer loop
      vertex 6 32.199999999999996 2.790000000000001
      vertex 6 32.199999999999996 2.8000000000000007
      vertex 6 35.399999998509884 2.000000000000001
    endloop
  endfacet
  facet normal -1 0 0
    outer loop
      vertex 6 32.199999999999996 2.8000000000000007
      vertex 6 35.399999998509884 2.8000000000000007
      vertex 6 35.399999998509884 2.000000000000001
    endloop
  endfacet
  facet normal -1 0 0
    outer loop
      vertex 6 37.4 2.000000000000001
      vertex 6 37.399999998509884 2.000000000000001
      vertex 6 37.399999998509884 2.8000000000000007
    endloop
  endfacet
  facet normal -1 0 0
    outer loop
      vertex 6 37.4 2.000000000000001
      vertex 6 37.399999998509884 2.8000000000000007
      vertex 6 37.4 2.8000000000000007
    endloop
  endfacet
  facet normal 0 0 1
    outer loop
      vertex 6 32.199999999999996 2.8000000000000007
      vertex 16 32.199999999999996 2.8000000000000007
      vertex 6 35.399999998509884 2.8000000000000007
    endloop
  endfacet
  facet normal 0 0 -1
    outer loop
      vertex 6 31.4 2.000000000000001
      vertex 6 35.399999998509884 2.000000000000001
      vertex 16 35.399999998509884 2.000000000000001
    endloop
  endfacet
  facet normal 0 0 -1
    outer loop
      vertex 6 37.4 2.000000000000001
      vertex 16 37.4 2.000000000000001
      vertex 6 37.399999998509884 2.000000000000001
    endloop
  endfacet
  facet normal 0 1 0
    outer loop
      vertex 6 37.4 2.000000000000001
      vertex 6 37.4 2.8000000000000007
      vertex 16 37.4 2.000000000000001
    endloop
  endfacet
  facet normal 2.865707671162454e-13 0 1
    outer loop
      vertex 6 37.4 2.8000000000000007
      vertex 6 37.399999998509884 2.8000000000000007
      vertex 16 37.399999998509884 2.799999999997135
    endloop
  endfacet
  facet normal 0 -1 0
    outer loop
      vertex 6 31.4 2.790000000000001
      vertex 16 31.4 2.000000000000001
      vertex 16 31.4 2.790000000000001
    endloop
  endfacet
  facet normal 0 0 -1
    outer loop
      vertex 6 31.4 2.000000000000001
      vertex 16 35.399999998509884 2.000000000000001
      vertex 16 31.4 2.000000000000001
    endloop
  endfacet
  facet normal 0 0 1
    outer loop
      vertex 6 35.399999998509884 2.8000000000000007
      vertex 16 32.199999999999996 2.8000000000000007
      vertex 16 35.399999998509884 2.8000000000000007
    endloop
  endfacet
  facet normal 0 0 -1
    outer loop
      vertex 6 37.399999998509884 2.000000000000001
      vertex 16 37.4 2.000000000000001
      vertex 16 37.399999998509884 2.000000000000001
    endloop
  endfacet
  facet normal 0 1 0
    outer loop
      vertex 6 37.4 2.8000000000000007
      vertex 16 37.4 2.8000000000000007
      vertex 16 37.4 2.000000000000001
    endloop
  endfacet
  facet normal 0 -0.0019231421413755374 0.9999981507604422
    outer loop
      vertex 6 37.4 2.8000000000000007
      vertex 16 37.399999998509884 2.799999999997135
      vertex 16 37.4 2.8000000000000007
    endloop
  endfacet
  facet normal 1 0 0
    outer loop
      vertex 16 31.4 2.000000000000001
      vertex 16 35.399999998509884 2.000000000000001
      vertex 16 31.4 2.790000000000001
    endloop
  endfacet
  facet normal 1 0 0
    outer loop
      vertex 16 31.4 2.790000000000001
      vertex 16 35.399999998509884 2.000000000000001
      vertex 16 32.199999999999996 2.790000000000001
    endloop
  endfacet
  facet normal 1 0 0
    outer loop
      vertex 16 32.199999999999996 2.790000000000001
      vertex 16 35.399999998509884 2.8000000000000007
      vertex 16 32.199999999999996 2.8000000000000007
    endloop
  endfacet
  facet normal 1 0 0
    outer loop
      vertex 16 32.199999999999996 2.790000000000001
      vertex 16 35.399999998509884 2.000000000000001
      vertex 16 35.399999998509884 2.8000000000000007
    endloop
  endfacet
  facet normal 1 0 0
    outer loop
      vertex 16 37.4 2.000000000000001
      vertex 16 37.4 2.8000000000000007
      vertex 16 37.399999998509884 2.000000000000001
    endloop
  endfacet
  facet normal 1 0 0
    outer loop
      vertex 16 37.399999998509884 2.000000000000001
      vertex 16 37.4 2.8000000000000007
      vertex 16 37.399999998509884 2.799999999997135
    endloop
  endfacet
  facet normal -1 0 0
    outer loop
      vertex 21 31.4 2.000000000000001
      vertex 21 31.4 2.790000000000001
      vertex 21 32.199999999999996 2.790000000000001
    endloop
  endfacet
  facet normal -1 0 0
    outer loop
      vertex 21 31.4 2.790000000000001
      vertex 21 31.4 2.8000000000000007
      vertex 21 32.199999999999996 2.8000000000000007
    endloop
  endfacet
  facet normal -1 0 0
    outer loop
      vertex 21 31.4 2.000000000000001
      vertex 21 32.199999999999996 2.790000000000001
      vertex 21 35.399999998509884 2.000000000000001
    endloop
  endfacet
  facet normal -1 0 0
    outer loop
      vertex 21 32.199999999999996 2.790000000000001
      vertex 21 32.199999999999996 2.8000000000000007
      vertex 21 35.399999998509884 2.000000000000001
    endloop
  endfacet
  facet normal -1 0 0
    outer loop
      vertex 21 32.199999999999996 2.8000000000000007
      vertex 21 35.399999998509884 2.8000000000000007
      vertex 21 35.399999998509884 2.000000000000001
    endloop
  endfacet
  facet normal -1 0 0
    outer loop
      vertex 21 37.4 2.000000000000001
      vertex 21 37.399999998509884 2.000000000000001
      vertex 21 37.399999998509884 2.8000000000000007
    endloop
  endfacet
  facet normal -1 0 0
    outer loop
      vertex 21 37.4 2.000000000000001
      vertex 21 37.399999998509884 2.8000000000000007
      vertex 21 37.4 2.8000000000000007
    endloop
  endfacet
  facet normal 0 -1 0
    outer loop
      vertex 21 31.4 2.000000000000001
      vertex 31 31.4 2.000000000000001
      vertex 21 31.4 2.790000000000001
    endloop
  endfacet
  facet normal 0 -1 0
    outer loop
      vertex 21 31.4 2.790000000000001
      vertex 31 31.4 2.000000000000001
      vertex 31 31.4 2.790000000000001
    endloop
  endfacet
  facet normal 0 0 1
    outer loop
      vertex 21 32.199999999999996 2.8000000000000007
      vertex 31 32.199999999999996 2.8000000000000007
      vertex 21 35.399999998509884 2.8000000000000007
    endloop
  endfacet
  facet normal 0 0 -1
    outer loop
      vertex 21 31.4 2.000000000000001
      vertex 21 35.399999998509884 2.000000000000001
      vertex 31 35.399999998509884 2.000000000000001
    endloop
  endfacet
  facet normal 0 0 -1
    outer loop
      vertex 21 37.4 2.000000000000001
      vertex 31 37.4 2.000000000000001
      vertex 21 37.399999998509884 2.000000000000001
    endloop
  endfacet
  facet normal 0 1 0
    outer loop
      vertex 21 37.4 2.000000000000001
      vertex 21 37.4 2.8000000000000007
      vertex 31 37.4 2.000000000000001
    endloop
  endfacet
  facet normal 2.865707671162454e-13 0 1
    outer loop
      vertex 21 37.4 2.8000000000000007
      vertex 21 37.399999998509884 2.8000000000000007
      vertex 31 37.399999998509884 2.799999999997135
    endloop
  endfacet
  facet normal 0 0 -1
    outer loop
      vertex 21 31.4 2.000000000000001
      vertex 31 35.399999998509884 2.000000000000001
      vertex 31 31.4 2.000000000000001
    endloop
  endfacet
  facet normal 0 0 1
    outer loop
      vertex 21 35.399999998509884 2.8000000000000007
      vertex 31 32.199999999999996 2.8000000000000007
      vertex 31 35.399999998509884 2.8000000000000007
    endloop
  endfacet
  facet normal 0 0 -1
    outer loop
      vertex 21 37.399999998509884 2.000000000000001
      vertex 31 37.4 2.000000000000001
      vertex 31 37.399999998509884 2.000000000000001
    endloop
  endfacet
  facet normal 0 1 0
    outer loop
      vertex 21 37.4 2.8000000000000007
      vertex 31 37.4 2.8000000000000007
      vertex 31 37.4 2.000000000000001
    endloop
  endfacet
  facet normal 0 -0.0019231421413755374 0.9999981507604422
    outer loop
      vertex 21 37.4 2.8000000000000007
      vertex 31 37.399999998509884 2.799999999997135
      vertex 31 37.4 2.8000000000000007
    endloop
  endfacet
  facet normal 1 0 0
    outer loop
      vertex 31 31.4 2.000000000000001
      vertex 31 35.399999998509884 2.000000000000001
      vertex 31 31.4 2.790000000000001
    endloop
  endfacet
  facet normal 1 0 0
    outer loop
      vertex 31 31.4 2.790000000000001
      vertex 31 35.399999998509884 2.000000000000001
      vertex 31 32.199999999999996 2.790000000000001
    endloop
  endfacet
  facet normal 1 0 0
    outer loop
      vertex 31 32.199999999999996 2.790000000000001
      vertex 31 35.399999998509884 2.8000000000000007
      vertex 31 32.199999999999996 2.8000000000000007
    endloop
  endfacet
  facet normal 1 0 0
    outer loop
      vertex 31 32.199999999999996 2.790000000000001
      vertex 31 35.399999998509884 2.000000000000001
      vertex 31 35.399999998509884 2.8000000000000007
    endloop
  endfacet
  facet normal 1 0 0
    outer loop
      vertex 31 37.4 2.000000000000001
      vertex 31 37.4 2.8000000000000007
      vertex 31 37.399999998509884 2.000000000000001
    endloop
  endfacet
  facet normal 1 0 0
    outer loop
      vertex 31 37.399999998509884 2.000000000000001
      vertex 31 37.4 2.8000000000000007
      vertex 31 37.399999998509884 2.799999999997135
    endloop
  endfacet
  facet normal -1 0 0
    outer loop
      vertex 6 31.4 3.200000000000001
      vertex 6 31.799999999999997 3.210000000000001
      vertex 6 31.799999999999997 3.200000000000001
    endloop
  endfacet
  facet normal -1 0 0
    outer loop
      vertex 6 31.4 3.200000000000001
      vertex 6 31.4 3.210000000000001
      vertex 6 31.799999999999997 7.090000000000002
    endloop
  endfacet
  facet normal -1 0 0
    outer loop
      vertex 6 31.4 3.210000000000001
      vertex 6 31.4 7.090000000000002
      vertex 6 31.799999999999997 7.090000000000002
    endloop
  endfacet
  facet normal -1 0 0
    outer loop
      vertex 6 31.4 3.200000000000001
      vertex 6 31.799999999999997 7.090000000000002
      vertex 6 31.799999999999997 3.210000000000001
    endloop
  endfacet
  facet normal 0 -1 0
    outer loop
      vertex 6 31.4 3.210000000000001
      vertex 16 31.4 3.210000000000001
      vertex 6 31.4 7.090000000000002
    endloop
  endfacet
  facet normal 0 1 0
    outer loop
      vertex 6 31.799999999999997 3.210000000000001
      vertex 6 31.799999999999997 7.090000000000002
      vertex 16 31.799999999999997 7.090000000000002
    endloop
  endfacet
  facet normal 0 -1 0
    outer loop
      vertex 6 31.4 7.090000000000002
      vertex 16 31.4 3.210000000000001
      vertex 16 31.4 7.090000000000002
    endloop
  endfacet
  facet normal 0 1 0
    outer loop
      vertex 6 31.799999999999997 3.210000000000001
      vertex 16 31.799999999999997 7.090000000000002
      vertex 16 31.799999999999997 3.210000000000001
    endloop
  endfacet
  facet normal 1 0 0
    outer loop
      vertex 16 31.4 3.210000000000001
      vertex 16 31.799999999999997 3.210000000000001
      vertex 16 31.4 7.090000000000002
    endloop
  endfacet
  facet normal 1 0 0
    outer loop
      vertex 16 31.799999999999997 3.210000000000001
      vertex 16 31.419047619047618 7.100000000000001
      vertex 16 31.4 7.090000000000002
    endloop
  endfacet
  facet normal 1 0 0
    outer loop
      vertex 16 31.799999999999997 3.210000000000001
      vertex 16 31.799999999999997 7.090000000000002
      vertex 16 31.419047619047618 7.100000000000001
    endloop
  endfacet
  facet normal 1 0 0
    outer loop
      vertex 16 31.419047619047618 7.100000000000001
      vertex 16 31.799999999999997 7.090000000000002
      vertex 16 31.799999999999997 7.100000000000001
    endloop
  endfacet
  facet normal -1 0 0
    outer loop
      vertex 21 31.4 3.200000000000001
      vertex 21 31.799999999999997 3.210000000000001
      vertex 21 31.799999999999997 3.200000000000001
    endloop
  endfacet
  facet normal -1 0 0
    outer loop
      vertex 21 31.4 3.200000000000001
      vertex 21 31.4 3.210000000000001
      vertex 21 31.799999999999997 7.090000000000002
    endloop
  endfacet
  facet normal -1 0 0
    outer loop
      vertex 21 31.4 3.210000000000001
      vertex 21 31.4 7.090000000000002
      vertex 21 31.799999999999997 7.090000000000002
    endloop
  endfacet
  facet normal -1 0 0
    outer loop
      vertex 21 31.4 3.200000000000001
      vertex 21 31.799999999999997 7.090000000000002
      vertex 21 31.799999999999997 3.210000000000001
    endloop
  endfacet
  facet normal 0 -1 0
    outer loop
      vertex 21 31.4 3.210000000000001
      vertex 31 31.4 3.210000000000001
      vertex 21 31.4 7.090000000000002
    endloop
  endfacet
  facet normal 0 1 0
    outer loop
      vertex 21 31.799999999999997 3.210000000000001
      vertex 21 31.799999999999997 7.090000000000002
      vertex 31 31.799999999999997 7.090000000000002
    endloop
  endfacet
  facet normal 0 -1 0
    outer loop
      vertex 21 31.4 7.090000000000002
      vertex 31 31.4 3.210000000000001
      vertex 31 31.4 7.090000000000002
    endloop
  endfacet
  facet normal 0 1 0
    outer loop
      vertex 21 31.799999999999997 3.210000000000001
      vertex 31 31.799999999999997 7.090000000000002
      vertex 31 31.799999999999997 3.210000000000001
    endloop
  endfacet
  facet normal 1 0 0
    outer loop
      vertex 31 31.4 3.210000000000001
      vertex 31 31.799999999999997 3.210000000000001
      vertex 31 31.4 7.090000000000002
    endloop
  endfacet
  facet normal 1 0 0
    outer loop
      vertex 31 31.799999999999997 3.210000000000001
      vertex 31 31.419047619047618 7.100000000000001
      vertex 31 31.4 7.090000000000002
    endloop
  endfacet
  facet normal 1 0 0
    outer loop
      vertex 31 31.799999999999997 3.210000000000001
      vertex 31 31.799999999999997 7.090000000000002
      vertex 31 31.419047619047618 7.100000000000001
    endloop
  endfacet
  facet normal 1 0 0
    outer loop
      vertex 31 31.419047619047618 7.100000000000001
      vertex 31 31.799999999999997 7.090000000000002
      vertex 31 31.799999999999997 7.100000000000001
    endloop
  endfacet
  facet normal -1 0 0
    outer loop
      vertex 6 31.4 7.500000000000001
      vertex 6 31.4 7.510000000000002
      vertex 6 32.199999999999996 8.5
    endloop
  endfacet
  facet normal -1 0 0
    outer loop
      vertex 6 31.4 7.500000000000001
      vertex 6 32.199999999999996 8.5
      vertex 6 32.19047619047619 7.500000000000001
    endloop
  endfacet
  facet normal -1 0 0
    outer loop
      vertex 6 32.19047619047619 7.500000000000001
      vertex 6 32.199999999999996 8.5
      vertex 6 32.199999999999996 7.510000000000002
    endloop
  endfacet
  facet normal -1 0 0
    outer loop
      vertex 6 31.4 7.510000000000002
      vertex 6 31.4 8.5
      vertex 6 32.199999999999996 8.5
    endloop
  endfacet
  facet normal 0 -1 0
    outer loop
      vertex 6 31.4 7.510000000000002
      vertex 16 31.4 7.510000000000002
      vertex 6 31.4 8.5
    endloop
  endfacet
  facet normal 0 0 1
    outer loop
      vertex 6 31.4 8.5
      vertex 16 31.4 8.5
      vertex 6 32.199999999999996 8.5
    endloop
  endfacet
  facet normal 0 1 0
    outer loop
      vertex 6 32.199999999999996 7.510000000000002
      vertex 6 32.199999999999996 8.5
      vertex 16 32.199999999999996 8.5
    endloop
  endfacet
  facet normal 0 -1 0
    outer loop
      vertex 6 31.4 8.5
      vertex 16 31.4 7.510000000000002
      vertex 16 31.4 8.5
    endloop
  endfacet
  facet normal 0 1 0
    outer loop
      vertex 6 32.199999999999996 7.510000000000002
      vertex 16 32.199999999999996 8.5
      vertex 16 32.199999999999996 7.510000000000002
    endloop
  endfacet
  facet normal 0 0 1
    outer loop
      vertex 6 32.199999999999996 8.5
      vertex 16 31.4 8.5
      vertex 16 32.199999999999996 8.5
    endloop
  endfacet
  facet normal 1 0 0
    outer loop
      vertex 16 31.4 7.510000000000002
      vertex 16 32.199999999999996 7.510000000000002
      vertex 16 31.4 8.5
    endloop
  endfacet
  facet normal 1 0 0
    outer loop
      vertex 16 32.18095238095238 7.500000000000001
      vertex 16 32.19047619047619 7.500000000000001
      vertex 16 32.199999999999996 7.510000000000002
    endloop
  endfacet
  facet normal 1 0 0
    outer loop
      vertex 16 31.4 8.5
      vertex 16 32.199999999999996 7.510000000000002
      vertex 16 32.199999999999996 8.5
    endloop
  endfacet
  facet normal -1 0 0
    outer loop
      vertex 21 31.4 7.500000000000001
      vertex 21 31.4 7.510000000000002
      vertex 21 32.199999999999996 8.5
    endloop
  endfacet
  facet normal -1 0 0
    outer loop
      vertex 21 31.4 7.500000000000001
      vertex 21 32.199999999999996 8.5
      vertex 21 32.19047619047619 7.500000000000001
    endloop
  endfacet
  facet normal -1 0 0
    outer loop
      vertex 21 32.19047619047619 7.500000000000001
      vertex 21 32.199999999999996 8.5
      vertex 21 32.199999999999996 7.510000000000002
    endloop
  endfacet
  facet normal -1 0 0
    outer loop
      vertex 21 31.4 7.510000000000002
      vertex 21 31.4 8.5
      vertex 21 32.199999999999996 8.5
    endloop
  endfacet
  facet normal 0 -1 0
    outer loop
      vertex 21 31.4 7.510000000000002
      vertex 31 31.4 7.510000000000002
      vertex 21 31.4 8.5
    endloop
  endfacet
  facet normal 0 0 1
    outer loop
      vertex 21 31.4 8.5
      vertex 31 31.4 8.5
      vertex 21 32.199999999999996 8.5
    endloop
  endfacet
  facet normal 0 1 0
    outer loop
      vertex 21 32.199999999999996 7.510000000000002
      vertex 21 32.199999999999996 8.5
      vertex 31 32.199999999999996 8.5
    endloop
  endfacet
  facet normal 0 -1 0
    outer loop
      vertex 21 31.4 8.5
      vertex 31 31.4 7.510000000000002
      vertex 31 31.4 8.5
    endloop
  endfacet
  facet normal 0 1 0
    outer loop
      vertex 21 32.199999999999996 7.510000000000002
      vertex 31 32.199999999999996 8.5
      vertex 31 32.199999999999996 7.510000000000002
    endloop
  endfacet
  facet normal 0 0 1
    outer loop
      vertex 21 32.199999999999996 8.5
      vertex 31 31.4 8.5
      vertex 31 32.199999999999996 8.5
    endloop
  endfacet
  facet normal 1 0 0
    outer loop
      vertex 31 31.4 7.510000000000002
      vertex 31 32.199999999999996 7.510000000000002
      vertex 31 31.4 8.5
    endloop
  endfacet
  facet normal 1 0 0
    outer loop
      vertex 31 32.18095238095238 7.500000000000001
      vertex 31 32.19047619047619 7.500000000000001
      vertex 31 32.199999999999996 7.510000000000002
    endloop
  endfacet
  facet normal 1 0 0
    outer loop
      vertex 31 31.4 8.5
      vertex 31 32.199999999999996 7.510000000000002
      vertex 31 32.199999999999996 8.5
    endloop
  endfacet
  facet normal 0 0 -1
    outer loop
      vertex 6 31.7 8.5
      vertex 6 32.199999999999996 8.5
      vertex 16 32.199999999999996 8.5
    endloop
  endfacet
  facet normal 0 0 -1
    outer loop
      vertex 6 31.7 8.5
      vertex 16 32.199999999999996 8.5
      vertex 9.5 31.7 8.5
    endloop
  endfacet
  facet normal -1 0 0
    outer loop
      vertex 6 31.7 8.5
      vertex 6 32.199999999999996 9.9
      vertex 6 32.199999999999996 8.5
    endloop
  endfacet
  facet normal -1 0 0
    outer loop
      vertex 6 31.7 8.5
      vertex 6 31.7 9.9
      vertex 6 32.199999999999996 9.9
    endloop
  endfacet
  facet normal 0 1 0
    outer loop
      vertex 6 32.199999999999996 8.5
      vertex 6 32.199999999999996 9.9
      vertex 16 32.199999999999996 8.5
    endloop
  endfacet
  facet normal 0 -1 0
    outer loop
      vertex 9.5 31.7 8.5
      vertex 12.5 31.7 8.5
      vertex 9.5 31.7 9.9
    endloop
  endfacet
  facet normal 0 1 0
    outer loop
      vertex 6 32.199999999999996 9.9
      vertex 9.5 32.199999999999996 9.9
      vertex 16 32.199999999999996 8.5
    endloop
  endfacet
  facet normal 0 -1 0
    outer loop
      vertex 9.5 31.7 9.9
      vertex 12.5 31.7 8.5
      vertex 12.5 31.7 9.9
    endloop
  endfacet
  facet normal 0 0 1
    outer loop
      vertex 9.5 31.7 9.9
      vertex 12.5 31.7 9.9
      vertex 9.5 32.199999999999996 9.9
    endloop
  endfacet
  facet normal 0 0 1
    outer loop
      vertex 9.5 32.199999999999996 9.9
      vertex 12.5 31.7 9.9
      vertex 12.5 32.199999999999996 9.9
    endloop
  endfacet
  facet normal 0 0 -1
    outer loop
      vertex 9.5 31.7 8.5
      vertex 16 32.199999999999996 8.5
      vertex 12.5 31.7 8.5
    endloop
  endfacet
  facet normal 0 0 -1
    outer loop
      vertex 12.5 31.7 8.5
      vertex 16 32.199999999999996 8.5
      vertex 16 31.7 8.5
    endloop
  endfacet
  facet normal 0 1 0
    outer loop
      vertex 9.5 32.199999999999996 9.9
      vertex 12.5 32.199999999999996 9.9
      vertex 16 32.199999999999996 8.5
    endloop
  endfacet
  facet normal 0 1 0
    outer loop
      vertex 16 32.199999999999996 8.5
      vertex 12.5 32.199999999999996 9.9
      vertex 16 32.199999999999996 9.9
    endloop
  endfacet
  facet normal 1 0 0
    outer loop
      vertex 16 31.7 8.5
      vertex 16 32.199999999999996 8.5
      vertex 16 31.7 9.9
    endloop
  endfacet
  facet normal 1 0 0
    outer loop
      vertex 16 32.199999999999996 8.5
      vertex 16 32.199999999999996 9.9
      vertex 16 31.7 9.9
    endloop
  endfacet
  facet normal -1 0 0
    outer loop
      vertex 21 31.7 8.5
      vertex 21 32.199999999999996 9.9
      vertex 21 32.199999999999996 8.5
    endloop
  endfacet
  facet normal -1 0 0
    outer loop
      vertex 21 31.7 8.5
      vertex 21 31.7 9.9
      vertex 21 32.199999999999996 9.9
    endloop
  endfacet
  facet normal 0 0 -1
    outer loop
      vertex 21 31.7 8.5
      vertex 21 32.199999999999996 8.5
      vertex 31 32.199999999999996 8.5
    endloop
  endfacet
  facet normal 0 0 -1
    outer loop
      vertex 21 31.7 8.5
      vertex 31 32.199999999999996 8.5
      vertex 24.5 31.7 8.5
    endloop
  endfacet
  facet normal 0 0 -1
    outer loop
      vertex 24.5 31.7 8.5
      vertex 31 32.199999999999996 8.5
      vertex 27.5 31.7 8.5
    endloop
  endfacet
  facet normal 0 0 -1
    outer loop
      vertex 27.5 31.7 8.5
      vertex 31 32.199999999999996 8.5
      vertex 31 31.7 8.5
    endloop
  endfacet
  facet normal 0 1 0
    outer loop
      vertex 21 32.199999999999996 8.5
      vertex 21 32.199999999999996 9.9
      vertex 31 32.199999999999996 8.5
    endloop
  endfacet
  facet normal 0 -1 0
    outer loop
      vertex 24.5 31.7 8.5
      vertex 27.5 31.7 8.5
      vertex 24.5 31.7 9.9
    endloop
  endfacet
  facet normal 0 1 0
    outer loop
      vertex 21 32.199999999999996 9.9
      vertex 24.5 32.199999999999996 9.9
      vertex 31 32.199999999999996 8.5
    endloop
  endfacet
  facet normal 0 -1 0
    outer loop
      vertex 27.5 31.7 8.5
      vertex 27.5 31.7 9.9
      vertex 24.5 31.7 9.9
    endloop
  endfacet
  facet normal 0 0 1
    outer loop
      vertex 24.5 31.7 9.9
      vertex 27.5 31.7 9.9
      vertex 24.5 32.199999999999996 9.9
    endloop
  endfacet
  facet normal 0 0 1
    outer loop
      vertex 24.5 32.199999999999996 9.9
      vertex 27.5 31.7 9.9
      vertex 27.5 32.199999999999996 9.9
    endloop
  endfacet
  facet normal 0 1 0
    outer loop
      vertex 24.5 32.199999999999996 9.9
      vertex 27.5 32.199999999999996 9.9
      vertex 31 32.199999999999996 8.5
    endloop
  endfacet
  facet normal 0 1 0
    outer loop
      vertex 27.5 32.199999999999996 9.9
      vertex 31 32.199999999999996 9.9
      vertex 31 32.199999999999996 8.5
    endloop
  endfacet
  facet normal 1 0 0
    outer loop
      vertex 31 31.7 8.5
      vertex 31 32.199999999999996 8.5
      vertex 31 31.7 9.9
    endloop
  endfacet
  facet normal 1 0 0
    outer loop
      vertex 31 32.199999999999996 8.5
      vertex 31 32.199999999999996 9.9
      vertex 31 31.7 9.9
    endloop
  endfacet
endsolid OpenSCAD_Model
